transaction_id,customer_id,account_id,transaction_type,amount,transaction_date,status
T00001,156,655,Deposit,50509.01,2025-06-24,Pending
T00002,429,251,Withdrawal,698550.1,2023-03-26,Completed
T00003,202,693,Deposit,1181189.78,2022-11-12,Completed
T00004,481,31,Deposit,437666.63,2023-12-06,Failed
T00005,294,617,Deposit,1122709.5,2023-10-20,Failed
T00006,224,666,Bill Payment,22122.02,2023-09-16,Failed
T00007,3,285,Deposit,1517735.33,2023-05-09,Completed
T00008,117,433,Transfer,833975.09,2023-03-13,Completed
T00009,288,345,Deposit,185945.31,2025-08-21,Completed
T00010,185,368,Transfer,1811376.23,2025-01-29,Completed
T00011,82,471,Deposit,1946244.97,2023-02-17,Pending
T00012,192,81,Transfer,2488299.29,2025-04-09,Failed
T00013,440,371,Withdrawal,3523154.61,2024-07-21,Completed
T00014,498,678,Withdrawal,3865568.64,2022-11-23,Completed
T00015,124,239,Deposit,760562.39,2022-11-20,Pending
T00016,358,651,Transfer,488380.96,2023-02-27,Pending
T00017,35,215,Transfer,2105610.03,2023-09-09,Failed
T00018,38,664,Deposit,1218457.45,2023-10-01,Completed
T00019,198,547,Withdrawal,817849.07,2024-11-28,Pending
T00020,361,277,Withdrawal,3423386.64,2025-04-27,Completed
T00021,123,235,Deposit,1610189.08,2022-11-15,Pending
T00022,479,275,Deposit,422360.2,2025-02-22,Failed
T00023,223,323,Withdrawal,3277537.89,2023-08-09,Pending
T00024,67,659,Bill Payment,14372.87,2025-07-10,Completed
T00025,327,253,Transfer,2241167.93,2025-09-28,Pending
T00026,59,598,Bill Payment,36263.44,2025-01-28,Completed
T00027,422,522,Bill Payment,9181.85,2024-07-17,Completed
T00028,177,113,Withdrawal,3137602.76,2023-09-12,Failed
T00029,117,433,Deposit,769842.24,2024-09-01,Failed
T00030,431,480,Transfer,2913249.59,2025-04-07,Completed
T00031,433,697,Deposit,1363579.88,2023-12-11,Failed
T00032,344,274,Transfer,335100.74,2022-10-15,Pending
T00033,131,162,Bill Payment,424.21,2023-06-10,Failed
T00034,112,270,Withdrawal,2538900.69,2025-09-23,Completed
T00035,174,641,Transfer,2525087.21,2024-07-22,Failed
T00036,204,624,Withdrawal,765043.5,2024-03-16,Completed
T00037,73,553,Deposit,1198089.7,2023-12-10,Pending
T00038,492,20,Deposit,1858232.68,2023-06-03,Pending
T00039,470,246,Deposit,482122.75,2023-09-04,Failed
T00040,192,81,Deposit,1463949.24,2024-03-10,Completed
T00041,312,546,Withdrawal,642828.93,2023-03-12,Pending
T00042,88,563,Withdrawal,1326018.09,2023-02-26,Failed
T00043,254,434,Withdrawal,4644638.55,2024-05-17,Failed
T00044,86,206,Transfer,1197277.4,2023-03-04,Failed
T00045,224,666,Transfer,1314581.2,2024-04-14,Failed
T00046,437,463,Deposit,496187.27,2024-03-22,Completed
T00047,17,347,Deposit,1176823.28,2025-04-29,Completed
T00048,386,603,Withdrawal,36947,2023-11-19,Failed
T00049,234,647,Deposit,458269.1,2022-12-11,Completed
T00050,3,339,Deposit,1028555.16,2024-09-17,Pending
T00051,119,686,Bill Payment,21502.26,2025-01-15,Completed
T00052,454,585,Bill Payment,24375.42,2023-04-16,Pending
T00053,401,417,Withdrawal,472534.66,2024-05-15,Failed
T00054,60,442,Transfer,1271024.08,2023-02-04,Pending
T00055,62,56,Deposit,121695.04,2025-02-08,Failed
T00056,28,348,Deposit,497688.34,2024-01-03,Completed
T00057,434,550,Bill Payment,14104.21,2025-06-07,Completed
T00058,499,286,Bill Payment,25055.66,2025-05-22,Completed
T00059,135,454,Deposit,101651.36,2024-04-18,Failed
T00060,296,16,Deposit,1852770.78,2025-03-19,Completed
T00061,496,171,Bill Payment,48615.55,2023-07-30,Completed
T00062,29,411,Deposit,329691.92,2025-10-03,Completed
T00063,157,400,Transfer,2779590.96,2023-01-21,Pending
T00064,217,293,Bill Payment,69689.49,2022-12-15,Failed
T00065,325,570,Bill Payment,15564.2,2025-07-28,Pending
T00066,259,223,Deposit,1158570.99,2023-09-24,Failed
T00067,26,63,Transfer,171967.24,2023-12-28,Failed
T00068,90,489,Withdrawal,285341.02,2023-02-05,Failed
T00069,175,83,Withdrawal,343538.14,2023-10-01,Completed
T00070,497,692,Withdrawal,2019473.98,2023-03-10,Failed
T00071,327,253,Deposit,1238953.33,2024-05-17,Pending
T00072,62,674,Transfer,2804151.42,2023-12-10,Completed
T00073,119,686,Transfer,716438.51,2024-09-08,Pending
T00074,274,135,Transfer,1371945.11,2025-06-18,Completed
T00075,213,10,Bill Payment,62153.81,2024-04-23,Failed
T00076,481,103,Deposit,1075499.99,2023-06-14,Failed
T00077,270,272,Withdrawal,4666363.63,2024-05-02,Completed
T00078,429,251,Transfer,855319.68,2024-04-08,Pending
T00079,414,557,Transfer,1835227.46,2023-08-26,Failed
T00080,56,542,Deposit,1335892.48,2025-08-11,Failed
T00081,261,307,Deposit,1877890.54,2023-11-23,Completed
T00082,104,271,Deposit,1779480.56,2025-09-29,Failed
T00083,214,567,Withdrawal,1362468.71,2025-08-31,Failed
T00084,184,216,Transfer,611190.14,2025-07-07,Failed
T00085,104,271,Bill Payment,25187.01,2023-01-23,Completed
T00086,127,95,Bill Payment,82951.87,2025-05-08,Completed
T00087,400,4,Transfer,2313472.11,2025-06-17,Failed
T00088,75,269,Withdrawal,3706413.31,2023-06-27,Failed
T00089,357,438,Deposit,224191.82,2025-01-11,Failed
T00090,266,153,Deposit,1669272.74,2023-10-20,Failed
T00091,43,566,Withdrawal,2149503.78,2023-06-15,Completed
T00092,157,316,Transfer,2696994.98,2024-09-22,Completed
T00093,47,367,Withdrawal,3410651.37,2024-05-16,Failed
T00094,73,106,Transfer,2340458.67,2023-11-28,Pending
T00095,462,636,Withdrawal,4628893.35,2025-06-25,Completed
T00096,199,167,Withdrawal,4407199.61,2025-09-08,Completed
T00097,474,184,Transfer,2347268.3,2025-02-16,Pending
T00098,119,686,Withdrawal,1334761.74,2023-09-11,Failed
T00099,267,111,Bill Payment,87229.46,2025-09-02,Pending
T00100,133,228,Withdrawal,4083116.44,2024-02-20,Pending
T00101,162,359,Transfer,2461698.87,2022-12-30,Completed
T00102,68,229,Deposit,1320236.35,2023-09-25,Pending
T00103,364,337,Transfer,2593126.65,2022-11-23,Pending
T00104,466,360,Bill Payment,67983.86,2024-02-07,Failed
T00105,132,340,Deposit,231125.83,2024-06-19,Pending
T00106,332,183,Transfer,115252.46,2023-11-24,Failed
T00107,339,445,Transfer,2185770.91,2023-01-15,Pending
T00108,198,447,Deposit,770698.27,2023-08-28,Failed
T00109,367,195,Transfer,133637.41,2025-03-04,Pending
T00110,216,2,Withdrawal,1821743.14,2024-02-05,Completed
T00111,150,681,Transfer,1869654.65,2023-08-31,Failed
T00112,206,128,Transfer,1521613.95,2025-07-19,Failed
T00113,256,419,Transfer,1207499.96,2024-11-18,Pending
T00114,351,568,Withdrawal,960008.62,2024-06-10,Failed
T00115,41,389,Withdrawal,3077959.06,2025-06-29,Pending
T00116,72,416,Deposit,608097.96,2024-09-16,Completed
T00117,419,441,Transfer,1395232.08,2023-05-14,Pending
T00118,497,692,Withdrawal,2556358.81,2023-11-20,Failed
T00119,388,174,Deposit,567930.92,2023-05-09,Failed
T00120,194,649,Transfer,280614.91,2023-10-23,Completed
T00121,227,689,Transfer,674309.68,2025-02-23,Completed
T00122,474,151,Deposit,92904.33,2025-01-19,Pending
T00123,29,626,Deposit,911104.63,2023-11-17,Failed
T00124,437,590,Withdrawal,3592011.23,2025-03-31,Pending
T00125,45,507,Bill Payment,24474.05,2024-07-31,Failed
T00126,196,6,Deposit,1556951.6,2025-03-29,Completed
T00127,416,181,Bill Payment,5116.82,2024-06-16,Completed
T00128,8,125,Bill Payment,13420.58,2024-04-19,Pending
T00129,441,684,Transfer,2850143.81,2023-09-10,Pending
T00130,214,628,Bill Payment,83073.86,2023-05-07,Failed
T00131,181,457,Withdrawal,3718533.56,2024-12-04,Pending
T00132,494,461,Transfer,2255454.47,2024-11-09,Failed
T00133,313,284,Bill Payment,62712.17,2023-02-23,Pending
T00134,243,451,Deposit,1427232.95,2022-12-17,Completed
T00135,318,279,Transfer,959468.85,2023-03-24,Failed
T00136,175,83,Withdrawal,755002.46,2023-05-30,Pending
T00137,491,157,Withdrawal,322080.02,2025-06-05,Pending
T00138,3,339,Bill Payment,41635.85,2023-06-10,Completed
T00139,440,431,Bill Payment,90493.36,2025-08-27,Failed
T00140,282,21,Bill Payment,47750.28,2024-07-21,Pending
T00141,416,306,Bill Payment,85359.45,2025-04-18,Pending
T00142,192,552,Withdrawal,2441659.16,2023-01-11,Pending
T00143,198,447,Bill Payment,2999.58,2024-05-24,Pending
T00144,72,685,Bill Payment,72445.72,2024-05-19,Pending
T00145,199,131,Deposit,1813904.26,2025-04-17,Failed
T00146,454,578,Deposit,168352.95,2024-10-01,Pending
T00147,424,139,Bill Payment,18254.73,2025-01-03,Pending
T00148,41,389,Transfer,635375.02,2023-10-30,Pending
T00149,135,346,Bill Payment,27897.84,2025-02-10,Pending
T00150,336,259,Deposit,940878.52,2022-10-22,Failed
T00151,73,553,Deposit,1999815.7,2025-08-26,Pending
T00152,414,230,Deposit,1562575.48,2023-03-31,Failed
T00153,447,42,Deposit,1899248.66,2025-08-29,Completed
T00154,282,21,Withdrawal,1193486.16,2025-01-16,Pending
T00155,119,686,Deposit,1128157.18,2023-11-23,Completed
T00156,62,477,Transfer,2300810.85,2025-06-26,Completed
T00157,166,621,Deposit,1555694.88,2024-03-16,Completed
T00158,234,319,Deposit,1157580.12,2023-03-27,Pending
T00159,437,590,Bill Payment,39725.78,2024-01-03,Failed
T00160,394,204,Deposit,1184399.67,2024-08-10,Failed
T00161,459,249,Deposit,1394537.41,2023-06-07,Pending
T00162,170,615,Deposit,1592556.32,2024-09-08,Failed
T00163,38,43,Transfer,1598469.36,2022-10-10,Failed
T00164,388,380,Deposit,1012168.6,2023-11-18,Pending
T00165,201,13,Bill Payment,82250.86,2024-11-20,Completed
T00166,199,444,Transfer,1906937.53,2023-07-09,Pending
T00167,491,157,Bill Payment,17696.08,2024-12-01,Failed
T00168,132,667,Transfer,1847929.11,2023-03-19,Failed
T00169,51,496,Bill Payment,43613.89,2025-06-02,Failed
T00170,305,607,Transfer,967252.6,2024-01-11,Completed
T00171,241,89,Transfer,2644952.74,2025-06-23,Completed
T00172,434,476,Bill Payment,33706.02,2024-12-01,Pending
T00173,164,333,Withdrawal,2438262.11,2025-05-08,Pending
T00174,173,265,Transfer,839335.63,2023-08-09,Failed
T00175,473,283,Deposit,1033496.19,2023-05-30,Completed
T00176,380,88,Withdrawal,3600653.25,2024-05-07,Pending
T00177,280,569,Withdrawal,3453356.09,2023-06-12,Failed
T00178,143,503,Bill Payment,79313.99,2025-01-19,Completed
T00179,216,302,Withdrawal,2022601.24,2025-01-05,Completed
T00180,183,314,Transfer,1420044.84,2022-10-05,Failed
T00181,467,353,Bill Payment,99663.48,2025-04-22,Failed
T00182,3,339,Transfer,2108713.4,2024-02-20,Pending
T00183,183,314,Transfer,691998.85,2024-11-02,Failed
T00184,220,198,Transfer,359104.45,2022-11-04,Failed
T00185,490,190,Withdrawal,1082706.81,2023-03-27,Pending
T00186,313,284,Transfer,2941541.64,2024-04-20,Completed
T00187,47,304,Withdrawal,1805044.46,2024-01-25,Pending
T00188,168,15,Withdrawal,1372282.32,2023-10-11,Completed
T00189,214,567,Transfer,2092403.47,2023-01-02,Completed
T00190,123,654,Bill Payment,10348.51,2023-10-14,Completed
T00191,477,588,Transfer,1408456.14,2025-03-04,Pending
T00192,340,349,Withdrawal,4827522.72,2023-02-04,Pending
T00193,297,490,Deposit,1644320.23,2023-02-15,Pending
T00194,267,504,Deposit,1154253.8,2024-10-28,Failed
T00195,242,55,Withdrawal,746838.72,2023-01-20,Failed
T00196,115,312,Deposit,1987839.29,2025-01-09,Completed
T00197,128,572,Bill Payment,60671.13,2023-04-18,Failed
T00198,240,232,Bill Payment,45106.4,2023-04-22,Pending
T00199,477,305,Bill Payment,30607.49,2025-07-25,Failed
T00200,393,62,Deposit,1895206.61,2024-10-12,Completed
T00201,174,641,Withdrawal,1323965.98,2025-02-05,Completed
T00202,103,161,Withdrawal,869893.93,2023-06-18,Completed
T00203,103,161,Deposit,817330.89,2023-11-20,Failed
T00204,301,609,Bill Payment,29196.8,2025-01-01,Completed
T00205,184,296,Transfer,2109111.18,2025-05-04,Pending
T00206,321,73,Withdrawal,4619631.31,2024-07-23,Failed
T00207,286,604,Withdrawal,2126269.69,2023-08-30,Failed
T00208,481,231,Withdrawal,4542148.81,2025-01-19,Completed
T00209,74,74,Deposit,332262.62,2025-09-10,Pending
T00210,7,610,Transfer,1317740.77,2023-08-13,Pending
T00211,115,312,Bill Payment,94273.36,2024-02-01,Failed
T00212,73,553,Bill Payment,43832.11,2024-06-15,Failed
T00213,39,41,Bill Payment,73479.94,2025-08-13,Failed
T00214,54,257,Deposit,183108.11,2025-07-10,Failed
T00215,437,590,Deposit,1999145.05,2024-05-07,Failed
T00216,426,276,Deposit,1526336.45,2024-08-15,Completed
T00217,57,482,Bill Payment,91615.67,2024-12-17,Completed
T00218,59,600,Bill Payment,63514.99,2024-09-05,Pending
T00219,89,94,Bill Payment,34861.31,2023-04-10,Pending
T00220,322,329,Deposit,1715537.32,2023-10-25,Pending
T00221,71,422,Bill Payment,28892.96,2023-09-19,Pending
T00222,261,564,Deposit,909924.4,2023-01-12,Pending
T00223,336,259,Transfer,348206.84,2024-03-13,Pending
T00224,398,527,Deposit,1315491.94,2022-11-06,Failed
T00225,285,474,Bill Payment,5514.99,2025-04-05,Failed
T00226,440,371,Bill Payment,62578.33,2025-02-11,Completed
T00227,280,209,Transfer,1647884.31,2023-09-27,Pending
T00228,193,449,Bill Payment,12230.47,2025-04-06,Failed
T00229,204,624,Withdrawal,3549204.34,2023-09-12,Pending
T00230,69,565,Deposit,1104726.69,2022-10-16,Completed
T00231,481,231,Deposit,923165.06,2023-01-23,Completed
T00232,38,664,Withdrawal,2492379.15,2025-06-11,Failed
T00233,233,299,Transfer,1246763.28,2023-01-04,Pending
T00234,310,484,Withdrawal,2284475.58,2023-09-25,Completed
T00235,259,393,Withdrawal,4609418.88,2023-01-17,Failed
T00236,440,140,Deposit,552856.68,2022-11-22,Pending
T00237,340,349,Transfer,2461738.14,2024-03-01,Pending
T00238,416,306,Bill Payment,86539.53,2023-01-23,Pending
T00239,192,552,Bill Payment,34577.88,2024-12-11,Failed
T00240,414,557,Bill Payment,45588.93,2023-10-09,Pending
T00241,19,194,Withdrawal,2859416.41,2023-12-11,Completed
T00242,299,421,Deposit,636693.57,2025-08-09,Pending
T00243,188,391,Bill Payment,98842.56,2024-10-28,Failed
T00244,305,156,Bill Payment,96485.96,2023-09-02,Completed
T00245,318,515,Transfer,2609166.09,2025-01-19,Pending
T00246,481,103,Bill Payment,1633.23,2023-04-28,Completed
T00247,45,420,Withdrawal,375066.41,2025-03-10,Pending
T00248,17,347,Bill Payment,65018.68,2025-03-18,Pending
T00249,22,691,Bill Payment,95418.55,2024-10-08,Failed
T00250,425,500,Deposit,1235110.19,2023-10-17,Completed
T00251,234,647,Transfer,2992279.06,2024-10-08,Failed
T00252,387,93,Bill Payment,97835.94,2024-06-28,Failed
T00253,481,103,Bill Payment,16719.84,2023-07-27,Pending
T00254,421,30,Deposit,649087.15,2023-02-28,Completed
T00255,132,301,Transfer,1124835.85,2023-03-04,Completed
T00256,429,251,Bill Payment,56636.21,2025-07-24,Completed
T00257,166,175,Withdrawal,395762.78,2024-08-04,Pending
T00258,245,635,Withdrawal,2488838.59,2024-04-07,Failed
T00259,189,147,Withdrawal,2306288.42,2024-07-24,Pending
T00260,82,471,Transfer,2000688.73,2024-07-04,Pending
T00261,379,295,Withdrawal,370235.64,2024-09-29,Pending
T00262,273,602,Transfer,1916996.64,2022-12-28,Pending
T00263,54,257,Bill Payment,84545.86,2025-08-16,Completed
T00264,102,394,Bill Payment,10754.66,2025-07-16,Pending
T00265,328,586,Transfer,1724648.38,2025-07-04,Failed
T00266,427,303,Deposit,1955900,2023-03-06,Failed
T00267,10,406,Transfer,24789.85,2023-01-07,Failed
T00268,429,51,Bill Payment,83300.61,2024-06-21,Pending
T00269,320,236,Transfer,657404.11,2024-03-15,Completed
T00270,462,636,Transfer,2033454.49,2023-03-23,Failed
T00271,196,676,Withdrawal,3141612.27,2023-10-26,Failed
T00272,74,662,Deposit,618211.3,2023-07-29,Pending
T00273,253,35,Transfer,2197213.12,2023-07-27,Completed
T00274,427,303,Transfer,2242568.85,2025-01-15,Completed
T00275,86,206,Withdrawal,3932777.54,2024-08-31,Pending
T00276,433,544,Transfer,2491502.62,2023-05-10,Pending
T00277,37,494,Transfer,2239804.77,2024-07-21,Pending
T00278,247,118,Bill Payment,96293.04,2023-07-17,Completed
T00279,240,232,Bill Payment,96730.25,2023-12-11,Failed
T00280,173,375,Deposit,1581468.6,2024-09-22,Completed
T00281,104,271,Deposit,909844.66,2023-10-28,Failed
T00282,227,689,Transfer,1753887.99,2023-01-30,Failed
T00283,196,381,Deposit,1349835.69,2024-08-23,Pending
T00284,48,26,Transfer,2745810.1,2025-02-05,Completed
T00285,38,664,Deposit,1270990.14,2023-03-06,Pending
T00286,262,310,Bill Payment,11755.93,2022-12-22,Completed
T00287,83,39,Transfer,2987784.16,2025-07-14,Completed
T00288,218,100,Withdrawal,4436409.28,2025-01-21,Completed
T00289,190,398,Bill Payment,37164.05,2022-10-27,Failed
T00290,498,554,Bill Payment,58775.3,2023-02-26,Failed
T00291,483,159,Bill Payment,65526.7,2023-10-07,Pending
T00292,261,631,Bill Payment,93911.4,2023-06-20,Pending
T00293,156,34,Transfer,652200.42,2024-06-27,Pending
T00294,219,242,Transfer,298514.2,2024-10-28,Failed
T00295,217,377,Transfer,182119.99,2024-10-21,Pending
T00296,367,195,Deposit,1898047.07,2023-09-02,Pending
T00297,89,94,Withdrawal,3208880.63,2024-06-18,Failed
T00298,138,22,Deposit,1573695.78,2023-01-04,Completed
T00299,362,129,Withdrawal,343982.15,2023-06-17,Failed
T00300,1,213,Withdrawal,4065451.85,2024-05-15,Completed
T00301,364,337,Withdrawal,3943430.13,2022-10-08,Failed
T00302,137,3,Transfer,2575289.18,2024-06-02,Completed
T00303,243,134,Transfer,2395642.21,2023-11-20,Completed
T00304,163,677,Deposit,264040.56,2024-09-10,Pending
T00305,493,244,Transfer,47835.36,2023-12-22,Pending
T00306,433,54,Withdrawal,3708848.57,2024-07-23,Failed
T00307,297,117,Deposit,952753.81,2025-09-21,Pending
T00308,320,526,Deposit,904284.84,2025-02-14,Completed
T00309,39,630,Deposit,1454622.37,2025-07-29,Failed
T00310,338,534,Transfer,1374398.55,2024-10-30,Completed
T00311,26,63,Bill Payment,84745.12,2023-06-02,Pending
T00312,267,111,Bill Payment,71268.89,2023-07-26,Pending
T00313,371,76,Deposit,644562.58,2024-01-08,Completed
T00314,189,68,Withdrawal,1375804.98,2023-09-08,Failed
T00315,59,600,Transfer,1143022.74,2023-01-03,Failed
T00316,433,544,Transfer,1361419.4,2025-03-22,Failed
T00317,419,441,Deposit,1586295.64,2025-01-24,Completed
T00318,13,671,Withdrawal,2150919.64,2023-01-07,Completed
T00319,423,424,Transfer,2482343.96,2024-02-04,Pending
T00320,327,426,Deposit,625440.43,2023-01-01,Pending
T00321,74,682,Transfer,1123215.92,2022-12-21,Completed
T00322,262,486,Deposit,182903.96,2025-03-30,Completed
T00323,119,96,Bill Payment,9746.79,2024-10-14,Failed
T00324,231,382,Withdrawal,2782297.31,2024-11-24,Failed
T00325,214,576,Transfer,2010204.79,2025-01-07,Pending
T00326,132,363,Bill Payment,86822.41,2023-06-06,Failed
T00327,79,53,Transfer,1801430.07,2023-01-01,Pending
T00328,196,107,Withdrawal,774496.15,2024-12-01,Pending
T00329,414,230,Deposit,700552.93,2023-02-06,Failed
T00330,217,377,Deposit,1525329.96,2023-07-20,Failed
T00331,240,232,Bill Payment,84531,2023-01-19,Failed
T00332,382,629,Deposit,1218185.33,2025-04-16,Failed
T00333,344,274,Deposit,361241.94,2023-01-18,Failed
T00334,207,317,Transfer,1053394.75,2025-08-18,Completed
T00335,189,147,Bill Payment,7051.58,2023-10-05,Failed
T00336,194,649,Deposit,183969.49,2024-06-23,Failed
T00337,384,221,Bill Payment,42041.27,2023-04-09,Pending
T00338,131,162,Transfer,935256.29,2025-03-07,Pending
T00339,8,582,Deposit,1766742.7,2023-10-22,Completed
T00340,131,162,Deposit,1348100.44,2025-03-22,Pending
T00341,135,454,Bill Payment,48617.6,2025-04-15,Pending
T00342,162,425,Transfer,647099.11,2022-12-05,Failed
T00343,297,117,Transfer,1290025.94,2025-05-24,Pending
T00344,248,695,Bill Payment,52740.72,2023-02-09,Pending
T00345,324,47,Withdrawal,1976921.72,2024-07-17,Failed
T00346,241,57,Deposit,409244.04,2025-07-22,Completed
T00347,299,141,Transfer,868696.67,2025-03-29,Completed
T00348,56,8,Bill Payment,74726.71,2025-03-01,Completed
T00349,397,133,Bill Payment,53304.98,2024-12-25,Completed
T00350,135,513,Transfer,216690.45,2024-02-08,Failed
T00351,259,44,Bill Payment,1972.28,2023-11-14,Completed
T00352,476,321,Bill Payment,57382.63,2023-08-18,Failed
T00353,90,656,Bill Payment,29022.57,2025-08-10,Pending
T00354,138,22,Transfer,516033.61,2024-02-05,Failed
T00355,372,472,Transfer,264845.58,2023-10-10,Completed
T00356,452,250,Bill Payment,58928.24,2023-11-21,Failed
T00357,192,81,Bill Payment,87065.39,2024-06-10,Failed
T00358,28,348,Withdrawal,1666010.04,2023-04-26,Completed
T00359,259,79,Deposit,1061444.34,2025-08-13,Completed
T00360,35,358,Transfer,2182273.63,2025-07-03,Failed
T00361,430,152,Withdrawal,514919.83,2024-01-14,Pending
T00362,142,203,Withdrawal,3012392.53,2024-09-14,Failed
T00363,404,78,Withdrawal,4756509.41,2024-02-08,Failed
T00364,58,506,Bill Payment,75469.14,2023-01-25,Failed
T00365,290,460,Transfer,2592808.5,2022-10-19,Failed
T00366,89,324,Withdrawal,2199374.32,2024-09-15,Pending
T00367,401,453,Transfer,2389090.87,2025-05-26,Failed
T00368,41,58,Transfer,1522256.99,2025-02-25,Pending
T00369,325,473,Bill Payment,3856.96,2023-03-09,Pending
T00370,394,294,Deposit,1289510.61,2023-01-26,Completed
T00371,39,630,Bill Payment,46324.89,2025-01-17,Failed
T00372,38,43,Bill Payment,90914.09,2023-09-01,Failed
T00373,327,668,Withdrawal,1608312.29,2024-11-28,Pending
T00374,492,514,Withdrawal,4788654.07,2023-11-20,Pending
T00375,73,106,Transfer,2947165.55,2023-04-28,Completed
T00376,151,517,Withdrawal,196671.49,2024-03-30,Failed
T00377,193,449,Bill Payment,52454.45,2023-01-19,Failed
T00378,100,163,Transfer,1118869.52,2023-10-19,Pending
T00379,296,397,Bill Payment,77469.03,2024-05-01,Failed
T00380,219,613,Deposit,1578559.25,2023-12-21,Failed
T00381,230,343,Deposit,659716.66,2023-06-07,Failed
T00382,248,695,Bill Payment,28486.28,2024-08-15,Failed
T00383,445,673,Withdrawal,1667476.82,2025-01-25,Failed
T00384,341,680,Withdrawal,4583815.53,2025-10-01,Pending
T00385,96,672,Bill Payment,12982.27,2024-01-17,Failed
T00386,315,87,Transfer,1676986.75,2025-05-12,Failed
T00387,364,337,Withdrawal,3350911.88,2025-07-16,Failed
T00388,347,540,Deposit,1292226.63,2025-01-03,Pending
T00389,250,521,Transfer,55182.5,2022-10-17,Pending
T00390,387,185,Withdrawal,1709319.99,2025-08-07,Pending
T00391,379,197,Withdrawal,4999883.13,2025-02-12,Completed
T00392,226,80,Transfer,2533362.95,2024-01-13,Completed
T00393,282,520,Deposit,1324027.51,2025-07-31,Failed
T00394,274,135,Bill Payment,15509.85,2023-03-14,Completed
T00395,189,640,Withdrawal,3606193.81,2023-05-01,Completed
T00396,299,421,Transfer,2029250.59,2023-11-19,Completed
T00397,134,455,Transfer,2257297.3,2023-04-02,Pending
T00398,235,240,Withdrawal,1548030.01,2023-03-20,Pending
T00399,93,199,Transfer,2035081.32,2025-02-10,Failed
T00400,181,452,Bill Payment,76966.91,2023-06-03,Pending
T00401,318,515,Bill Payment,96630.19,2023-12-02,Completed
T00402,194,620,Withdrawal,4365136.6,2023-12-16,Completed
T00403,223,657,Bill Payment,87424.28,2025-05-01,Failed
T00404,73,106,Deposit,570483.5,2023-08-28,Completed
T00405,499,280,Bill Payment,90540.09,2024-03-20,Completed
T00406,388,448,Deposit,1892853.32,2023-08-17,Completed
T00407,477,462,Transfer,2791450.55,2025-09-06,Pending
T00408,242,55,Bill Payment,50250.51,2025-06-16,Completed
T00409,455,396,Deposit,750137.89,2023-11-19,Completed
T00410,7,327,Deposit,1678432.99,2024-11-28,Failed
T00411,376,344,Withdrawal,688860.34,2024-11-01,Pending
T00412,310,484,Withdrawal,3794446.93,2023-10-30,Pending
T00413,290,460,Deposit,1811762.05,2022-12-22,Completed
T00414,13,263,Withdrawal,4174980.53,2023-02-25,Failed
T00415,204,624,Bill Payment,11207.57,2025-06-16,Pending
T00416,493,244,Transfer,365984.11,2024-07-24,Completed
T00417,60,430,Bill Payment,6374.43,2023-12-08,Pending
T00418,360,612,Deposit,1264093.91,2022-12-12,Failed
T00419,111,248,Withdrawal,1457068.67,2022-10-10,Completed
T00420,39,630,Transfer,722072.43,2024-03-06,Pending
T00421,35,192,Deposit,1047207.37,2023-04-26,Pending
T00422,151,70,Deposit,781212.24,2025-06-20,Pending
T00423,118,45,Bill Payment,98105.84,2023-11-15,Pending
T00424,251,17,Transfer,2365665.79,2023-06-13,Pending
T00425,356,247,Deposit,1543117,2024-08-21,Failed
T00426,70,341,Withdrawal,222634.11,2025-02-08,Failed
T00427,17,347,Withdrawal,4152087.9,2024-07-30,Failed
T00428,434,476,Bill Payment,63210.41,2025-02-22,Completed
T00429,55,65,Bill Payment,3794.68,2022-10-20,Completed
T00430,118,45,Withdrawal,4429066.14,2023-03-27,Pending
T00431,191,318,Bill Payment,98913.36,2023-01-29,Failed
T00432,108,485,Transfer,110344,2025-09-12,Failed
T00433,405,196,Transfer,1071244.04,2023-05-24,Completed
T00434,96,672,Transfer,820013.21,2025-01-29,Pending
T00435,388,448,Bill Payment,74356.44,2022-11-29,Pending
T00436,28,348,Withdrawal,2481519.93,2024-04-30,Pending
T00437,217,377,Transfer,2403543.69,2025-03-27,Failed
T00438,11,435,Deposit,861499,2025-02-09,Completed
T00439,441,559,Transfer,963973.68,2023-05-23,Completed
T00440,218,336,Transfer,919834.32,2024-08-02,Failed
T00441,86,437,Withdrawal,3449134.28,2023-04-20,Pending
T00442,402,458,Deposit,1453765.38,2022-12-08,Pending
T00443,39,630,Bill Payment,27528.08,2024-01-26,Completed
T00444,355,77,Bill Payment,36394.78,2024-04-23,Failed
T00445,394,696,Withdrawal,4763994.19,2022-12-05,Completed
T00446,100,623,Bill Payment,3576.42,2024-04-12,Completed
T00447,219,242,Transfer,1086770.67,2023-08-27,Failed
T00448,156,34,Withdrawal,3395631.22,2025-08-29,Pending
T00449,196,381,Bill Payment,76332.14,2023-10-27,Failed
T00450,299,141,Transfer,1194403.12,2025-08-06,Failed
T00451,499,286,Withdrawal,4802639.74,2023-03-13,Completed
T00452,263,191,Bill Payment,51822.75,2024-04-06,Failed
T00453,71,121,Transfer,2325005.97,2025-02-20,Failed
T00454,181,457,Withdrawal,4981829.2,2024-06-27,Pending
T00455,143,503,Withdrawal,614064.47,2025-05-26,Completed
T00456,437,463,Withdrawal,4493496.47,2023-06-02,Pending
T00457,178,90,Transfer,2003685.45,2023-10-07,Failed
T00458,26,67,Transfer,2674049.38,2023-06-14,Completed
T00459,123,654,Withdrawal,3968688.22,2023-07-07,Failed
T00460,414,230,Deposit,1970272.53,2024-07-06,Completed
T00461,477,243,Bill Payment,2725.77,2022-11-12,Failed
T00462,291,587,Transfer,1402483.81,2023-07-10,Failed
T00463,397,133,Deposit,131963.34,2024-03-04,Pending
T00464,250,491,Bill Payment,76939.54,2024-07-05,Failed
T00465,371,76,Withdrawal,4861926.28,2025-08-10,Failed
T00466,371,76,Bill Payment,46636.74,2023-10-25,Failed
T00467,467,353,Withdrawal,4389922.8,2023-11-23,Failed
T00468,90,656,Withdrawal,3839140.41,2023-06-09,Completed
T00469,199,444,Deposit,1662865.92,2025-09-28,Failed
T00470,491,157,Transfer,494388.91,2023-03-21,Pending
T00471,481,231,Transfer,2842475.67,2024-05-21,Failed
T00472,149,291,Deposit,501585.32,2022-12-04,Failed
T00473,69,565,Transfer,375948.3,2024-10-05,Pending
T00474,39,630,Deposit,1005395,2023-09-15,Completed
T00475,305,607,Withdrawal,856831.91,2023-08-11,Failed
T00476,194,620,Transfer,2527668.75,2024-09-19,Failed
T00477,38,43,Deposit,162905.1,2024-03-31,Failed
T00478,357,591,Transfer,1953564.37,2024-01-22,Failed
T00479,404,427,Deposit,996327.1,2023-09-23,Failed
T00480,441,559,Transfer,1925900.91,2023-09-16,Pending
T00481,474,495,Withdrawal,4023636.08,2022-11-10,Failed
T00482,72,416,Transfer,1360905.63,2025-07-26,Failed
T00483,393,62,Withdrawal,2198587.89,2023-08-01,Pending
T00484,434,476,Withdrawal,1701622.65,2024-06-14,Completed
T00485,476,321,Transfer,2202732.16,2024-02-26,Pending
T00486,69,409,Withdrawal,3803564.31,2023-12-11,Failed
T00487,214,576,Deposit,638572.21,2023-01-20,Pending
T00488,42,126,Transfer,1349063.24,2023-12-12,Completed
T00489,218,100,Deposit,580778.9,2024-04-02,Pending
T00490,261,631,Bill Payment,24902.2,2025-06-27,Completed
T00491,218,336,Transfer,569907.39,2024-12-04,Completed
T00492,494,511,Bill Payment,49926.09,2024-06-16,Pending
T00493,466,510,Deposit,180553.17,2025-08-25,Pending
T00494,376,518,Bill Payment,96671.99,2025-01-14,Completed
T00495,59,598,Transfer,146450.07,2024-03-02,Pending
T00496,45,507,Bill Payment,28646.26,2022-11-16,Completed
T00497,267,111,Bill Payment,13480.1,2023-04-02,Pending
T00498,173,375,Bill Payment,36657.14,2023-11-14,Pending
T00499,79,53,Withdrawal,1813256.36,2023-07-09,Pending
T00500,371,76,Bill Payment,50475.13,2025-03-24,Failed
T00501,71,287,Deposit,257762.45,2023-11-21,Completed
T00502,484,404,Transfer,2384794.24,2022-12-03,Pending
T00503,128,572,Transfer,2265018.03,2023-03-22,Completed
T00504,294,617,Bill Payment,50057.78,2025-04-18,Completed
T00505,20,40,Withdrawal,3568245.64,2024-08-10,Pending
T00506,193,532,Bill Payment,14979.17,2024-03-25,Failed
T00507,153,144,Transfer,2794140.52,2024-02-04,Pending
T00508,199,167,Bill Payment,99062.51,2024-08-12,Failed
T00509,261,307,Transfer,1522191.3,2025-05-03,Failed
T00510,312,546,Bill Payment,70903.11,2024-12-07,Pending
T00511,73,487,Deposit,737031.44,2023-04-02,Failed
T00512,177,113,Bill Payment,58411.84,2024-05-25,Failed
T00513,273,645,Deposit,1194020.78,2025-03-18,Pending
T00514,96,672,Withdrawal,3607279.16,2023-07-27,Failed
T00515,230,492,Withdrawal,2621637.43,2023-11-04,Failed
T00516,245,635,Bill Payment,14862.79,2022-12-12,Failed
T00517,459,249,Deposit,1145354.26,2024-08-12,Failed
T00518,177,113,Withdrawal,95667.9,2022-10-07,Pending
T00519,375,429,Withdrawal,2065387.59,2024-12-20,Completed
T00520,299,421,Bill Payment,87294.49,2025-01-18,Failed
T00521,98,64,Withdrawal,2593897.37,2025-09-05,Failed
T00522,164,333,Bill Payment,52595.17,2025-08-11,Pending
T00523,259,178,Bill Payment,91221.2,2023-08-07,Pending
T00524,267,560,Transfer,2027767.8,2024-04-22,Failed
T00525,420,698,Transfer,1830424.7,2024-08-04,Completed
T00526,327,253,Transfer,1674480.91,2023-01-21,Completed
T00527,477,305,Transfer,2114850.36,2025-08-01,Failed
T00528,334,501,Transfer,1439670.37,2024-02-29,Failed
T00529,265,281,Transfer,366061.38,2025-05-30,Failed
T00530,414,557,Bill Payment,89586.47,2024-02-04,Pending
T00531,170,354,Withdrawal,1452972.81,2025-07-31,Pending
T00532,192,81,Transfer,2772066.89,2023-04-16,Failed
T00533,13,263,Bill Payment,21477.28,2024-01-14,Failed
T00534,24,278,Transfer,412250.23,2024-11-30,Failed
T00535,267,601,Withdrawal,1213047.73,2024-01-28,Failed
T00536,433,544,Withdrawal,3190084.92,2025-08-05,Completed
T00537,481,103,Bill Payment,33096.33,2024-06-30,Pending
T00538,481,103,Withdrawal,26902.05,2024-02-23,Failed
T00539,131,162,Bill Payment,65323.99,2024-06-21,Pending
T00540,90,489,Withdrawal,3779799.39,2025-09-22,Pending
T00541,322,329,Transfer,1937870.8,2024-01-07,Completed
T00542,327,668,Withdrawal,2676226.23,2025-02-12,Failed
T00543,83,39,Withdrawal,2090007.03,2023-04-20,Completed
T00544,29,38,Bill Payment,78817.27,2023-07-30,Completed
T00545,25,297,Deposit,19029.7,2024-07-19,Failed
T00546,426,618,Deposit,1856945.46,2025-08-02,Pending
T00547,287,292,Bill Payment,98911.04,2024-05-15,Failed
T00548,245,537,Bill Payment,88937.07,2025-08-22,Completed
T00549,151,517,Bill Payment,27356.42,2023-07-02,Completed
T00550,3,339,Withdrawal,3655865.05,2025-05-18,Failed
T00551,182,264,Withdrawal,71406.89,2025-03-07,Pending
T00552,427,303,Withdrawal,878299.07,2024-01-15,Failed
T00553,72,416,Bill Payment,51576.54,2024-06-26,Completed
T00554,29,411,Deposit,369970.01,2025-02-02,Completed
T00555,90,489,Transfer,2807508.25,2022-10-05,Completed
T00556,169,268,Bill Payment,23628.57,2024-01-20,Pending
T00557,135,338,Transfer,1747591.02,2023-12-24,Failed
T00558,122,12,Transfer,1961223.26,2023-08-27,Failed
T00559,219,242,Deposit,1335738.34,2024-08-02,Pending
T00560,181,315,Withdrawal,2027677.65,2025-03-23,Failed
T00561,234,319,Deposit,1277603.29,2025-05-04,Pending
T00562,217,377,Withdrawal,1096423.88,2025-07-18,Completed
T00563,297,490,Withdrawal,2275438.39,2024-02-17,Failed
T00564,82,383,Bill Payment,70223.88,2024-09-26,Pending
T00565,388,551,Withdrawal,3809536.24,2024-08-21,Failed
T00566,357,611,Deposit,1051250.56,2024-08-21,Failed
T00567,440,371,Deposit,1834530.79,2025-08-19,Completed
T00568,98,64,Withdrawal,2863935.67,2023-09-01,Completed
T00569,296,169,Transfer,2563530.78,2024-12-07,Pending
T00570,446,120,Withdrawal,3584872.91,2024-10-09,Pending
T00571,89,94,Bill Payment,80888.34,2023-06-25,Pending
T00572,358,136,Bill Payment,45734.17,2025-07-24,Completed
T00573,7,573,Bill Payment,67309.49,2023-02-13,Pending
T00574,49,23,Bill Payment,25520.28,2023-12-19,Completed
T00575,489,224,Deposit,91056.96,2024-12-13,Pending
T00576,59,66,Deposit,1869198.31,2025-08-01,Completed
T00577,310,484,Deposit,574537.87,2025-06-14,Completed
T00578,424,139,Bill Payment,37508.65,2025-05-23,Pending
T00579,290,460,Bill Payment,37626.99,2024-03-08,Failed
T00580,498,678,Withdrawal,3268016.96,2023-02-27,Pending
T00581,199,122,Withdrawal,4964241.03,2023-10-04,Pending
T00582,56,542,Withdrawal,3639562.85,2025-08-15,Completed
T00583,400,4,Deposit,1956992.12,2024-01-30,Pending
T00584,299,690,Bill Payment,53240.17,2023-09-18,Completed
T00585,159,254,Bill Payment,34681.36,2023-08-10,Pending
T00586,19,194,Deposit,64918.52,2023-05-21,Failed
T00587,60,430,Deposit,481712.26,2022-11-11,Completed
T00588,247,104,Deposit,893158.91,2022-12-15,Failed
T00589,270,50,Withdrawal,3702964.85,2023-10-20,Pending
T00590,318,450,Withdrawal,2699259.28,2024-10-12,Completed
T00591,153,144,Transfer,702867.47,2025-05-11,Failed
T00592,437,590,Transfer,1732635.71,2023-01-26,Failed
T00593,322,329,Withdrawal,1509520.41,2024-09-11,Completed
T00594,163,677,Withdrawal,2068387.47,2024-07-09,Pending
T00595,26,63,Withdrawal,3130339.7,2025-06-09,Pending
T00596,325,570,Bill Payment,4783.72,2025-03-17,Pending
T00597,67,659,Bill Payment,78601.88,2023-08-03,Pending
T00598,404,427,Bill Payment,15006.84,2025-09-20,Pending
T00599,16,189,Bill Payment,24172.72,2024-05-23,Completed
T00600,457,308,Withdrawal,4029075.02,2024-11-10,Completed
T00601,214,576,Bill Payment,96781.84,2024-06-16,Failed
T00602,403,543,Withdrawal,1942706.82,2023-10-19,Pending
T00603,280,209,Transfer,1940294.2,2023-05-22,Pending
T00604,388,380,Deposit,1071503.25,2025-07-20,Completed
T00605,79,53,Transfer,1131815.34,2025-09-07,Failed
T00606,426,618,Deposit,1747304.11,2022-10-13,Completed
T00607,273,602,Withdrawal,2397491.64,2023-03-19,Pending
T00608,458,311,Deposit,424009.64,2024-07-26,Completed
T00609,71,121,Bill Payment,91452.69,2023-09-09,Failed
T00610,333,619,Withdrawal,1983763.67,2023-07-05,Completed
T00611,43,566,Transfer,2326653.89,2025-09-20,Pending
T00612,250,478,Transfer,925612.64,2024-12-17,Pending
T00613,320,526,Bill Payment,46653.81,2024-09-25,Failed
T00614,185,481,Transfer,2743034.33,2022-12-22,Pending
T00615,476,321,Bill Payment,4666.97,2025-02-16,Completed
T00616,239,150,Deposit,521917.83,2023-10-27,Failed
T00617,406,594,Bill Payment,29589.71,2023-04-11,Completed
T00618,135,338,Withdrawal,1899819.03,2024-09-13,Completed
T00619,253,512,Transfer,772351.61,2023-04-30,Pending
T00620,246,658,Bill Payment,46136.82,2024-09-25,Failed
T00621,228,361,Withdrawal,700652.68,2025-08-07,Failed
T00622,334,501,Withdrawal,4584580.05,2025-01-07,Failed
T00623,246,658,Deposit,1048126.86,2025-02-19,Completed
T00624,72,685,Deposit,1528795.52,2025-04-17,Pending
T00625,299,141,Withdrawal,340771.74,2024-02-09,Completed
T00626,213,10,Withdrawal,2529158.87,2024-08-22,Pending
T00627,393,62,Bill Payment,65962.51,2025-05-13,Completed
T00628,480,7,Bill Payment,1283.91,2024-11-27,Failed
T00629,67,282,Transfer,51919.22,2024-07-28,Failed
T00630,22,691,Bill Payment,80636.15,2025-02-02,Completed
T00631,393,110,Deposit,1049008.61,2024-08-27,Completed
T00632,379,197,Transfer,2445735.56,2023-06-09,Pending
T00633,430,407,Deposit,746416.64,2024-10-11,Pending
T00634,82,471,Withdrawal,4951174.93,2024-09-03,Completed
T00635,457,308,Deposit,1307644.57,2023-11-11,Failed
T00636,315,33,Deposit,810853.96,2023-10-24,Pending
T00637,43,566,Bill Payment,5705.88,2025-06-21,Completed
T00638,22,176,Deposit,999966.86,2023-12-09,Pending
T00639,481,661,Transfer,1697786.96,2024-12-22,Completed
T00640,378,541,Deposit,459918.11,2024-10-26,Failed
T00641,497,581,Bill Payment,27182.4,2025-06-04,Completed
T00642,422,288,Deposit,359119.33,2023-10-11,Pending
T00643,251,17,Withdrawal,2935593.48,2023-12-05,Failed
T00644,287,408,Deposit,598904.14,2024-08-18,Failed
T00645,356,247,Bill Payment,67735.79,2023-02-02,Failed
T00646,132,340,Bill Payment,75585.37,2023-12-22,Completed
T00647,192,81,Transfer,161562.45,2023-10-04,Pending
T00648,139,238,Deposit,681515.2,2023-12-01,Failed
T00649,7,610,Bill Payment,96895.16,2024-03-09,Pending
T00650,481,31,Transfer,2350752.64,2024-02-13,Pending
T00651,143,503,Withdrawal,1779700.18,2025-01-21,Pending
T00652,483,443,Withdrawal,3398794.6,2023-02-07,Failed
T00653,346,390,Deposit,1544448.72,2023-05-07,Pending
T00654,327,253,Deposit,164535,2023-05-27,Completed
T00655,346,390,Withdrawal,3698536.79,2023-09-29,Pending
T00656,188,370,Deposit,183495.1,2024-05-22,Pending
T00657,472,456,Transfer,2284158.8,2025-09-17,Completed
T00658,358,136,Deposit,375189.87,2023-05-30,Pending
T00659,463,571,Bill Payment,10418.96,2023-09-02,Completed
T00660,132,363,Deposit,1194050.65,2023-01-12,Pending
T00661,363,395,Deposit,584048.78,2024-07-10,Pending
T00662,315,87,Withdrawal,2860230.19,2024-06-29,Completed
T00663,346,390,Withdrawal,695061.45,2024-03-02,Pending
T00664,479,275,Bill Payment,14678.89,2025-01-24,Completed
T00665,37,446,Transfer,1263596.47,2024-09-27,Pending
T00666,259,79,Transfer,755473.36,2024-07-11,Completed
T00667,174,641,Bill Payment,59421.26,2023-01-09,Completed
T00668,409,469,Deposit,271411.31,2023-08-22,Completed
T00669,10,406,Transfer,2524919.35,2024-07-18,Pending
T00670,135,338,Bill Payment,33540.15,2024-06-01,Failed
T00671,301,609,Withdrawal,1502875.99,2025-03-30,Failed
T00672,86,206,Bill Payment,31486.91,2025-09-19,Pending
T00673,7,327,Transfer,2204755.66,2022-11-04,Failed
T00674,143,503,Withdrawal,1630105.3,2025-03-17,Pending
T00675,188,403,Transfer,342106.53,2024-05-17,Failed
T00676,462,205,Withdrawal,3408881.45,2024-10-14,Failed
T00677,251,28,Bill Payment,94303.19,2022-10-14,Completed
T00678,193,449,Transfer,2493929.79,2024-04-03,Completed
T00679,256,419,Bill Payment,14003.99,2024-01-11,Pending
T00680,111,248,Transfer,1976159.57,2024-06-01,Failed
T00681,254,434,Bill Payment,7489.12,2024-07-16,Failed
T00682,250,491,Bill Payment,53483.3,2025-01-18,Failed
T00683,375,429,Deposit,1581546.47,2025-01-30,Pending
T00684,434,550,Deposit,219184.17,2025-04-29,Completed
T00685,62,674,Transfer,499432.31,2023-09-12,Failed
T00686,14,46,Bill Payment,96684.43,2024-11-01,Pending
T00687,419,441,Deposit,21590.27,2023-09-10,Pending
T00688,133,228,Withdrawal,2229446.98,2023-12-02,Pending
T00689,53,475,Withdrawal,1725491.97,2024-08-12,Completed
T00690,474,495,Deposit,591216.72,2024-10-28,Completed
T00691,482,119,Withdrawal,1742294.93,2022-11-19,Pending
T00692,450,467,Withdrawal,2606053.03,2024-05-31,Pending
T00693,48,488,Deposit,876612.79,2024-03-10,Failed
T00694,249,464,Transfer,201989.43,2025-08-09,Completed
T00695,247,118,Deposit,1698435.43,2025-08-25,Failed
T00696,374,112,Withdrawal,4649682.31,2024-06-24,Failed
T00697,452,250,Withdrawal,2759999.54,2023-06-18,Pending
T00698,396,574,Bill Payment,95850.42,2024-09-30,Completed
T00699,195,415,Withdrawal,932748.24,2023-04-21,Failed
T00700,483,443,Bill Payment,3016.31,2025-05-28,Failed
T00701,142,203,Bill Payment,59261.1,2025-01-11,Pending
T00702,286,5,Withdrawal,1029716.61,2022-11-15,Failed
T00703,55,65,Deposit,1599104.96,2024-06-08,Failed
T00704,35,192,Transfer,978291.74,2025-04-11,Pending
T00705,297,117,Transfer,2012268.93,2025-02-27,Pending
T00706,378,541,Transfer,1791114,2025-07-30,Failed
T00707,265,402,Deposit,696175.31,2022-11-16,Pending
T00708,122,633,Withdrawal,4068877.53,2023-02-12,Failed
T00709,477,305,Deposit,1344384.11,2025-06-29,Pending
T00710,71,121,Withdrawal,1527594.63,2024-07-31,Completed
T00711,82,383,Withdrawal,2554613.52,2023-05-03,Pending
T00712,357,611,Withdrawal,2874455.42,2024-09-21,Pending
T00713,263,191,Bill Payment,63586.61,2023-07-14,Failed
T00714,481,661,Withdrawal,2775007.97,2022-12-22,Pending
T00715,184,296,Withdrawal,936305.8,2023-11-13,Pending
T00716,245,635,Deposit,1731111.7,2024-05-15,Completed
T00717,393,497,Withdrawal,976447.33,2024-02-25,Pending
T00718,214,576,Bill Payment,40972.52,2023-08-29,Pending
T00719,327,426,Bill Payment,48921.08,2024-09-10,Completed
T00720,256,579,Deposit,1591863.84,2024-02-24,Completed
T00721,382,300,Deposit,550068.41,2024-03-12,Failed
T00722,184,296,Withdrawal,3903920.25,2024-05-15,Failed
T00723,324,508,Deposit,1145641.75,2023-12-11,Pending
T00724,414,557,Transfer,1626359.12,2024-07-20,Completed
T00725,181,452,Withdrawal,4948888.86,2023-10-31,Completed
T00726,241,670,Withdrawal,1489246.97,2023-02-09,Completed
T00727,494,461,Transfer,1046056.64,2024-10-04,Completed
T00728,318,450,Deposit,1551375.48,2022-11-04,Completed
T00729,35,215,Transfer,2583215.56,2025-01-19,Failed
T00730,317,648,Bill Payment,16681.56,2022-12-24,Completed
T00731,300,212,Withdrawal,4027397.03,2024-03-31,Failed
T00732,466,360,Transfer,1790774.63,2023-09-18,Completed
T00733,220,332,Transfer,868355.06,2025-07-10,Pending
T00734,398,527,Deposit,271610.02,2023-01-19,Pending
T00735,341,61,Transfer,2601209.25,2025-07-13,Completed
T00736,358,136,Withdrawal,732070.97,2022-12-06,Pending
T00737,159,254,Bill Payment,48996.93,2022-11-22,Failed
T00738,317,648,Transfer,1883624.56,2023-10-24,Pending
T00739,437,463,Deposit,1267438.71,2023-08-10,Completed
T00740,448,413,Transfer,2084263.5,2022-11-05,Pending
T00741,376,466,Bill Payment,32796.2,2025-05-27,Completed
T00742,119,96,Bill Payment,63520.57,2023-05-29,Failed
T00743,47,367,Deposit,1591458.01,2023-10-10,Pending
T00744,489,224,Bill Payment,82502.28,2023-04-19,Pending
T00745,479,275,Transfer,2485116.68,2024-10-09,Pending
T00746,79,561,Withdrawal,2831144.41,2025-08-09,Pending
T00747,235,352,Deposit,92362.88,2023-03-31,Failed
T00748,82,471,Deposit,248912.24,2025-02-27,Completed
T00749,181,452,Bill Payment,167.53,2023-09-08,Pending
T00750,132,208,Withdrawal,4410856.67,2024-09-26,Pending
T00751,100,163,Transfer,280473.28,2025-09-25,Pending
T00752,54,257,Deposit,744001.61,2023-11-07,Failed
T00753,497,170,Deposit,792984.96,2024-04-30,Pending
T00754,235,240,Bill Payment,65582.97,2023-06-22,Failed
T00755,156,98,Deposit,427235.64,2025-05-03,Completed
T00756,358,136,Withdrawal,2597701.83,2025-05-05,Pending
T00757,213,10,Deposit,1391346.42,2023-03-31,Completed
T00758,117,433,Withdrawal,2389023.51,2023-06-16,Completed
T00759,259,393,Deposit,1461661.38,2024-01-31,Completed
T00760,73,106,Transfer,1103001.29,2023-03-21,Pending
T00761,299,141,Bill Payment,77368.7,2025-03-21,Completed
T00762,223,657,Withdrawal,342989.63,2022-11-13,Failed
T00763,84,9,Withdrawal,2201057,2024-02-01,Failed
T00764,121,219,Withdrawal,4599550.73,2025-03-17,Failed
T00765,135,454,Withdrawal,434353.48,2025-08-22,Completed
T00766,153,144,Deposit,1179353.05,2024-05-10,Pending
T00767,466,360,Bill Payment,31518.92,2024-06-12,Completed
T00768,159,254,Transfer,1934039.39,2023-08-09,Completed
T00769,214,567,Transfer,2337019.47,2023-01-31,Failed
T00770,251,28,Transfer,616734.43,2025-04-11,Failed
T00771,422,522,Withdrawal,3739470.36,2025-09-11,Pending
T00772,74,662,Deposit,1567711.3,2025-06-05,Completed
T00773,45,507,Bill Payment,11363.09,2023-10-17,Pending
T00774,123,654,Deposit,1056808.86,2023-03-12,Completed
T00775,188,370,Transfer,396382.65,2025-09-22,Failed
T00776,440,431,Transfer,1639295.49,2024-01-16,Completed
T00777,476,483,Deposit,33870.46,2025-09-01,Completed
T00778,168,15,Transfer,647620.94,2025-04-24,Completed
T00779,287,408,Transfer,1885897.8,2023-04-11,Failed
T00780,327,426,Bill Payment,70210.88,2025-03-02,Completed
T00781,90,656,Withdrawal,1388061.21,2022-12-07,Pending
T00782,192,81,Withdrawal,4871592.61,2024-03-27,Completed
T00783,434,550,Transfer,1172499.14,2025-01-09,Failed
T00784,224,666,Deposit,620683.9,2024-07-31,Pending
T00785,234,245,Deposit,489337.27,2025-07-28,Pending
T00786,482,119,Bill Payment,61268.45,2024-05-02,Completed
T00787,207,317,Withdrawal,598095.59,2023-01-20,Failed
T00788,299,141,Deposit,328083.35,2024-11-28,Pending
T00789,457,536,Transfer,501305.38,2025-07-06,Completed
T00790,426,276,Deposit,1542974.87,2024-03-18,Completed
T00791,376,344,Bill Payment,27270.86,2022-10-24,Completed
T00792,112,270,Deposit,992547.06,2024-07-18,Failed
T00793,121,369,Deposit,999470.21,2024-11-04,Failed
T00794,496,171,Transfer,472351.29,2023-03-17,Completed
T00795,477,588,Deposit,457194.64,2024-08-08,Failed
T00796,137,3,Deposit,1717448.67,2024-04-19,Completed
T00797,429,251,Deposit,943793.3,2025-06-18,Pending
T00798,378,154,Withdrawal,4655869.23,2024-09-18,Completed
T00799,214,567,Bill Payment,22529.08,2023-05-30,Completed
T00800,404,427,Transfer,814138.25,2024-08-11,Completed
T00801,328,586,Transfer,358643.09,2023-07-05,Failed
T00802,433,54,Withdrawal,1116702.12,2024-12-23,Failed
T00803,97,48,Bill Payment,6985.75,2025-07-11,Pending
T00804,288,290,Transfer,982239.11,2023-11-28,Failed
T00805,68,468,Deposit,738154.26,2025-05-18,Pending
T00806,454,578,Transfer,2218858.17,2025-01-18,Completed
T00807,434,476,Transfer,1775276.96,2024-10-25,Pending
T00808,70,201,Withdrawal,753681.32,2024-09-26,Pending
T00809,226,25,Withdrawal,2708184.45,2024-08-11,Failed
T00810,213,10,Transfer,4885.39,2025-04-12,Failed
T00811,145,386,Transfer,312295.08,2023-11-25,Failed
T00812,493,244,Bill Payment,49253.68,2024-02-17,Completed
T00813,200,146,Transfer,279533.4,2023-10-21,Completed
T00814,472,533,Bill Payment,70114.61,2023-02-16,Pending
T00815,297,470,Deposit,1161750.87,2023-12-12,Failed
T00816,223,137,Bill Payment,7575.57,2024-09-04,Failed
T00817,98,64,Bill Payment,66278.15,2023-10-18,Completed
T00818,477,243,Transfer,783342.32,2024-09-25,Pending
T00819,188,403,Transfer,954514.13,2025-03-08,Pending
T00820,235,240,Deposit,1887137.59,2025-05-10,Completed
T00821,429,599,Deposit,311243.4,2025-08-07,Completed
T00822,494,461,Bill Payment,31471.93,2024-05-15,Completed
T00823,207,549,Transfer,2893921.85,2024-03-10,Completed
T00824,437,463,Transfer,1390308.11,2022-11-18,Completed
T00825,387,93,Withdrawal,4038176.93,2024-11-10,Pending
T00826,426,618,Deposit,430434.07,2024-02-21,Pending
T00827,430,152,Deposit,1422459.22,2023-07-14,Pending
T00828,10,406,Deposit,1354528.16,2024-10-31,Pending
T00829,82,179,Deposit,1904217.17,2023-08-30,Pending
T00830,325,570,Withdrawal,474531.66,2024-04-08,Completed
T00831,153,144,Deposit,24407.87,2023-11-10,Completed
T00832,243,134,Withdrawal,4118543.4,2024-03-16,Pending
T00833,282,646,Deposit,1164856.44,2023-12-13,Pending
T00834,355,77,Deposit,1994324.27,2025-04-18,Completed
T00835,74,662,Bill Payment,80948.94,2025-09-28,Completed
T00836,132,340,Deposit,85871.29,2023-12-08,Pending
T00837,397,52,Withdrawal,4620734.5,2025-02-14,Pending
T00838,473,405,Bill Payment,3045.28,2022-10-20,Failed
T00839,86,437,Withdrawal,1770362.32,2024-12-15,Completed
T00840,67,282,Transfer,1338311.29,2023-07-28,Completed
T00841,32,36,Withdrawal,3236744.72,2023-02-14,Pending
T00842,71,422,Bill Payment,6191.81,2023-10-14,Pending
T00843,259,393,Withdrawal,2096754.87,2024-06-27,Failed
T00844,296,539,Withdrawal,3154141.19,2024-11-01,Failed
T00845,492,20,Bill Payment,78213.39,2025-02-13,Pending
T00846,230,492,Bill Payment,34469.01,2023-10-13,Failed
T00847,318,515,Transfer,1165449.63,2025-09-11,Completed
T00848,98,27,Transfer,1791550.5,2024-10-13,Completed
T00849,422,288,Deposit,1617403.44,2025-07-04,Pending
T00850,403,543,Transfer,2300643.08,2024-11-05,Completed
T00851,476,164,Deposit,496090.18,2024-08-31,Completed
T00852,334,273,Deposit,1528217.42,2022-10-31,Completed
T00853,437,590,Bill Payment,35544.98,2023-02-26,Completed
T00854,416,181,Withdrawal,2963005.03,2024-01-05,Failed
T00855,185,368,Deposit,1407054.04,2023-09-14,Pending
T00856,8,582,Withdrawal,2815981.35,2024-06-24,Completed
T00857,188,505,Transfer,527082.52,2025-09-13,Completed
T00858,387,93,Deposit,465630.4,2023-10-17,Completed
T00859,282,21,Bill Payment,168.28,2024-01-23,Failed
T00860,92,207,Withdrawal,1704454.46,2025-08-01,Completed
T00861,220,332,Deposit,44314.84,2025-03-26,Failed
T00862,200,146,Deposit,1693038.53,2024-04-30,Pending
T00863,265,75,Transfer,2113761.76,2024-10-09,Failed
T00864,10,406,Deposit,673453.86,2025-02-10,Pending
T00865,440,140,Withdrawal,3662027.78,2025-01-06,Pending
T00866,156,655,Bill Payment,64953.11,2024-03-22,Completed
T00867,214,576,Transfer,670100.02,2024-07-26,Failed
T00868,385,180,Bill Payment,30751.64,2025-02-05,Failed
T00869,216,302,Withdrawal,889363.73,2024-03-01,Completed
T00870,291,587,Bill Payment,85090.62,2024-04-03,Failed
T00871,156,34,Withdrawal,3012340.95,2025-09-30,Failed
T00872,250,227,Deposit,1873407.24,2024-09-08,Completed
T00873,132,340,Deposit,476372.85,2023-11-29,Pending
T00874,344,172,Deposit,1643412.78,2024-01-24,Failed
T00875,156,655,Transfer,1340166.49,2023-10-30,Pending
T00876,35,215,Withdrawal,3466187.21,2023-09-28,Pending
T00877,13,263,Deposit,1440966.97,2023-04-10,Completed
T00878,455,396,Bill Payment,73285.19,2023-07-31,Completed
T00879,423,424,Bill Payment,88188.89,2024-02-07,Pending
T00880,267,560,Bill Payment,10232.71,2023-04-08,Pending
T00881,184,592,Withdrawal,814119.9,2025-01-14,Completed
T00882,253,35,Transfer,60723.96,2025-09-11,Pending
T00883,58,108,Deposit,683945.5,2023-07-19,Pending
T00884,289,165,Deposit,1094318.99,2023-07-29,Completed
T00885,17,347,Bill Payment,70480.01,2023-09-06,Pending
T00886,241,670,Withdrawal,3036980.81,2024-10-26,Pending
T00887,103,161,Deposit,202964.99,2023-12-08,Completed
T00888,367,195,Bill Payment,69749.95,2025-04-07,Failed
T00889,498,554,Transfer,1981963.38,2024-12-27,Pending
T00890,493,244,Deposit,99746.07,2025-04-19,Failed
T00891,88,563,Bill Payment,15443.63,2023-12-18,Pending
T00892,400,4,Bill Payment,8854.07,2023-03-10,Failed
T00893,174,641,Bill Payment,20047.51,2023-08-02,Completed
T00894,300,212,Withdrawal,3191315.1,2024-01-08,Completed
T00895,108,485,Deposit,617052.62,2023-09-23,Pending
T00896,476,483,Bill Payment,89498.26,2024-04-17,Pending
T00897,89,94,Bill Payment,18569.63,2023-07-10,Pending
T00898,287,379,Withdrawal,2229430.58,2024-01-17,Pending
T00899,243,451,Bill Payment,26413.74,2022-10-26,Pending
T00900,454,578,Deposit,302685.78,2025-01-11,Failed
T00901,441,684,Deposit,171871.77,2023-04-19,Pending
T00902,407,555,Bill Payment,97073.48,2023-12-05,Failed
T00903,89,233,Deposit,1681673.93,2022-12-14,Failed
T00904,375,429,Bill Payment,57314.16,2022-12-28,Completed
T00905,48,488,Transfer,237325.67,2025-02-10,Failed
T00906,32,36,Withdrawal,602289.09,2024-01-01,Pending
T00907,259,178,Withdrawal,4860852.23,2025-09-22,Completed
T00908,390,130,Deposit,847038.11,2023-04-19,Failed
T00909,37,446,Withdrawal,4986348.86,2025-06-21,Failed
T00910,430,152,Transfer,959588.59,2024-11-05,Failed
T00911,114,69,Deposit,776504.26,2023-03-13,Pending
T00912,43,566,Transfer,2569944.23,2022-10-24,Failed
T00913,297,470,Deposit,1573208,2025-03-14,Failed
T00914,273,602,Bill Payment,11340.63,2023-12-20,Completed
T00915,430,152,Deposit,1849893.87,2024-10-03,Failed
T00916,247,104,Transfer,2602492.07,2024-10-17,Pending
T00917,299,421,Transfer,1149438.9,2024-08-19,Pending
T00918,328,586,Bill Payment,3842.82,2024-03-17,Pending
T00919,448,413,Withdrawal,3091604.2,2023-07-18,Failed
T00920,428,412,Deposit,791887.59,2022-12-23,Pending
T00921,493,244,Deposit,1491626.76,2023-11-01,Pending
T00922,231,382,Deposit,676063.23,2024-10-16,Pending
T00923,234,319,Transfer,2528618.28,2023-03-31,Failed
T00924,59,101,Withdrawal,672793.22,2023-01-14,Failed
T00925,135,454,Transfer,808625.23,2024-06-18,Pending
T00926,194,620,Deposit,376277.41,2024-11-06,Completed
T00927,401,417,Bill Payment,75973.38,2023-01-28,Pending
T00928,41,58,Withdrawal,329019.22,2025-03-19,Failed
T00929,119,519,Bill Payment,13651.42,2025-06-08,Failed
T00930,159,583,Deposit,347887.84,2025-09-05,Completed
T00931,346,60,Withdrawal,166322.15,2022-12-27,Completed
T00932,188,370,Withdrawal,1370613.51,2023-05-28,Pending
T00933,376,518,Bill Payment,63577.44,2023-05-24,Completed
T00934,420,698,Deposit,484255.22,2025-02-25,Pending
T00935,301,609,Bill Payment,17840.61,2024-01-19,Pending
T00936,267,601,Transfer,1033074.89,2023-02-14,Pending
T00937,387,93,Transfer,82837.74,2023-10-25,Completed
T00938,199,167,Withdrawal,4285698.83,2023-04-07,Failed
T00939,481,231,Withdrawal,1346148.81,2025-02-17,Pending
T00940,320,526,Deposit,1729327.55,2024-07-12,Failed
T00941,213,10,Bill Payment,91160.39,2025-05-03,Failed
T00942,259,178,Deposit,447928.18,2025-04-18,Failed
T00943,322,313,Transfer,1271708.5,2025-05-22,Pending
T00944,35,358,Bill Payment,25274.67,2023-09-20,Pending
T00945,262,310,Bill Payment,58490.27,2024-12-24,Completed
T00946,306,524,Transfer,1684590.62,2024-05-17,Failed
T00947,204,624,Transfer,895778.54,2024-09-03,Completed
T00948,37,494,Deposit,672899.17,2024-08-22,Pending
T00949,90,656,Transfer,2584544.05,2024-01-09,Pending
T00950,96,672,Transfer,565486.06,2025-04-06,Failed
T00951,356,247,Deposit,1610956.93,2024-08-01,Failed
T00952,417,414,Transfer,2042426.87,2024-01-22,Failed
T00953,98,27,Bill Payment,99747.16,2025-03-06,Pending
T00954,375,429,Bill Payment,38888.66,2025-05-26,Completed
T00955,59,598,Withdrawal,1716492.08,2023-01-06,Failed
T00956,133,228,Bill Payment,90662,2025-05-09,Failed
T00957,185,368,Transfer,2536335.02,2023-03-08,Failed
T00958,128,572,Withdrawal,1469626.48,2023-08-23,Pending
T00959,153,132,Transfer,2175697.32,2025-06-02,Failed
T00960,240,188,Transfer,1963476.72,2023-08-28,Completed
T00961,429,364,Withdrawal,3721305.44,2023-11-20,Pending
T00962,440,431,Transfer,1115361.45,2025-07-26,Failed
T00963,216,302,Bill Payment,85136.27,2023-02-08,Pending
T00964,242,55,Deposit,944703.25,2023-06-05,Completed
T00965,135,513,Deposit,1735061.76,2023-10-12,Pending
T00966,403,543,Transfer,1239615.21,2023-07-02,Completed
T00967,299,141,Withdrawal,1714006.75,2025-02-08,Failed
T00968,409,469,Withdrawal,1582600.9,2023-01-29,Failed
T00969,387,185,Deposit,975417.9,2023-06-05,Failed
T00970,29,182,Transfer,1903679.66,2022-10-09,Completed
T00971,437,463,Transfer,628542.41,2024-06-30,Completed
T00972,357,591,Withdrawal,2448395.88,2024-09-03,Completed
T00973,397,133,Bill Payment,63385.41,2025-09-09,Pending
T00974,205,440,Bill Payment,38393.31,2025-04-14,Completed
T00975,198,547,Withdrawal,3653564.69,2024-10-03,Completed
T00976,183,330,Withdrawal,90562.71,2023-12-31,Completed
T00977,126,642,Withdrawal,1132102.29,2022-11-24,Pending
T00978,272,320,Withdrawal,514438.41,2023-09-29,Failed
T00979,386,603,Transfer,501477.05,2023-12-26,Completed
T00980,416,306,Transfer,1368050.97,2023-12-18,Failed
T00981,357,611,Transfer,1301278.86,2025-10-01,Failed
T00982,172,138,Transfer,2988418.67,2024-09-09,Pending
T00983,185,368,Withdrawal,825252.66,2023-01-23,Pending
T00984,492,20,Withdrawal,1122382.5,2025-09-06,Completed
T00985,186,217,Deposit,1179590.82,2023-10-02,Completed
T00986,295,127,Transfer,2133474.72,2023-11-19,Completed
T00987,214,385,Transfer,2313863.37,2025-06-01,Failed
T00988,270,50,Deposit,1324108.85,2025-04-08,Failed
T00989,282,21,Deposit,1379654.62,2025-07-28,Pending
T00990,134,455,Bill Payment,12447.15,2023-08-08,Pending
T00991,262,486,Withdrawal,1028269.08,2024-07-26,Failed
T00992,282,646,Deposit,602582.35,2023-04-01,Failed
T00993,247,104,Transfer,1868581.93,2025-01-27,Failed
T00994,299,141,Bill Payment,83082.21,2023-09-19,Completed
T00995,306,524,Deposit,565772.18,2025-07-07,Completed
T00996,466,510,Withdrawal,3045400.04,2023-05-24,Pending
T00997,457,536,Withdrawal,1790251.26,2023-11-21,Pending
T00998,427,303,Withdrawal,197989.13,2023-05-13,Pending
T00999,1,213,Bill Payment,33127.3,2023-01-23,Completed
T01000,237,14,Deposit,1813806.65,2023-01-05,Failed
T01001,119,686,Bill Payment,14999.53,2023-06-19,Completed
T01002,306,524,Deposit,1447265.45,2024-01-25,Completed
T01003,13,263,Withdrawal,2284299.42,2025-04-16,Pending
T01004,104,271,Bill Payment,5103.01,2025-03-07,Completed
T01005,39,41,Transfer,1080963.88,2023-12-27,Failed
T01006,476,321,Bill Payment,73880.17,2024-08-17,Completed
T01007,324,47,Deposit,1704071.45,2023-04-16,Failed
T01008,186,663,Withdrawal,1643975.47,2024-10-02,Pending
T01009,145,637,Transfer,2635487.37,2025-09-08,Completed
T01010,231,382,Transfer,549016.83,2024-01-20,Pending
T01011,326,410,Bill Payment,27256.13,2025-09-25,Pending
T01012,297,490,Bill Payment,64919.76,2024-06-21,Completed
T01013,162,116,Withdrawal,3481153.2,2023-12-01,Completed
T01014,476,164,Deposit,832347.42,2024-11-20,Failed
T01015,474,495,Bill Payment,18207.93,2025-01-20,Pending
T01016,185,368,Deposit,1725220.26,2024-11-10,Failed
T01017,243,134,Bill Payment,92047.76,2024-08-15,Completed
T01018,71,422,Bill Payment,4692.64,2023-02-06,Pending
T01019,13,671,Transfer,37574.46,2025-04-21,Failed
T01020,111,538,Withdrawal,4889499.89,2022-12-05,Failed
T01021,17,347,Deposit,865979.39,2024-08-06,Failed
T01022,100,255,Bill Payment,34640.37,2024-02-17,Failed
T01023,223,657,Bill Payment,14950.58,2025-04-29,Failed
T01024,214,628,Deposit,23783.91,2023-10-28,Completed
T01025,376,518,Bill Payment,85201.93,2022-11-14,Completed
T01026,355,77,Bill Payment,32131.32,2023-02-23,Pending
T01027,3,285,Deposit,1014105.2,2023-09-25,Failed
T01028,67,659,Bill Payment,40387.37,2025-08-17,Completed
T01029,192,81,Bill Payment,44474.47,2025-03-16,Failed
T01030,410,459,Deposit,1713250.15,2025-04-04,Pending
T01031,89,324,Deposit,1961351.14,2022-11-06,Failed
T01032,241,670,Deposit,205735.32,2025-08-14,Pending
T01033,184,37,Deposit,1651904.56,2023-11-27,Failed
T01034,256,634,Transfer,2670387.64,2025-03-18,Failed
T01035,300,212,Bill Payment,95040.48,2022-12-06,Pending
T01036,62,56,Withdrawal,4221742.88,2023-07-04,Pending
T01037,396,574,Bill Payment,71694.14,2024-10-04,Pending
T01038,249,464,Deposit,195325.33,2024-12-19,Failed
T01039,133,228,Deposit,683043.55,2025-07-13,Failed
T01040,233,299,Transfer,2106437.11,2024-08-21,Completed
T01041,296,169,Bill Payment,14130.87,2023-12-11,Failed
T01042,45,420,Deposit,508951.48,2023-07-13,Completed
T01043,24,193,Deposit,1860467.41,2025-04-01,Pending
T01044,384,221,Bill Payment,82472.96,2024-08-12,Completed
T01045,17,347,Deposit,1514420.11,2025-06-17,Completed
T01046,194,649,Deposit,1544404.27,2024-11-06,Pending
T01047,409,469,Withdrawal,4819309.93,2023-02-23,Completed
T01048,433,544,Deposit,1106676.04,2024-10-04,Pending
T01049,59,600,Bill Payment,92444.65,2024-03-28,Completed
T01050,348,593,Withdrawal,3652742.81,2024-06-30,Completed
T01051,196,107,Bill Payment,65786.43,2024-03-05,Failed
T01052,183,330,Bill Payment,41924.61,2024-02-15,Failed
T01053,100,255,Transfer,1193911.05,2025-08-11,Pending
T01054,216,302,Bill Payment,80499.2,2023-03-16,Completed
T01055,242,423,Transfer,2529301.76,2023-06-11,Failed
T01056,477,322,Withdrawal,1005244.52,2024-02-29,Failed
T01057,304,298,Transfer,2763614.7,2024-07-05,Completed
T01058,224,666,Withdrawal,2519963.3,2025-09-16,Failed
T01059,416,653,Transfer,2131203.01,2024-11-12,Pending
T01060,214,576,Bill Payment,58322.35,2023-12-26,Failed
T01061,105,428,Transfer,2632492.97,2025-07-30,Pending
T01062,237,14,Deposit,51031.65,2024-06-18,Completed
T01063,242,55,Deposit,400204.88,2025-02-05,Completed
T01064,394,294,Transfer,439711.96,2022-12-01,Completed
T01065,427,303,Withdrawal,3768216.15,2024-09-10,Completed
T01066,185,368,Bill Payment,10337.75,2023-02-18,Failed
T01067,214,576,Withdrawal,3712321.27,2024-02-05,Failed
T01068,383,399,Withdrawal,2555100.6,2023-11-01,Failed
T01069,379,295,Deposit,1853006.38,2024-02-19,Pending
T01070,404,427,Transfer,2897516.72,2023-04-03,Completed
T01071,237,14,Transfer,609660.12,2024-06-23,Pending
T01072,481,231,Transfer,2265445.56,2024-12-12,Failed
T01073,426,618,Withdrawal,3880957.58,2022-10-06,Completed
T01074,216,302,Bill Payment,17824.85,2025-07-22,Failed
T01075,355,77,Withdrawal,4812413.77,2025-01-24,Failed
T01076,398,527,Deposit,754707.85,2024-09-21,Pending
T01077,499,286,Transfer,390634.56,2024-07-07,Failed
T01078,207,262,Deposit,661460.3,2022-12-28,Failed
T01079,483,159,Deposit,307829.92,2023-07-23,Pending
T01080,360,612,Deposit,1547435.07,2024-12-18,Failed
T01081,261,631,Transfer,1471907.55,2024-04-19,Failed
T01082,261,564,Transfer,219105.95,2025-05-29,Failed
T01083,288,326,Withdrawal,4784981.6,2024-11-17,Failed
T01084,151,70,Withdrawal,2080240.29,2025-06-02,Failed
T01085,417,414,Deposit,699131.2,2024-08-21,Completed
T01086,341,680,Transfer,993534.08,2022-12-24,Pending
T01087,489,224,Bill Payment,99663.45,2023-08-17,Failed
T01088,213,10,Deposit,1338042.47,2023-11-23,Pending
T01089,356,247,Withdrawal,4794525.18,2025-02-04,Failed
T01090,322,329,Bill Payment,91601.65,2023-04-26,Completed
T01091,455,396,Transfer,1620941.82,2023-12-26,Pending
T01092,48,26,Transfer,1543170.03,2024-08-15,Failed
T01093,181,457,Bill Payment,4480.78,2025-09-23,Failed
T01094,220,198,Transfer,1541927.15,2024-10-26,Completed
T01095,344,172,Deposit,1254052.69,2023-04-11,Completed
T01096,460,687,Withdrawal,4324889.33,2022-11-18,Pending
T01097,196,107,Withdrawal,2689233.32,2025-06-09,Failed
T01098,37,446,Deposit,1493908.21,2025-05-07,Completed
T01099,226,25,Bill Payment,71715.14,2023-10-11,Completed
T01100,178,90,Deposit,109009.01,2023-06-08,Pending
T01101,128,572,Deposit,1150137.11,2024-01-30,Completed
T01102,173,265,Bill Payment,38864.46,2025-02-06,Failed
T01103,195,415,Bill Payment,31708.78,2022-10-26,Pending
T01104,299,690,Deposit,1069901.32,2025-02-08,Failed
T01105,256,634,Deposit,1512043.21,2024-06-29,Failed
T01106,324,47,Deposit,715721.43,2023-02-26,Failed
T01107,470,109,Transfer,2360782.25,2023-09-19,Pending
T01108,347,622,Deposit,563394.13,2023-03-30,Pending
T01109,188,391,Bill Payment,82230.02,2024-09-20,Completed
T01110,262,486,Withdrawal,2667805.35,2023-04-05,Completed
T01111,63,401,Transfer,2880422.73,2025-07-07,Completed
T01112,416,306,Transfer,2872196.25,2023-06-01,Completed
T01113,214,567,Withdrawal,617052.56,2024-11-17,Completed
T01114,291,587,Bill Payment,53761.49,2024-01-01,Completed
T01115,322,313,Withdrawal,3741734.64,2024-12-03,Failed
T01116,467,353,Withdrawal,2063859.83,2025-10-04,Failed
T01117,489,525,Withdrawal,805610.83,2023-12-03,Completed
T01118,1,632,Transfer,583381.48,2024-07-11,Completed
T01119,90,688,Deposit,1702849.75,2024-10-23,Failed
T01120,325,473,Deposit,581660.01,2024-10-07,Completed
T01121,54,257,Deposit,395236.48,2023-10-18,Failed
T01122,395,499,Transfer,1071736.51,2024-09-13,Failed
T01123,96,672,Withdrawal,501125.24,2025-02-07,Failed
T01124,256,72,Withdrawal,1589611.9,2023-05-17,Pending
T01125,364,337,Transfer,2080527.66,2024-05-22,Completed
T01126,234,580,Transfer,2423195.44,2023-07-28,Pending
T01127,119,173,Deposit,626772.95,2025-04-23,Completed
T01128,223,657,Bill Payment,27740.32,2024-12-02,Pending
T01129,172,138,Transfer,2633718.55,2023-05-05,Pending
T01130,181,457,Transfer,2324413.5,2023-01-21,Pending
T01131,69,565,Deposit,351952.44,2023-12-08,Failed
T01132,380,84,Transfer,2576211.61,2024-07-10,Completed
T01133,192,552,Withdrawal,1316910.02,2024-03-15,Failed
T01134,259,79,Deposit,1784264.32,2024-12-01,Failed
T01135,234,647,Deposit,1625378.48,2023-11-24,Failed
T01136,195,415,Withdrawal,4531611.58,2022-10-08,Failed
T01137,478,267,Bill Payment,65425.42,2023-12-18,Completed
T01138,173,375,Bill Payment,22408.33,2024-01-11,Failed
T01139,304,298,Withdrawal,2324041.01,2025-04-03,Failed
T01140,387,93,Bill Payment,36450.17,2025-03-23,Completed
T01141,154,679,Withdrawal,4240061.22,2025-07-26,Failed
T01142,497,170,Withdrawal,2231656,2024-11-03,Completed
T01143,234,580,Withdrawal,3679863.12,2023-05-23,Pending
T01144,185,368,Deposit,438028.82,2024-08-28,Pending
T01145,139,238,Deposit,529082.05,2025-01-18,Completed
T01146,259,44,Withdrawal,2589908.26,2024-10-26,Pending
T01147,190,398,Bill Payment,91798.4,2024-03-24,Completed
T01148,39,41,Transfer,310123.43,2024-03-04,Failed
T01149,194,649,Transfer,2504699.36,2025-02-08,Pending
T01150,348,593,Withdrawal,1883921.19,2025-01-26,Pending
T01151,173,375,Deposit,1033567.46,2024-05-12,Pending
T01152,68,229,Bill Payment,35354.51,2024-09-11,Pending
T01153,395,499,Bill Payment,88728.48,2024-02-16,Completed
T01154,492,514,Withdrawal,2200053.61,2023-07-25,Completed
T01155,259,79,Transfer,634945.55,2025-09-22,Completed
T01156,131,162,Transfer,1806259.82,2023-10-10,Completed
T01157,163,677,Withdrawal,2073653.81,2025-03-11,Pending
T01158,297,117,Bill Payment,67555.42,2024-05-21,Pending
T01159,184,216,Withdrawal,3236648.91,2023-10-02,Pending
T01160,49,23,Withdrawal,216678.51,2024-07-04,Failed
T01161,305,607,Withdrawal,674485.52,2022-12-11,Failed
T01162,39,41,Withdrawal,280504.11,2024-02-11,Pending
T01163,387,185,Bill Payment,59975.82,2024-10-08,Failed
T01164,416,653,Deposit,1757078.71,2025-10-04,Failed
T01165,498,678,Transfer,2841787.98,2024-05-19,Completed
T01166,290,460,Bill Payment,86743.51,2024-05-26,Completed
T01167,258,225,Bill Payment,60123.79,2025-08-01,Failed
T01168,63,187,Transfer,503581.24,2025-07-13,Failed
T01169,46,351,Bill Payment,59693.68,2023-05-29,Completed
T01170,320,236,Bill Payment,38607.64,2024-11-12,Completed
T01171,251,17,Withdrawal,2614034,2022-12-01,Failed
T01172,60,430,Withdrawal,3027949.58,2023-04-19,Completed
T01173,48,488,Deposit,1755566.4,2024-11-23,Failed
T01174,342,516,Deposit,186833.34,2025-04-08,Failed
T01175,243,134,Deposit,1793989.42,2024-03-03,Failed
T01176,479,665,Bill Payment,52252.22,2023-03-09,Pending
T01177,118,45,Bill Payment,23025.68,2024-08-18,Pending
T01178,188,391,Transfer,1767349.73,2023-03-08,Failed
T01179,437,590,Deposit,851266.05,2024-12-30,Pending
T01180,90,489,Withdrawal,4550516.7,2024-09-13,Completed
T01181,149,291,Bill Payment,25854.72,2022-10-28,Completed
T01182,56,8,Deposit,1039763.81,2023-05-16,Pending
T01183,13,671,Withdrawal,3439145.92,2024-07-02,Pending
T01184,256,419,Transfer,320196.36,2025-07-18,Pending
T01185,327,668,Transfer,784278.03,2023-06-01,Failed
T01186,254,434,Transfer,1835836.09,2023-01-29,Failed
T01187,430,407,Withdrawal,2066727.56,2024-10-03,Failed
T01188,474,495,Withdrawal,1851694.63,2023-11-20,Failed
T01189,51,496,Transfer,2965530.54,2024-03-13,Failed
T01190,467,353,Bill Payment,73604.66,2025-05-30,Failed
T01191,199,122,Withdrawal,2233527.79,2025-09-15,Failed
T01192,261,166,Deposit,429309.05,2024-06-13,Pending
T01193,17,347,Deposit,321895.65,2025-07-10,Failed
T01194,196,6,Deposit,1646599.3,2023-02-06,Pending
T01195,170,615,Bill Payment,8905.25,2024-02-27,Pending
T01196,133,228,Transfer,240579.19,2025-08-17,Completed
T01197,102,394,Bill Payment,61435.16,2025-01-10,Failed
T01198,394,294,Deposit,1891458.86,2024-05-17,Completed
T01199,90,656,Bill Payment,43953.31,2024-02-08,Completed
T01200,445,673,Transfer,584642.11,2025-06-04,Failed
T01201,7,523,Withdrawal,3076334.74,2024-11-01,Failed
T01202,184,37,Transfer,718150.25,2025-01-22,Completed
T01203,131,162,Deposit,1993635.88,2022-11-29,Pending
T01204,341,362,Bill Payment,40604.55,2025-05-21,Completed
T01205,36,531,Deposit,1473982.62,2023-01-19,Completed
T01206,387,93,Transfer,2178553.06,2023-10-04,Failed
T01207,363,597,Transfer,1042751.53,2025-06-11,Pending
T01208,240,232,Withdrawal,2274340.28,2025-09-02,Pending
T01209,93,589,Deposit,522584.46,2023-12-25,Pending
T01210,119,519,Deposit,1117482.11,2023-09-23,Failed
T01211,216,302,Transfer,2841072.89,2023-02-22,Failed
T01212,182,264,Transfer,2082728.49,2024-08-09,Pending
T01213,308,577,Bill Payment,77019.72,2023-03-06,Pending
T01214,297,470,Bill Payment,89662.73,2025-06-15,Completed
T01215,37,494,Deposit,516010.62,2025-10-02,Pending
T01216,194,649,Withdrawal,3384887.97,2023-03-10,Completed
T01217,89,324,Bill Payment,95549.02,2024-08-24,Failed
T01218,207,549,Deposit,1401786.7,2023-06-20,Pending
T01219,100,255,Transfer,279481.79,2025-09-17,Failed
T01220,46,351,Deposit,1109325.73,2024-01-13,Completed
T01221,48,488,Transfer,1060937.01,2022-11-18,Failed
T01222,426,276,Withdrawal,4735643.43,2022-12-15,Failed
T01223,367,195,Bill Payment,73737.51,2024-02-20,Completed
T01224,111,248,Transfer,620732.51,2022-12-31,Completed
T01225,275,256,Transfer,468408.71,2024-01-03,Completed
T01226,228,123,Deposit,1351786.34,2024-04-13,Failed
T01227,188,505,Deposit,1528606.3,2024-05-09,Failed
T01228,259,44,Bill Payment,37182.53,2024-08-04,Pending
T01229,188,505,Transfer,1472670.65,2023-05-19,Failed
T01230,71,287,Bill Payment,22287.07,2023-10-19,Failed
T01231,153,132,Deposit,1051708.02,2025-01-07,Pending
T01232,297,490,Deposit,1005199.19,2024-07-06,Pending
T01233,82,179,Bill Payment,97653.07,2025-03-02,Failed
T01234,36,531,Bill Payment,31633.56,2025-08-29,Completed
T01235,201,13,Withdrawal,1897760.59,2023-07-11,Completed
T01236,214,334,Transfer,1838527.9,2023-06-26,Pending
T01237,35,192,Transfer,711798.89,2023-07-03,Pending
T01238,214,628,Transfer,1098089.49,2023-02-04,Pending
T01239,11,435,Withdrawal,2096045.62,2025-05-08,Pending
T01240,99,374,Bill Payment,28034.99,2024-05-21,Completed
T01241,328,586,Withdrawal,4896382.99,2025-05-24,Failed
T01242,123,235,Deposit,1441770.51,2025-08-31,Completed
T01243,280,569,Bill Payment,85645.24,2023-10-14,Completed
T01244,239,150,Withdrawal,2365462.14,2024-11-16,Completed
T01245,416,181,Bill Payment,50009.82,2025-03-28,Failed
T01246,239,530,Transfer,2356106.14,2023-05-15,Pending
T01247,54,257,Deposit,797104.6,2023-09-30,Failed
T01248,153,168,Deposit,431326.92,2024-09-20,Pending
T01249,48,488,Deposit,899984.71,2025-06-21,Pending
T01250,478,267,Transfer,1081239.59,2023-11-03,Failed
T01251,182,264,Transfer,59996.08,2024-09-17,Completed
T01252,466,360,Withdrawal,2884691.93,2023-11-05,Failed
T01253,479,665,Withdrawal,4896886.29,2025-08-05,Pending
T01254,429,364,Transfer,2019741.92,2022-10-19,Pending
T01255,402,458,Deposit,762451.46,2024-09-26,Pending
T01256,53,475,Withdrawal,4341419.99,2023-12-25,Failed
T01257,135,346,Bill Payment,63164.21,2025-08-22,Failed
T01258,195,415,Deposit,158684.3,2025-01-31,Pending
T01259,141,234,Transfer,950976.29,2023-06-07,Pending
T01260,344,274,Bill Payment,27197.69,2023-01-27,Pending
T01261,488,372,Bill Payment,41457.51,2024-08-21,Completed
T01262,259,24,Withdrawal,3639134.31,2024-03-24,Failed
T01263,185,258,Deposit,421537.7,2025-04-04,Pending
T01264,73,106,Deposit,128052.9,2024-01-12,Pending
T01265,179,562,Deposit,53216.64,2025-06-23,Pending
T01266,245,537,Deposit,208304.84,2024-07-25,Failed
T01267,92,160,Deposit,1309837.93,2025-09-11,Pending
T01268,207,317,Withdrawal,1237735.2,2023-10-28,Pending
T01269,135,454,Withdrawal,657254.28,2024-09-13,Completed
T01270,421,30,Deposit,1327266.5,2024-01-17,Pending
T01271,48,488,Bill Payment,97500.66,2023-08-10,Failed
T01272,318,279,Bill Payment,13597.98,2024-05-24,Failed
T01273,73,553,Withdrawal,2954563.8,2024-10-24,Pending
T01274,234,647,Bill Payment,52393.63,2023-03-19,Failed
T01275,198,547,Transfer,2726814.99,2023-10-08,Pending
T01276,73,553,Withdrawal,4023734.12,2024-05-19,Pending
T01277,157,316,Transfer,1236905.31,2025-03-11,Completed
T01278,458,311,Deposit,684.65,2024-04-14,Completed
T01279,467,353,Transfer,1407859.27,2025-03-15,Completed
T01280,267,504,Bill Payment,30031.09,2024-01-07,Pending
T01281,382,300,Withdrawal,3984040.15,2025-09-25,Failed
T01282,82,383,Withdrawal,2059267.61,2024-01-06,Failed
T01283,388,448,Bill Payment,25064.62,2022-11-08,Failed
T01284,74,662,Bill Payment,82859.84,2025-07-23,Completed
T01285,112,270,Deposit,844767.65,2024-06-10,Completed
T01286,239,530,Transfer,854388.23,2023-12-05,Failed
T01287,237,545,Transfer,1239005.18,2022-10-17,Completed
T01288,63,187,Withdrawal,1448686.9,2025-03-02,Failed
T01289,450,467,Bill Payment,27286.2,2025-09-04,Failed
T01290,267,504,Withdrawal,1603897.97,2022-12-20,Completed
T01291,429,51,Deposit,372282.23,2025-05-04,Completed
T01292,173,289,Transfer,375555.09,2024-11-14,Pending
T01293,84,9,Withdrawal,451894.72,2023-12-23,Completed
T01294,58,506,Withdrawal,1710222.36,2023-09-27,Pending
T01295,494,511,Transfer,1391321.56,2025-05-05,Completed
T01296,3,339,Deposit,1687170.83,2024-04-04,Completed
T01297,41,58,Transfer,2327070.91,2023-09-10,Completed
T01298,414,557,Bill Payment,18242.21,2025-06-19,Pending
T01299,188,391,Deposit,244362.13,2023-07-27,Failed
T01300,100,255,Bill Payment,77145.41,2025-05-26,Pending
T01301,159,254,Deposit,398760.16,2023-10-29,Failed
T01302,119,97,Withdrawal,2364654.9,2025-08-22,Failed
T01303,272,320,Transfer,476255,2025-07-25,Failed
T01304,259,44,Deposit,506998.82,2025-08-27,Failed
T01305,416,306,Withdrawal,1802772.85,2023-05-05,Completed
T01306,353,683,Withdrawal,4866397.03,2025-06-06,Completed
T01307,194,649,Bill Payment,32518.9,2023-03-04,Completed
T01308,473,283,Deposit,791918.7,2025-06-05,Completed
T01309,213,10,Deposit,1162363.51,2025-07-05,Failed
T01310,73,487,Withdrawal,1857621.92,2022-12-05,Completed
T01311,100,255,Withdrawal,2500096.11,2024-01-27,Failed
T01312,256,634,Transfer,2792580.93,2024-08-19,Failed
T01313,393,62,Deposit,711357.59,2022-11-25,Completed
T01314,434,550,Deposit,252092,2025-03-23,Completed
T01315,378,325,Transfer,2416673.37,2024-04-23,Pending
T01316,220,198,Deposit,1378655.34,2023-04-27,Pending
T01317,172,138,Transfer,2696039.8,2023-02-22,Pending
T01318,193,449,Transfer,1628430.86,2024-01-06,Pending
T01319,367,195,Withdrawal,2718559.1,2024-02-24,Pending
T01320,431,480,Transfer,2603051.69,2024-07-11,Failed
T01321,351,568,Withdrawal,345314.04,2023-07-04,Completed
T01322,494,461,Transfer,2458345.95,2023-08-12,Failed
T01323,303,376,Bill Payment,171.91,2023-04-28,Failed
T01324,119,519,Bill Payment,73392.41,2025-01-19,Completed
T01325,245,635,Transfer,2328161.7,2024-04-25,Completed
T01326,322,329,Deposit,1316749.69,2025-01-06,Failed
T01327,296,397,Withdrawal,2620824.77,2024-11-22,Pending
T01328,69,565,Withdrawal,3065583.17,2023-12-02,Pending
T01329,45,420,Transfer,331837.17,2023-06-17,Failed
T01330,315,675,Deposit,88032.64,2023-11-08,Completed
T01331,332,183,Deposit,404557.02,2024-10-22,Pending
T01332,379,197,Deposit,64118.39,2024-01-06,Failed
T01333,190,398,Bill Payment,52629.55,2024-03-14,Failed
T01334,361,605,Transfer,147732.34,2023-04-01,Completed
T01335,166,621,Deposit,26665.68,2024-10-01,Completed
T01336,96,672,Bill Payment,92847.53,2023-01-29,Completed
T01337,431,480,Deposit,722171.64,2023-05-11,Failed
T01338,327,426,Transfer,2382851.61,2023-09-20,Completed
T01339,1,632,Transfer,1587297.98,2025-08-20,Failed
T01340,321,73,Transfer,234267.16,2025-08-17,Completed
T01341,193,532,Deposit,202899.63,2024-06-13,Completed
T01342,237,545,Bill Payment,19027.1,2025-02-16,Failed
T01343,445,673,Withdrawal,2850568.32,2024-04-25,Completed
T01344,128,572,Bill Payment,74636.23,2023-02-22,Failed
T01345,357,591,Transfer,2023640.44,2024-06-08,Failed
T01346,74,682,Bill Payment,88294.12,2022-10-26,Completed
T01347,387,185,Bill Payment,50518.81,2023-11-19,Failed
T01348,131,162,Bill Payment,93358.64,2025-01-15,Pending
T01349,261,564,Transfer,2534639.62,2023-04-14,Pending
T01350,194,649,Bill Payment,82632.88,2024-09-10,Pending
T01351,204,624,Withdrawal,2816160.37,2024-04-29,Completed
T01352,214,385,Transfer,1080345.63,2025-08-15,Pending
T01353,410,459,Bill Payment,119.54,2025-08-14,Completed
T01354,287,292,Deposit,1035459.91,2023-11-16,Pending
T01355,480,7,Transfer,2953191.08,2025-03-31,Completed
T01356,223,323,Deposit,1543160.38,2024-05-18,Failed
T01357,473,283,Withdrawal,472341.35,2025-06-22,Pending
T01358,93,365,Withdrawal,692902.56,2024-05-04,Pending
T01359,363,597,Withdrawal,1165737.75,2023-03-22,Pending
T01360,127,95,Bill Payment,56949.59,2025-08-18,Completed
T01361,226,80,Transfer,2378816.13,2023-10-03,Completed
T01362,425,500,Deposit,1190664.79,2024-10-06,Pending
T01363,83,39,Bill Payment,7939.89,2022-11-12,Completed
T01364,230,343,Transfer,2639437.61,2025-05-24,Pending
T01365,404,427,Deposit,1739638.13,2025-02-23,Completed
T01366,414,669,Deposit,1267957.26,2024-02-26,Failed
T01367,400,392,Deposit,609914.39,2025-05-09,Completed
T01368,7,327,Withdrawal,1634831.31,2023-09-13,Failed
T01369,250,227,Withdrawal,253548.55,2025-07-07,Failed
T01370,188,403,Bill Payment,75308.74,2023-01-11,Failed
T01371,151,517,Deposit,444560.21,2025-06-18,Pending
T01372,484,404,Withdrawal,661813.04,2024-09-25,Completed
T01373,48,488,Deposit,1096530.73,2025-09-28,Pending
T01374,380,88,Bill Payment,50232.13,2024-01-17,Failed
T01375,243,134,Withdrawal,2405131.59,2025-07-09,Completed
T01376,425,500,Bill Payment,65259.62,2024-06-30,Completed
T01377,395,575,Withdrawal,1212333.14,2023-04-04,Pending
T01378,419,441,Transfer,2054371.55,2023-05-10,Failed
T01379,418,92,Deposit,1343659.23,2022-12-14,Pending
T01380,173,375,Transfer,571873.98,2022-12-01,Pending
T01381,301,609,Deposit,1539477.74,2024-01-20,Completed
T01382,162,359,Bill Payment,62355.9,2024-11-08,Pending
T01383,14,46,Withdrawal,999226.38,2023-04-03,Pending
T01384,92,160,Deposit,225187.3,2023-03-04,Completed
T01385,459,249,Withdrawal,4343893.01,2023-10-04,Pending
T01386,168,15,Transfer,2081538.78,2025-01-17,Completed
T01387,322,313,Bill Payment,47171.91,2023-05-03,Pending
T01388,35,215,Withdrawal,1019802.96,2024-05-30,Failed
T01389,173,265,Bill Payment,62341.9,2024-09-08,Completed
T01390,72,685,Deposit,753525.04,2024-05-03,Failed
T01391,347,540,Deposit,511284.96,2025-08-11,Completed
T01392,149,291,Withdrawal,3946153.28,2025-09-20,Failed
T01393,24,278,Deposit,930189.16,2025-01-21,Completed
T01394,114,69,Bill Payment,66071.25,2024-07-17,Failed
T01395,196,676,Transfer,2592914.68,2025-04-04,Completed
T01396,382,300,Bill Payment,23193.75,2023-06-02,Pending
T01397,250,521,Deposit,1807792.18,2024-07-10,Pending
T01398,360,612,Deposit,373241.57,2025-07-18,Failed
T01399,409,469,Deposit,79984.93,2023-03-07,Failed
T01400,322,313,Transfer,1470053.57,2024-11-03,Failed
T01401,103,161,Deposit,693886.42,2025-05-18,Pending
T01402,429,364,Transfer,708996.19,2024-06-29,Failed
T01403,473,283,Deposit,1251771.83,2023-12-13,Pending
T01404,481,31,Transfer,677135.3,2022-11-24,Pending
T01405,188,403,Withdrawal,439887.29,2025-09-11,Pending
T01406,338,534,Withdrawal,2087249.35,2024-05-02,Failed
T01407,491,157,Bill Payment,97056.66,2023-09-07,Failed
T01408,135,338,Bill Payment,54269.15,2024-08-23,Completed
T01409,414,669,Withdrawal,2905572.47,2024-08-25,Failed
T01410,132,208,Withdrawal,1545682.98,2023-10-06,Failed
T01411,245,537,Withdrawal,2150891.43,2024-04-20,Completed
T01412,96,672,Withdrawal,1588163.56,2023-03-08,Failed
T01413,312,546,Deposit,368678.36,2025-09-04,Completed
T01414,481,31,Transfer,2640455.63,2024-04-27,Pending
T01415,71,422,Transfer,1329291.96,2025-01-27,Failed
T01416,265,281,Withdrawal,3895760.32,2025-07-02,Completed
T01417,274,135,Withdrawal,131964.91,2024-04-14,Failed
T01418,1,632,Transfer,1817010.73,2023-01-07,Failed
T01419,422,237,Withdrawal,1155330.98,2024-06-14,Completed
T01420,185,368,Deposit,1376438.5,2023-12-07,Pending
T01421,172,138,Bill Payment,71230.71,2023-07-26,Pending
T01422,16,189,Bill Payment,49195.42,2023-04-12,Completed
T01423,153,168,Withdrawal,1132139.03,2024-09-10,Pending
T01424,296,16,Transfer,2850619.03,2023-02-24,Completed
T01425,90,688,Withdrawal,3789125.17,2025-07-30,Completed
T01426,29,182,Bill Payment,86726.19,2023-08-30,Pending
T01427,164,333,Bill Payment,88769.93,2025-06-27,Pending
T01428,195,415,Deposit,1216055.95,2025-06-24,Pending
T01429,476,321,Bill Payment,61189.34,2025-04-19,Failed
T01430,328,586,Deposit,1041537.86,2022-11-07,Pending
T01431,68,468,Deposit,1755620.99,2022-12-22,Completed
T01432,193,532,Bill Payment,98384.68,2024-03-06,Completed
T01433,128,572,Bill Payment,51661.06,2023-10-18,Failed
T01434,429,51,Withdrawal,1456605.63,2023-04-18,Pending
T01435,115,312,Transfer,1384310.82,2025-02-28,Pending
T01436,216,302,Deposit,1380060.94,2023-08-19,Completed
T01437,53,475,Bill Payment,9135.04,2023-01-19,Failed
T01438,162,116,Withdrawal,3893876.98,2025-02-11,Failed
T01439,267,560,Withdrawal,1965940.51,2023-08-22,Pending
T01440,477,462,Deposit,358167.72,2025-04-02,Failed
T01441,92,207,Bill Payment,9108.95,2023-09-05,Pending
T01442,479,665,Withdrawal,3592155.22,2023-10-01,Completed
T01443,89,94,Deposit,1412600.31,2024-02-27,Failed
T01444,488,372,Deposit,1047872.7,2023-05-22,Pending
T01445,306,524,Withdrawal,1894014.48,2025-04-17,Pending
T01446,118,45,Withdrawal,4561351.64,2022-10-09,Failed
T01447,196,676,Withdrawal,811458.36,2023-12-09,Completed
T01448,474,184,Deposit,839453.59,2023-05-17,Pending
T01449,181,457,Transfer,1879545.32,2023-04-24,Completed
T01450,274,135,Withdrawal,18660.96,2025-01-21,Pending
T01451,201,13,Bill Payment,49813,2023-10-29,Pending
T01452,414,557,Deposit,1216163.87,2023-07-03,Pending
T01453,493,244,Withdrawal,2944722.77,2023-03-24,Pending
T01454,332,465,Bill Payment,44243.35,2025-07-27,Failed
T01455,170,615,Deposit,489803.99,2022-11-14,Failed
T01456,3,285,Withdrawal,245545.08,2023-04-27,Completed
T01457,241,57,Transfer,110644.79,2022-10-28,Completed
T01458,441,684,Transfer,993667.71,2024-04-13,Completed
T01459,429,51,Deposit,834205.37,2023-10-09,Completed
T01460,261,166,Transfer,1833463.72,2025-04-06,Failed
T01461,7,610,Withdrawal,4831500.03,2024-02-19,Failed
T01462,348,593,Transfer,2794473.72,2022-10-29,Completed
T01463,261,307,Transfer,1106023.99,2023-07-02,Pending
T01464,151,70,Bill Payment,84346.63,2023-11-21,Completed
T01465,382,300,Bill Payment,13541.12,2022-12-25,Failed
T01466,67,282,Transfer,1581394.67,2023-04-19,Failed
T01467,35,215,Withdrawal,3060656.67,2024-07-19,Completed
T01468,328,586,Deposit,967584.13,2024-12-30,Failed
T01469,194,620,Transfer,1281447.29,2023-03-30,Pending
T01470,146,266,Transfer,2781352.55,2023-01-11,Failed
T01471,308,577,Bill Payment,52018.61,2024-10-13,Failed
T01472,466,510,Bill Payment,80817.24,2024-08-31,Failed
T01473,124,239,Transfer,2937783.35,2024-04-19,Completed
T01474,199,122,Deposit,930038.83,2024-12-10,Completed
T01475,1,213,Bill Payment,41462.71,2025-04-14,Pending
T01476,162,359,Withdrawal,57475.04,2023-03-23,Completed
T01477,173,289,Transfer,2370691.41,2024-09-06,Pending
T01478,457,308,Transfer,2301214.29,2024-11-25,Completed
T01479,88,342,Transfer,1188449.95,2023-09-14,Failed
T01480,261,631,Deposit,1664169.52,2025-05-17,Completed
T01481,3,339,Transfer,2766878.16,2022-12-11,Pending
T01482,262,486,Deposit,1291481.62,2025-07-24,Pending
T01483,92,160,Bill Payment,89216.63,2024-12-23,Failed
T01484,376,344,Bill Payment,78420.5,2024-01-16,Pending
T01485,41,58,Transfer,1695045.45,2024-09-15,Failed
T01486,89,324,Deposit,416920.81,2025-06-30,Failed
T01487,132,340,Transfer,199106.02,2022-11-22,Completed
T01488,422,288,Deposit,678635.26,2023-01-07,Pending
T01489,126,642,Withdrawal,2855337.22,2024-10-18,Pending
T01490,35,192,Deposit,1729255.08,2024-06-19,Pending
T01491,223,323,Deposit,543359.08,2024-07-28,Completed
T01492,324,509,Withdrawal,1858546.3,2025-09-04,Pending
T01493,388,222,Transfer,525450.73,2023-03-21,Pending
T01494,83,39,Withdrawal,4566855.88,2024-11-04,Pending
T01495,119,519,Deposit,1598151.04,2024-08-24,Failed
T01496,284,158,Withdrawal,1701239.41,2023-01-27,Pending
T01497,245,537,Transfer,2326711.86,2023-02-07,Completed
T01498,59,101,Withdrawal,1026730.36,2024-02-17,Completed
T01499,82,471,Bill Payment,71396.37,2025-05-06,Failed
T01500,482,119,Deposit,622307.15,2023-05-23,Completed
T01501,301,609,Deposit,666912.86,2023-01-15,Completed
T01502,73,106,Transfer,67929.54,2023-04-19,Pending
T01503,156,655,Withdrawal,1605080.97,2023-12-06,Completed
T01504,394,294,Transfer,1597061.28,2025-05-31,Pending
T01505,90,688,Deposit,545672.09,2025-06-14,Completed
T01506,265,281,Deposit,31005.81,2025-04-01,Failed
T01507,396,574,Deposit,413551.47,2025-02-02,Pending
T01508,88,563,Transfer,813520.78,2024-02-22,Failed
T01509,149,291,Withdrawal,857203.6,2024-05-18,Pending
T01510,214,628,Transfer,1621961.02,2025-04-20,Completed
T01511,243,134,Deposit,941735.79,2025-01-06,Failed
T01512,397,52,Deposit,767507.48,2024-01-06,Completed
T01513,86,437,Bill Payment,17980.4,2024-09-08,Failed
T01514,305,607,Bill Payment,61669.9,2024-11-28,Pending
T01515,70,341,Withdrawal,3564780.52,2025-05-02,Failed
T01516,198,547,Deposit,1947376.94,2024-08-03,Pending
T01517,8,582,Withdrawal,465487.96,2023-03-08,Failed
T01518,431,480,Deposit,911440.55,2025-09-29,Failed
T01519,487,660,Bill Payment,47107.53,2023-03-31,Completed
T01520,425,148,Transfer,2738628.4,2025-07-18,Pending
T01521,240,188,Transfer,2366441.73,2025-07-12,Pending
T01522,332,465,Bill Payment,3123.39,2025-02-07,Pending
T01523,162,116,Transfer,1436216.93,2023-09-04,Completed
T01524,288,290,Transfer,1813518.47,2024-08-03,Completed
T01525,250,521,Deposit,811669.12,2024-09-05,Failed
T01526,393,110,Transfer,1668671.51,2023-09-24,Completed
T01527,262,310,Bill Payment,40141.57,2024-07-08,Pending
T01528,234,245,Withdrawal,2740197.14,2024-03-14,Pending
T01529,102,394,Deposit,681757.96,2024-09-08,Failed
T01530,477,606,Bill Payment,78452.97,2024-06-15,Pending
T01531,497,581,Transfer,1633808.38,2024-07-12,Completed
T01532,259,178,Deposit,1478864.41,2023-03-01,Failed
T01533,477,588,Bill Payment,11520.85,2024-02-02,Failed
T01534,53,475,Transfer,1665485.56,2024-07-28,Pending
T01535,416,181,Transfer,2867672.4,2024-02-02,Completed
T01536,219,613,Deposit,1371174.61,2025-08-03,Failed
T01537,41,389,Transfer,1483138.29,2023-11-04,Failed
T01538,26,63,Deposit,435614.74,2024-05-08,Completed
T01539,479,595,Deposit,1514276.9,2023-05-30,Failed
T01540,266,153,Bill Payment,53172.46,2025-09-05,Pending
T01541,261,631,Bill Payment,19647.1,2024-10-10,Failed
T01542,378,325,Transfer,1711044.09,2023-01-17,Failed
T01543,115,312,Bill Payment,71807.34,2023-02-23,Pending
T01544,418,92,Deposit,1223175.77,2023-02-14,Failed
T01545,417,414,Withdrawal,4262673.39,2023-02-26,Completed
T01546,287,379,Deposit,2186.21,2024-08-05,Failed
T01547,185,368,Deposit,1722565.06,2023-03-04,Completed
T01548,121,241,Bill Payment,70251.97,2024-05-05,Pending
T01549,174,641,Transfer,2135465.07,2023-04-25,Pending
T01550,188,391,Bill Payment,54557.37,2025-02-15,Failed
T01551,259,178,Bill Payment,13992.98,2023-01-06,Failed
T01552,102,394,Transfer,2519968.08,2025-04-03,Completed
T01553,184,296,Withdrawal,672252.96,2025-02-23,Completed
T01554,38,664,Deposit,288419.77,2025-02-23,Pending
T01555,62,674,Bill Payment,97500.01,2024-02-29,Completed
T01556,315,87,Withdrawal,3211572.26,2025-08-10,Pending
T01557,450,467,Bill Payment,62362.52,2023-04-12,Pending
T01558,422,522,Bill Payment,55249.8,2024-07-04,Pending
T01559,102,394,Transfer,677609.88,2024-04-06,Pending
T01560,194,620,Deposit,1156088.03,2025-08-03,Failed
T01561,477,243,Transfer,1232808.02,2024-07-23,Failed
T01562,357,591,Transfer,100868.9,2022-12-23,Completed
T01563,8,582,Bill Payment,70517.77,2023-12-25,Completed
T01564,479,595,Bill Payment,96177.6,2025-04-24,Completed
T01565,200,146,Transfer,1395076.51,2024-02-02,Completed
T01566,457,536,Deposit,490839.99,2024-04-03,Failed
T01567,341,680,Deposit,1368306,2023-03-14,Failed
T01568,406,594,Transfer,1839310.82,2025-03-20,Pending
T01569,477,548,Deposit,938003.19,2024-12-01,Failed
T01570,185,481,Transfer,1263337.81,2023-08-31,Pending
T01571,25,297,Withdrawal,177595.87,2023-06-02,Failed
T01572,115,312,Transfer,184722.58,2025-07-21,Pending
T01573,348,593,Withdrawal,2864727.12,2024-10-23,Failed
T01574,233,299,Deposit,573987.9,2023-09-18,Completed
T01575,390,130,Deposit,1702964.79,2023-03-22,Pending
T01576,336,259,Withdrawal,3079373,2024-03-31,Pending
T01577,182,264,Deposit,1482987.62,2025-02-15,Failed
T01578,82,179,Withdrawal,3296119.05,2024-04-27,Pending
T01579,385,180,Transfer,2347691.85,2023-04-01,Completed
T01580,393,497,Withdrawal,3997060.66,2023-12-11,Completed
T01581,235,352,Deposit,1934707.59,2025-03-14,Failed
T01582,284,158,Bill Payment,75300.85,2023-09-21,Pending
T01583,259,393,Withdrawal,3303675.78,2024-08-01,Failed
T01584,416,653,Withdrawal,1055072.88,2025-02-22,Failed
T01585,170,354,Deposit,1284701.06,2025-05-27,Completed
T01586,433,54,Withdrawal,2320610.63,2025-05-15,Pending
T01587,85,309,Bill Payment,74640.44,2025-08-18,Failed
T01588,235,240,Bill Payment,68382.64,2025-06-29,Pending
T01589,262,486,Transfer,435876.92,2025-02-15,Pending
T01590,201,13,Transfer,2781703.97,2022-11-14,Pending
T01591,400,392,Transfer,2885307.29,2025-05-08,Failed
T01592,38,43,Deposit,1835465.43,2025-07-22,Failed
T01593,132,363,Bill Payment,61087.51,2025-09-16,Failed
T01594,499,280,Transfer,811343.19,2023-11-24,Completed
T01595,207,262,Bill Payment,46164.75,2022-11-18,Failed
T01596,111,248,Withdrawal,2600241.66,2023-07-12,Failed
T01597,387,185,Transfer,1643063.86,2023-12-03,Failed
T01598,84,9,Deposit,24416.84,2025-09-30,Completed
T01599,111,538,Deposit,1371156.35,2024-01-27,Pending
T01600,258,225,Transfer,756062.37,2024-03-15,Completed
T01601,226,25,Deposit,114235.38,2024-04-02,Failed
T01602,445,673,Withdrawal,4752494.31,2022-10-14,Failed
T01603,8,125,Deposit,173229.55,2023-07-13,Failed
T01604,243,134,Bill Payment,65673.82,2023-05-15,Failed
T01605,234,580,Withdrawal,4480112.15,2025-03-02,Failed
T01606,16,189,Transfer,884058.57,2025-07-22,Failed
T01607,404,78,Bill Payment,92277.27,2024-06-18,Pending
T01608,357,438,Transfer,772381.12,2023-01-21,Completed
T01609,313,284,Deposit,765906.61,2023-05-13,Pending
T01610,393,62,Transfer,2866839.29,2025-06-14,Pending
T01611,332,183,Bill Payment,7032.91,2022-11-21,Completed
T01612,297,625,Bill Payment,17926.37,2023-02-24,Pending
T01613,374,112,Withdrawal,2703620.15,2025-01-06,Pending
T01614,489,224,Deposit,1825262.14,2023-09-04,Failed
T01615,146,266,Deposit,70204.36,2024-05-11,Completed
T01616,328,586,Transfer,2331822.88,2024-07-18,Completed
T01617,466,510,Withdrawal,3264673.8,2024-09-08,Completed
T01618,83,39,Bill Payment,26717,2024-03-17,Failed
T01619,135,338,Bill Payment,57506.56,2023-06-06,Failed
T01620,143,503,Bill Payment,43662.16,2024-05-01,Failed
T01621,256,72,Withdrawal,17533.49,2024-02-01,Failed
T01622,37,494,Deposit,1134704.15,2024-02-20,Pending
T01623,88,342,Transfer,1202144.09,2025-03-04,Failed
T01624,186,663,Deposit,731028.05,2025-04-18,Pending
T01625,175,83,Bill Payment,76069.26,2023-02-13,Pending
T01626,38,664,Withdrawal,883914.9,2022-12-25,Completed
T01627,102,394,Withdrawal,1495052.86,2023-06-03,Pending
T01628,393,110,Transfer,1459767.37,2023-06-06,Failed
T01629,193,449,Withdrawal,700574.82,2025-05-21,Completed
T01630,48,26,Withdrawal,2446673.52,2022-12-21,Completed
T01631,498,554,Transfer,1499302.61,2025-08-16,Pending
T01632,251,17,Deposit,678900.57,2023-02-08,Pending
T01633,259,44,Bill Payment,11906.89,2023-12-01,Failed
T01634,441,684,Bill Payment,94014.97,2024-08-23,Failed
T01635,266,153,Withdrawal,4624154.24,2025-07-29,Completed
T01636,372,145,Bill Payment,65417.77,2024-07-24,Pending
T01637,256,634,Deposit,485743.76,2024-10-28,Failed
T01638,243,134,Deposit,344911.89,2025-05-05,Completed
T01639,181,315,Deposit,912641.09,2024-08-21,Completed
T01640,477,606,Deposit,1635691.46,2024-07-09,Completed
T01641,297,117,Bill Payment,59538.24,2023-12-03,Failed
T01642,33,226,Deposit,1609004.84,2023-09-04,Pending
T01643,135,346,Bill Payment,32491.07,2024-12-08,Failed
T01644,437,590,Withdrawal,1608627.84,2023-03-30,Completed
T01645,324,47,Withdrawal,1678183.13,2024-03-24,Completed
T01646,265,281,Withdrawal,3787992.88,2024-08-02,Completed
T01647,287,379,Withdrawal,2193867.4,2023-03-26,Failed
T01648,447,42,Withdrawal,500739.29,2023-12-19,Failed
T01649,214,628,Bill Payment,77788.4,2025-08-23,Completed
T01650,395,499,Deposit,13195.98,2025-08-23,Completed
T01651,418,92,Transfer,1248958.62,2025-04-13,Pending
T01652,390,130,Withdrawal,716296.22,2024-10-29,Pending
T01653,457,536,Bill Payment,41261.93,2024-12-31,Completed
T01654,29,626,Deposit,1192745.81,2025-08-06,Failed
T01655,253,512,Deposit,1254569.71,2024-01-27,Pending
T01656,73,357,Bill Payment,556.55,2022-12-14,Completed
T01657,379,197,Deposit,1973213.75,2023-09-12,Completed
T01658,256,634,Transfer,2588261.81,2024-06-10,Failed
T01659,282,520,Withdrawal,2321615.82,2025-04-23,Failed
T01660,196,676,Withdrawal,1382856.49,2022-12-29,Completed
T01661,162,116,Withdrawal,3426533.53,2022-10-16,Pending
T01662,466,510,Withdrawal,799638.21,2023-08-18,Completed
T01663,62,56,Transfer,855551.03,2024-01-16,Pending
T01664,185,258,Transfer,1850649.64,2023-08-29,Pending
T01665,118,45,Deposit,1480963.56,2023-05-06,Failed
T01666,416,181,Withdrawal,3927674.6,2023-11-05,Pending
T01667,121,528,Deposit,142183.57,2023-12-28,Completed
T01668,472,456,Transfer,1257489.29,2024-02-26,Failed
T01669,183,694,Transfer,690574.68,2023-04-09,Completed
T01670,214,334,Withdrawal,491222.6,2022-10-17,Failed
T01671,242,423,Withdrawal,1878286.41,2024-11-15,Completed
T01672,371,76,Bill Payment,58550.72,2024-08-03,Completed
T01673,198,447,Withdrawal,1081609.65,2023-07-04,Failed
T01674,376,466,Withdrawal,1937264.19,2023-04-23,Completed
T01675,409,469,Withdrawal,3160473.56,2024-05-17,Pending
T01676,132,208,Transfer,382071.69,2025-01-09,Failed
T01677,159,583,Deposit,561568.01,2025-10-02,Completed
T01678,62,477,Bill Payment,41880.56,2023-09-27,Pending
T01679,33,226,Transfer,1811106.13,2024-11-20,Failed
T01680,330,627,Withdrawal,2891029.11,2025-02-18,Failed
T01681,320,236,Deposit,823686.44,2025-08-07,Failed
T01682,334,501,Withdrawal,2958312.78,2024-04-07,Pending
T01683,499,286,Deposit,1460170.5,2023-01-24,Failed
T01684,327,253,Withdrawal,1637152.44,2024-06-12,Failed
T01685,133,228,Withdrawal,4568859.85,2022-12-09,Completed
T01686,105,428,Deposit,80597.33,2024-08-12,Pending
T01687,151,517,Deposit,851682.44,2022-11-03,Pending
T01688,250,491,Deposit,905156.52,2024-09-18,Completed
T01689,108,86,Deposit,1386473.1,2023-02-02,Pending
T01690,489,224,Withdrawal,1792670,2024-02-03,Completed
T01691,38,664,Deposit,32352.36,2025-03-17,Failed
T01692,322,313,Withdrawal,3516819.14,2024-08-01,Failed
T01693,59,598,Deposit,1952853.35,2025-03-13,Pending
T01694,355,142,Bill Payment,18576.08,2024-06-24,Pending
T01695,126,642,Bill Payment,70419.82,2025-06-25,Completed
T01696,117,643,Deposit,770066.1,2024-07-14,Failed
T01697,70,341,Deposit,593531.67,2023-12-28,Pending
T01698,214,628,Withdrawal,3938671.53,2023-04-01,Completed
T01699,462,636,Transfer,2207414.48,2024-06-25,Completed
T01700,121,528,Transfer,2663989.73,2022-11-06,Completed
T01701,259,393,Transfer,1396325.95,2024-02-21,Completed
T01702,173,375,Transfer,526214.58,2023-06-28,Failed
T01703,114,69,Withdrawal,692890.63,2025-05-22,Pending
T01704,234,245,Deposit,1298252.28,2024-09-18,Failed
T01705,479,595,Withdrawal,3766114.32,2025-09-10,Completed
T01706,322,329,Transfer,2693850.15,2024-04-19,Failed
T01707,433,697,Bill Payment,27786.82,2023-02-18,Completed
T01708,231,382,Transfer,1357505.74,2024-08-13,Failed
T01709,347,540,Deposit,940592.62,2023-03-18,Failed
T01710,248,695,Transfer,1356209.16,2023-10-17,Pending
T01711,299,690,Deposit,377112.99,2024-08-11,Pending
T01712,178,90,Deposit,781669.66,2025-04-06,Completed
T01713,184,296,Deposit,219175.16,2024-06-18,Pending
T01714,405,115,Withdrawal,2482147.35,2024-12-26,Completed
T01715,338,534,Deposit,586692.3,2023-02-04,Failed
T01716,407,555,Withdrawal,2370050.68,2024-06-10,Pending
T01717,134,455,Deposit,583387.84,2024-01-29,Completed
T01718,49,23,Withdrawal,4174902.65,2024-03-15,Failed
T01719,481,661,Transfer,1235369.34,2023-09-14,Pending
T01720,96,672,Transfer,1458702.1,2024-03-05,Failed
T01721,403,543,Bill Payment,45854.91,2023-06-23,Failed
T01722,358,136,Transfer,515625.51,2023-01-31,Pending
T01723,89,233,Bill Payment,37253.04,2024-12-06,Pending
T01724,343,49,Withdrawal,1766251.36,2025-06-14,Pending
T01725,496,171,Withdrawal,3559349.05,2023-03-31,Pending
T01726,63,187,Withdrawal,4196819.05,2025-01-06,Failed
T01727,353,683,Withdrawal,807112.31,2024-12-05,Completed
T01728,38,43,Transfer,1723788.25,2023-08-02,Pending
T01729,478,267,Transfer,553897.5,2024-03-30,Failed
T01730,32,36,Transfer,2934078.68,2024-04-02,Completed
T01731,231,382,Bill Payment,54032.67,2025-07-03,Completed
T01732,198,547,Transfer,364909.33,2023-05-22,Completed
T01733,195,415,Bill Payment,76874.96,2023-10-07,Pending
T01734,84,328,Withdrawal,22467.23,2023-03-13,Failed
T01735,267,560,Transfer,1941908.23,2023-05-20,Pending
T01736,262,486,Transfer,2908831.87,2023-11-06,Failed
T01737,353,683,Withdrawal,3998081.3,2023-08-07,Failed
T01738,401,453,Transfer,2067596.37,2023-07-01,Failed
T01739,250,491,Deposit,279276.88,2025-04-27,Failed
T01740,446,120,Transfer,74874.39,2023-05-30,Failed
T01741,33,226,Bill Payment,35803.62,2025-07-19,Pending
T01742,241,57,Withdrawal,2917573.78,2023-01-30,Completed
T01743,3,285,Withdrawal,113720.68,2023-07-07,Failed
T01744,181,457,Deposit,1951691.09,2025-06-06,Pending
T01745,342,200,Bill Payment,31844.01,2024-11-10,Failed
T01746,306,524,Deposit,1816939.68,2024-09-24,Pending
T01747,287,408,Withdrawal,3580102.9,2025-02-26,Pending
T01748,287,379,Bill Payment,37345.83,2025-03-23,Pending
T01749,170,354,Transfer,924601.99,2024-09-01,Pending
T01750,395,575,Deposit,431782.46,2025-08-28,Pending
T01751,327,426,Bill Payment,28934.54,2025-02-27,Failed
T01752,11,435,Bill Payment,14042.81,2025-06-29,Failed
T01753,219,613,Deposit,287706.75,2025-06-17,Pending
T01754,73,487,Transfer,198814.29,2025-06-01,Failed
T01755,214,385,Deposit,13734.43,2024-02-19,Failed
T01756,499,280,Bill Payment,17571.81,2025-06-05,Pending
T01757,8,582,Withdrawal,997088.55,2024-02-08,Pending
T01758,25,297,Bill Payment,4319.07,2023-05-27,Pending
T01759,59,600,Transfer,1482554.41,2024-08-18,Failed
T01760,53,475,Withdrawal,135173.23,2023-01-19,Completed
T01761,284,158,Transfer,900858.14,2024-10-02,Failed
T01762,441,652,Bill Payment,12505.27,2024-08-21,Failed
T01763,379,295,Bill Payment,18019.29,2025-06-11,Failed
T01764,481,661,Withdrawal,143184.48,2024-01-18,Pending
T01765,188,505,Deposit,1197983.2,2023-12-05,Pending
T01766,163,596,Bill Payment,56600.9,2025-04-10,Pending
T01767,65,644,Bill Payment,97428.45,2022-12-31,Completed
T01768,82,383,Deposit,1690637.5,2024-04-03,Completed
T01769,163,596,Deposit,292701.17,2024-12-01,Pending
T01770,424,139,Transfer,490344.9,2023-01-28,Pending
T01771,188,370,Bill Payment,63661.09,2024-01-30,Pending
T01772,270,50,Transfer,875346.46,2024-09-21,Failed
T01773,259,79,Withdrawal,3832445.75,2024-09-06,Completed
T01774,119,97,Withdrawal,2719017.96,2022-12-02,Pending
T01775,85,309,Transfer,2056488.44,2023-01-01,Failed
T01776,488,372,Deposit,1069073.44,2024-04-29,Pending
T01777,425,148,Deposit,274330.42,2023-12-24,Pending
T01778,231,382,Bill Payment,41258.25,2023-02-01,Completed
T01779,249,105,Withdrawal,773620.02,2025-07-02,Completed
T01780,24,193,Deposit,834983.84,2023-02-22,Completed
T01781,446,120,Withdrawal,4617125.35,2025-05-17,Pending
T01782,73,357,Transfer,2073306.59,2025-04-14,Completed
T01783,401,453,Transfer,517035.38,2024-11-30,Pending
T01784,421,30,Deposit,445104.52,2024-05-24,Failed
T01785,200,146,Withdrawal,1537834.19,2024-09-22,Completed
T01786,243,134,Deposit,849897.74,2025-03-24,Completed
T01787,226,80,Deposit,1549497.27,2025-02-12,Pending
T01788,259,44,Withdrawal,539979.09,2022-12-07,Failed
T01789,320,526,Deposit,938430.14,2024-09-02,Pending
T01790,118,45,Deposit,603640.79,2025-03-11,Completed
T01791,44,99,Deposit,1840236.09,2025-07-13,Completed
T01792,273,602,Withdrawal,924724.34,2023-07-24,Pending
T01793,421,30,Deposit,291541.18,2024-02-16,Failed
T01794,3,285,Transfer,1056933.72,2025-05-01,Failed
T01795,214,628,Withdrawal,2525041.24,2024-10-12,Completed
T01796,115,102,Deposit,1057913.06,2024-11-21,Failed
T01797,379,197,Transfer,515734.5,2023-05-27,Failed
T01798,286,5,Deposit,1848502.08,2023-01-09,Failed
T01799,73,487,Transfer,2094549.65,2024-09-03,Completed
T01800,243,451,Deposit,362106.65,2023-03-14,Pending
T01801,41,389,Bill Payment,21505.97,2024-03-21,Completed
T01802,269,418,Deposit,1522938.19,2023-02-13,Pending
T01803,295,127,Bill Payment,11120.58,2024-11-26,Completed
T01804,324,508,Transfer,2114340.38,2025-07-04,Failed
T01805,447,42,Deposit,656566.76,2023-06-30,Completed
T01806,363,395,Transfer,1371108.83,2022-12-04,Failed
T01807,272,320,Bill Payment,22664.76,2023-10-24,Pending
T01808,304,298,Bill Payment,18959.62,2024-08-15,Completed
T01809,48,488,Transfer,538302.2,2024-08-17,Failed
T01810,267,504,Deposit,793041.33,2024-12-27,Failed
T01811,315,675,Deposit,238876.08,2024-12-25,Pending
T01812,29,411,Deposit,1482993.6,2025-05-09,Completed
T01813,26,67,Transfer,2925634.88,2023-06-08,Pending
T01814,86,206,Bill Payment,12363.94,2024-04-22,Pending
T01815,253,512,Transfer,2294568.63,2024-05-06,Failed
T01816,259,608,Transfer,2269030.68,2023-12-18,Failed
T01817,326,410,Transfer,1427740.94,2024-05-28,Failed
T01818,195,415,Bill Payment,51190.31,2024-07-01,Completed
T01819,376,466,Deposit,244819.03,2024-03-13,Pending
T01820,466,510,Withdrawal,3142226.78,2025-08-24,Completed
T01821,481,31,Deposit,1475727.81,2025-04-20,Completed
T01822,494,511,Deposit,1944159.06,2022-12-25,Pending
T01823,194,620,Transfer,458633.59,2025-06-11,Failed
T01824,277,639,Deposit,1520462.8,2025-07-06,Failed
T01825,472,533,Bill Payment,79293.87,2024-03-07,Completed
T01826,132,301,Bill Payment,49076.01,2023-01-15,Pending
T01827,477,556,Transfer,2428540.05,2024-02-29,Failed
T01828,267,560,Deposit,1905184.7,2023-02-28,Completed
T01829,419,441,Deposit,767567.94,2025-02-17,Pending
T01830,145,386,Bill Payment,46019.66,2025-08-23,Completed
T01831,29,182,Transfer,2654158.34,2024-05-27,Completed
T01832,267,504,Bill Payment,13535.38,2023-12-20,Failed
T01833,383,399,Bill Payment,76424.71,2023-10-31,Failed
T01834,497,692,Bill Payment,66041.85,2025-07-20,Failed
T01835,73,553,Bill Payment,47643.51,2025-04-28,Completed
T01836,119,519,Deposit,783073.95,2023-05-26,Pending
T01837,477,606,Bill Payment,61732.27,2024-03-05,Pending
T01838,287,292,Transfer,184741.21,2023-02-08,Failed
T01839,324,47,Withdrawal,4184833.83,2025-03-28,Pending
T01840,59,598,Deposit,1530505.44,2025-07-31,Failed
T01841,174,350,Bill Payment,9825.27,2023-05-12,Pending
T01842,164,366,Bill Payment,35191.8,2024-03-31,Failed
T01843,429,251,Withdrawal,1173875.82,2024-01-29,Pending
T01844,305,607,Deposit,1820822.84,2025-07-20,Completed
T01845,322,313,Deposit,675519.72,2025-09-24,Completed
T01846,192,552,Transfer,112614.18,2025-07-29,Failed
T01847,117,433,Bill Payment,26735.23,2024-06-04,Failed
T01848,185,481,Deposit,1971536.68,2023-04-23,Pending
T01849,454,585,Bill Payment,32309.89,2025-04-16,Completed
T01850,334,501,Deposit,1381882.5,2023-02-13,Completed
T01851,288,345,Bill Payment,50326.58,2024-01-28,Failed
T01852,28,348,Withdrawal,3074524.54,2025-02-19,Pending
T01853,198,447,Withdrawal,2485261.61,2024-05-12,Completed
T01854,207,549,Withdrawal,1437490.44,2025-06-30,Completed
T01855,477,305,Bill Payment,80479.84,2024-02-27,Failed
T01856,127,95,Deposit,1183933.38,2023-04-21,Pending
T01857,114,69,Bill Payment,42767.88,2025-08-10,Pending
T01858,259,79,Transfer,1514166.28,2025-09-30,Pending
T01859,199,444,Transfer,600630.92,2025-09-03,Pending
T01860,185,258,Bill Payment,67188.87,2024-12-30,Failed
T01861,387,185,Deposit,1255873.95,2023-02-27,Failed
T01862,35,192,Bill Payment,21373.99,2025-07-04,Failed
T01863,43,479,Transfer,2811520.2,2025-08-11,Failed
T01864,39,630,Bill Payment,93470.13,2024-07-23,Failed
T01865,126,642,Deposit,1044778.04,2024-12-02,Pending
T01866,285,474,Withdrawal,1202629.37,2024-04-19,Failed
T01867,457,308,Bill Payment,41085,2022-11-02,Completed
T01868,88,650,Withdrawal,4229988.95,2024-04-20,Pending
T01869,394,294,Withdrawal,1282976.73,2024-01-27,Failed
T01870,219,242,Bill Payment,23924.49,2023-07-12,Completed
T01871,379,197,Deposit,491550.43,2023-09-02,Pending
T01872,434,476,Bill Payment,56026.52,2024-03-18,Pending
T01873,117,433,Deposit,404380.02,2024-10-29,Pending
T01874,440,140,Deposit,517164.5,2023-07-30,Pending
T01875,315,675,Withdrawal,3221824.81,2023-09-21,Completed
T01876,381,498,Deposit,111126.88,2023-05-06,Completed
T01877,477,322,Transfer,2601581.75,2023-06-02,Pending
T01878,357,373,Deposit,794091.65,2023-02-01,Failed
T01879,153,144,Withdrawal,560549.89,2024-01-07,Failed
T01880,135,513,Deposit,1044154.14,2023-03-11,Failed
T01881,111,538,Transfer,1489605.08,2024-12-01,Completed
T01882,493,244,Deposit,1546495.17,2025-01-20,Pending
T01883,135,338,Bill Payment,80603.58,2024-12-30,Failed
T01884,219,242,Bill Payment,21879.04,2022-12-02,Completed
T01885,385,180,Withdrawal,4849647.46,2025-07-29,Pending
T01886,256,419,Transfer,2588768.35,2024-03-11,Completed
T01887,143,503,Transfer,2099003.38,2025-05-22,Completed
T01888,378,325,Bill Payment,47537.93,2023-04-26,Completed
T01889,3,285,Withdrawal,1815627.06,2025-04-19,Failed
T01890,217,377,Transfer,63712.09,2024-05-12,Failed
T01891,32,36,Deposit,1381519.57,2023-06-01,Failed
T01892,470,246,Transfer,1658407.35,2023-06-14,Pending
T01893,156,655,Transfer,2709519.72,2023-07-12,Failed
T01894,8,125,Withdrawal,4288378.05,2025-09-15,Pending
T01895,84,9,Bill Payment,92757.99,2025-06-01,Pending
T01896,85,309,Deposit,1872676.65,2023-06-19,Completed
T01897,477,305,Withdrawal,4297224.27,2024-08-14,Completed
T01898,318,450,Transfer,2638462.01,2022-12-11,Failed
T01899,401,417,Deposit,548436.03,2024-07-04,Completed
T01900,267,504,Bill Payment,73720.5,2024-04-22,Pending
T01901,117,433,Deposit,1648889.53,2025-08-20,Failed
T01902,169,268,Deposit,704036.76,2023-10-08,Failed
T01903,79,561,Transfer,1360058.63,2024-08-25,Completed
T01904,433,54,Withdrawal,3151151.55,2025-05-10,Failed
T01905,440,140,Deposit,801623.37,2023-12-21,Failed
T01906,322,313,Transfer,1727640.13,2024-09-01,Completed
T01907,131,162,Withdrawal,2582313.09,2023-10-03,Failed
T01908,243,134,Bill Payment,79284.97,2025-01-11,Pending
T01909,437,463,Bill Payment,87363.23,2023-10-11,Completed
T01910,478,267,Withdrawal,3437646.89,2024-01-28,Pending
T01911,173,289,Withdrawal,422910.35,2024-10-02,Pending
T01912,63,187,Bill Payment,87651.36,2023-08-02,Failed
T01913,414,230,Deposit,1896244.38,2024-04-28,Failed
T01914,186,663,Withdrawal,4534317.06,2025-08-23,Pending
T01915,394,204,Transfer,2103932.83,2025-03-09,Completed
T01916,429,51,Bill Payment,61838.6,2024-08-19,Failed
T01917,478,267,Withdrawal,446217.28,2024-09-21,Pending
T01918,166,175,Deposit,28722.76,2023-12-16,Failed
T01919,37,446,Bill Payment,82743.02,2024-05-20,Pending
T01920,199,122,Withdrawal,3568105,2024-11-24,Completed
T01921,334,273,Transfer,2239455.87,2025-01-01,Pending
T01922,243,134,Bill Payment,85648.14,2024-07-16,Failed
T01923,384,221,Transfer,2180260.85,2023-06-13,Completed
T01924,375,429,Withdrawal,2043211.99,2023-08-11,Completed
T01925,421,30,Transfer,2928396.42,2025-05-01,Completed
T01926,122,633,Bill Payment,90742.09,2023-05-07,Pending
T01927,363,597,Bill Payment,8665.29,2023-10-28,Pending
T01928,223,137,Transfer,2923210.33,2022-12-25,Pending
T01929,248,218,Bill Payment,70874.47,2025-06-27,Failed
T01930,360,612,Transfer,219630.33,2024-10-20,Failed
T01931,341,61,Deposit,666058.65,2024-05-03,Completed
T01932,476,483,Transfer,2990219.94,2025-02-12,Failed
T01933,219,613,Deposit,11219.29,2023-03-13,Failed
T01934,245,635,Bill Payment,30320.48,2024-12-14,Pending
T01935,90,688,Transfer,397148.64,2023-04-16,Failed
T01936,38,43,Withdrawal,1302197.97,2023-12-21,Failed
T01937,188,505,Transfer,2633751.31,2023-02-12,Completed
T01938,418,92,Transfer,2130911.6,2023-06-11,Pending
T01939,200,146,Transfer,350967.75,2023-12-02,Completed
T01940,199,131,Bill Payment,87180.79,2024-09-01,Pending
T01941,188,370,Bill Payment,28364.26,2024-12-10,Pending
T01942,214,628,Transfer,1551159.57,2023-05-21,Pending
T01943,296,169,Transfer,2210739.28,2024-08-14,Pending
T01944,174,155,Bill Payment,5416.9,2023-02-24,Completed
T01945,62,56,Withdrawal,916523.46,2023-09-14,Pending
T01946,478,267,Withdrawal,3530108.35,2024-09-04,Pending
T01947,482,119,Bill Payment,4175.09,2024-03-31,Pending
T01948,395,575,Bill Payment,45830.19,2022-11-15,Completed
T01949,430,152,Deposit,699533.8,2024-07-10,Completed
T01950,149,291,Withdrawal,4174933.34,2022-12-26,Failed
T01951,250,521,Transfer,1689960.54,2024-06-11,Failed
T01952,59,600,Withdrawal,2918153.41,2024-11-22,Completed
T01953,296,539,Withdrawal,2082678.54,2024-05-07,Completed
T01954,327,253,Bill Payment,67723.16,2023-10-06,Pending
T01955,98,27,Transfer,2044096.38,2024-05-26,Failed
T01956,8,125,Bill Payment,37418.48,2023-02-08,Completed
T01957,220,332,Withdrawal,145343.64,2024-05-09,Pending
T01958,196,676,Bill Payment,45460.15,2023-09-18,Pending
T01959,301,609,Deposit,659189.13,2022-11-17,Completed
T01960,96,672,Bill Payment,32559.06,2024-02-12,Failed
T01961,159,583,Withdrawal,1057622.94,2023-03-07,Completed
T01962,487,660,Transfer,969850.95,2025-07-10,Completed
T01963,321,73,Bill Payment,9345.85,2024-03-08,Pending
T01964,332,183,Withdrawal,4825281.5,2023-05-19,Pending
T01965,418,92,Deposit,1704765.49,2023-05-06,Completed
T01966,190,398,Bill Payment,28565.1,2022-12-03,Failed
T01967,284,158,Deposit,597444.05,2023-12-24,Pending
T01968,191,318,Withdrawal,1795862.25,2024-10-07,Completed
T01969,217,377,Withdrawal,2448625.56,2025-09-20,Pending
T01970,48,488,Transfer,1689389.7,2023-05-08,Pending
T01971,387,93,Bill Payment,81118.34,2024-10-02,Failed
T01972,263,191,Bill Payment,63105.56,2024-08-31,Completed
T01973,447,42,Transfer,2919828.74,2025-05-17,Failed
T01974,414,230,Withdrawal,4653407.4,2022-10-13,Failed
T01975,273,645,Deposit,581760.7,2023-02-05,Pending
T01976,331,82,Bill Payment,30109.29,2022-11-03,Completed
T01977,457,308,Withdrawal,2615937.19,2023-11-06,Pending
T01978,159,583,Deposit,1102213.16,2023-09-05,Completed
T01979,320,526,Deposit,1021547.84,2023-05-25,Pending
T01980,119,97,Bill Payment,66119.44,2025-02-03,Failed
T01981,466,260,Transfer,764953.18,2025-05-07,Completed
T01982,342,516,Deposit,228314.01,2025-01-01,Failed
T01983,285,474,Withdrawal,3931099.29,2024-07-23,Pending
T01984,324,47,Deposit,832795,2023-03-26,Failed
T01985,477,305,Transfer,1761831.56,2023-12-26,Pending
T01986,460,687,Bill Payment,62418.66,2023-10-09,Pending
T01987,174,350,Withdrawal,1056130.79,2024-01-15,Completed
T01988,333,619,Transfer,2614911.58,2023-04-12,Completed
T01989,339,445,Deposit,12191.22,2022-12-18,Completed
T01990,237,14,Withdrawal,3279349.06,2023-10-10,Pending
T01991,195,415,Bill Payment,30349.72,2024-07-18,Failed
T01992,188,370,Bill Payment,80483.61,2025-06-23,Completed
T01993,362,129,Withdrawal,70365.71,2025-05-29,Completed
T01994,251,17,Withdrawal,4295201.14,2024-09-14,Completed
T01995,387,493,Withdrawal,3249049.39,2023-01-10,Pending
T01996,126,642,Withdrawal,431381.64,2023-03-26,Pending
T01997,430,152,Bill Payment,42245.73,2024-11-19,Completed
T01998,496,171,Withdrawal,3694167.13,2025-04-19,Pending
T01999,393,497,Bill Payment,2060.82,2025-01-14,Pending
T02000,59,600,Withdrawal,1007490.76,2022-10-30,Failed
T02001,265,402,Deposit,668033.19,2025-06-12,Completed
T02002,282,646,Bill Payment,97950.75,2024-12-13,Pending
T02003,348,593,Transfer,111533.14,2025-03-16,Pending
T02004,381,498,Bill Payment,23267.39,2023-10-15,Completed
T02005,378,541,Deposit,844298.09,2023-05-16,Pending
T02006,214,567,Deposit,536063.82,2023-12-31,Failed
T02007,105,428,Bill Payment,11782.38,2024-08-01,Failed
T02008,74,662,Transfer,1345252.02,2022-10-07,Pending
T02009,138,22,Withdrawal,1440765.9,2025-05-17,Completed
T02010,185,481,Transfer,1314613.01,2024-04-05,Failed
T02011,258,225,Transfer,2765245.92,2023-10-13,Failed
T02012,445,673,Bill Payment,13202.74,2025-03-09,Pending
T02013,157,400,Bill Payment,83324.77,2024-07-13,Failed
T02014,414,669,Transfer,2388020,2023-07-22,Completed
T02015,145,637,Withdrawal,1413003.62,2025-08-02,Failed
T02016,241,89,Bill Payment,12996.75,2025-08-08,Completed
T02017,103,161,Bill Payment,10180.28,2023-02-14,Pending
T02018,58,506,Transfer,704539.36,2024-12-26,Failed
T02019,343,49,Deposit,717894.11,2024-04-17,Pending
T02020,164,366,Withdrawal,874399.26,2023-01-18,Failed
T02021,315,33,Deposit,675800.64,2024-12-30,Completed
T02022,122,633,Withdrawal,604319.48,2025-01-27,Completed
T02023,395,499,Transfer,2980991.63,2024-12-01,Pending
T02024,97,48,Transfer,2689004.94,2024-12-01,Failed
T02025,121,528,Deposit,1412956.63,2025-02-11,Pending
T02026,409,469,Deposit,1949332.18,2022-11-05,Failed
T02027,297,625,Deposit,1647308.65,2024-06-02,Completed
T02028,282,520,Deposit,334509.07,2024-10-04,Completed
T02029,309,211,Transfer,471519.13,2022-12-11,Pending
T02030,401,453,Bill Payment,73281.93,2025-06-18,Completed
T02031,284,158,Transfer,1004155.27,2024-05-27,Completed
T02032,42,126,Withdrawal,2196103.2,2024-05-06,Pending
T02033,480,7,Withdrawal,4174232.04,2023-11-03,Pending
T02034,174,350,Transfer,1515315.67,2022-10-30,Completed
T02035,334,273,Transfer,2145741.63,2024-04-11,Pending
T02036,188,370,Withdrawal,758904.46,2023-01-17,Failed
T02037,96,432,Withdrawal,690833.67,2024-03-23,Pending
T02038,423,424,Bill Payment,89816.72,2023-10-14,Failed
T02039,350,699,Transfer,2831248.9,2025-07-21,Pending
T02040,239,150,Deposit,1435392.66,2025-06-06,Failed
T02041,256,72,Deposit,676938.1,2023-03-15,Pending
T02042,296,169,Bill Payment,6240.69,2025-03-26,Completed
T02043,163,677,Withdrawal,4512653.15,2024-03-04,Completed
T02044,234,647,Transfer,1258206.24,2023-04-30,Failed
T02045,214,567,Transfer,2164792.36,2022-12-12,Pending
T02046,467,353,Deposit,1654093.61,2024-04-04,Failed
T02047,29,626,Withdrawal,3501775.02,2025-01-30,Pending
T02048,487,660,Withdrawal,4438011.21,2024-03-13,Failed
T02049,256,634,Bill Payment,69777.35,2025-06-29,Failed
T02050,195,415,Withdrawal,4404992.44,2023-07-03,Completed
T02051,29,38,Transfer,1170285.62,2025-09-02,Failed
T02052,390,130,Transfer,641596.68,2024-09-25,Failed
T02053,43,566,Transfer,1564246.93,2025-09-19,Failed
T02054,476,164,Deposit,56268.5,2024-10-17,Failed
T02055,305,607,Transfer,724398.67,2025-06-12,Pending
T02056,117,433,Deposit,1464106.34,2023-07-15,Pending
T02057,146,266,Transfer,371877.15,2023-05-02,Failed
T02058,206,128,Bill Payment,29866.32,2023-01-11,Failed
T02059,196,6,Bill Payment,33964.13,2024-09-14,Completed
T02060,163,596,Withdrawal,1752335.34,2022-12-01,Pending
T02061,353,683,Withdrawal,3572040.54,2024-01-03,Failed
T02062,159,254,Deposit,656030,2023-08-14,Failed
T02063,220,198,Transfer,1363201.62,2022-12-12,Completed
T02064,86,436,Bill Payment,8286.52,2023-08-10,Completed
T02065,86,436,Withdrawal,2381789.1,2022-12-09,Pending
T02066,226,80,Transfer,2030628.92,2024-02-07,Pending
T02067,386,603,Bill Payment,87214.28,2024-01-29,Failed
T02068,494,511,Bill Payment,99651.53,2024-12-13,Failed
T02069,375,502,Bill Payment,82398.8,2024-06-14,Completed
T02070,376,518,Withdrawal,2424337.25,2025-01-25,Pending
T02071,397,133,Deposit,1389094.18,2024-10-09,Pending
T02072,108,485,Deposit,1493119.36,2023-11-02,Failed
T02073,287,379,Deposit,1203399.63,2022-11-30,Pending
T02074,177,113,Deposit,739487.14,2025-07-05,Pending
T02075,447,42,Withdrawal,589593.32,2023-07-28,Pending
T02076,264,384,Transfer,882296.89,2023-12-23,Completed
T02077,189,147,Withdrawal,3919178.71,2024-04-11,Pending
T02078,270,50,Transfer,2667227.09,2022-12-18,Completed
T02079,240,188,Bill Payment,308.37,2025-07-19,Failed
T02080,35,358,Deposit,1740917.86,2024-03-03,Pending
T02081,387,493,Transfer,1697509.05,2023-12-03,Pending
T02082,417,387,Bill Payment,83462.55,2023-04-16,Failed
T02083,358,136,Withdrawal,2524314.54,2024-04-28,Pending
T02084,494,461,Bill Payment,14983.36,2024-08-13,Failed
T02085,214,334,Deposit,1599723.34,2024-06-17,Failed
T02086,277,639,Bill Payment,38784.79,2024-08-18,Pending
T02087,28,348,Deposit,1916179.94,2024-05-27,Pending
T02088,3,285,Deposit,1731974.17,2024-03-14,Failed
T02089,48,26,Transfer,1683352.54,2023-07-22,Completed
T02090,487,660,Deposit,385257.25,2024-11-13,Failed
T02091,407,555,Deposit,1914606.97,2025-09-14,Failed
T02092,19,194,Bill Payment,50313.62,2024-11-15,Completed
T02093,181,124,Withdrawal,4811921.45,2024-04-27,Pending
T02094,309,211,Withdrawal,4148623.06,2024-12-19,Failed
T02095,134,455,Deposit,1613938.59,2023-11-23,Failed
T02096,322,329,Bill Payment,58930.41,2023-02-10,Pending
T02097,259,24,Transfer,1311333.75,2024-07-25,Pending
T02098,226,25,Transfer,1146341.94,2023-02-04,Completed
T02099,247,118,Deposit,1083787.66,2024-08-03,Pending
T02100,425,148,Withdrawal,1278517.07,2025-04-27,Completed
T02101,284,158,Transfer,2856518.1,2023-07-12,Failed
T02102,388,174,Deposit,1229143.62,2025-01-29,Pending
T02103,216,186,Deposit,1426744.6,2024-01-04,Pending
T02104,157,400,Deposit,640422.91,2024-02-15,Pending
T02105,220,332,Transfer,1126851.72,2023-03-13,Completed
T02106,433,54,Withdrawal,1198875.2,2023-02-06,Failed
T02107,267,601,Withdrawal,2465404.23,2024-02-26,Failed
T02108,363,395,Deposit,538940.41,2025-07-27,Pending
T02109,434,476,Bill Payment,6639.28,2024-01-07,Completed
T02110,269,418,Withdrawal,4568761.76,2024-01-24,Completed
T02111,426,276,Deposit,493009.03,2024-08-27,Failed
T02112,327,668,Withdrawal,1523759.6,2025-04-28,Pending
T02113,181,457,Deposit,1692632.57,2024-07-27,Failed
T02114,280,209,Withdrawal,1867152.8,2023-06-20,Completed
T02115,142,252,Bill Payment,96139.08,2025-09-10,Failed
T02116,437,463,Deposit,2501.62,2024-08-24,Pending
T02117,462,636,Transfer,1959350.02,2024-04-03,Completed
T02118,305,1,Deposit,1867046.88,2024-08-29,Pending
T02119,499,280,Transfer,2518543.42,2022-12-09,Pending
T02120,466,360,Withdrawal,2926210.67,2024-04-04,Failed
T02121,173,289,Deposit,323251.9,2025-05-17,Failed
T02122,308,577,Deposit,601626.38,2024-08-10,Pending
T02123,42,126,Withdrawal,3625643.83,2023-12-05,Pending
T02124,483,443,Withdrawal,3052616.1,2025-06-24,Pending
T02125,350,699,Transfer,1905692.06,2023-01-02,Failed
T02126,249,464,Transfer,738161.89,2023-01-29,Pending
T02127,174,350,Withdrawal,2299536.91,2025-08-12,Failed
T02128,364,337,Deposit,1828079.47,2025-06-21,Completed
T02129,74,662,Deposit,1217769.11,2024-06-27,Completed
T02130,213,10,Withdrawal,2066402,2024-04-21,Failed
T02131,334,501,Bill Payment,53859.33,2024-12-10,Failed
T02132,132,667,Deposit,1077529.33,2025-08-25,Failed
T02133,472,456,Deposit,706312.97,2023-06-10,Pending
T02134,440,616,Transfer,1160559.73,2022-11-22,Failed
T02135,84,9,Deposit,925653.72,2023-05-14,Completed
T02136,472,456,Deposit,443430.77,2025-05-05,Completed
T02137,422,288,Transfer,574939.27,2025-08-23,Failed
T02138,174,641,Transfer,2425339.28,2024-08-15,Completed
T02139,235,240,Bill Payment,96732.92,2022-11-28,Completed
T02140,422,288,Bill Payment,90460.31,2023-04-19,Failed
T02141,166,621,Withdrawal,36669.87,2023-01-17,Failed
T02142,10,406,Deposit,1739897.51,2023-10-06,Failed
T02143,135,513,Bill Payment,17130.66,2025-07-03,Completed
T02144,196,676,Withdrawal,327737.76,2024-04-26,Completed
T02145,26,67,Withdrawal,1298862.78,2024-04-19,Failed
T02146,141,234,Transfer,575958.72,2024-05-21,Failed
T02147,259,24,Transfer,2042200.72,2025-03-04,Pending
T02148,137,3,Bill Payment,64132.53,2022-11-24,Failed
T02149,433,54,Transfer,1297928.24,2025-05-01,Pending
T02150,265,281,Deposit,1360506.86,2023-05-31,Pending
T02151,324,508,Transfer,1552012.11,2025-08-24,Completed
T02152,414,230,Deposit,556227.09,2024-09-02,Pending
T02153,312,546,Bill Payment,31692.57,2024-05-03,Pending
T02154,342,200,Transfer,245885.8,2024-05-04,Failed
T02155,48,26,Withdrawal,4890499.96,2024-08-24,Pending
T02156,355,77,Withdrawal,985187.21,2023-02-01,Pending
T02157,234,319,Deposit,1252176.38,2025-03-14,Completed
T02158,106,29,Bill Payment,43251.7,2023-05-06,Completed
T02159,305,607,Transfer,2521602.5,2025-01-04,Completed
T02160,267,111,Bill Payment,23912.09,2024-04-27,Pending
T02161,62,56,Transfer,1559265.3,2024-06-14,Completed
T02162,265,75,Bill Payment,76433.45,2024-02-05,Failed
T02163,402,458,Deposit,171526.63,2025-07-10,Completed
T02164,253,35,Bill Payment,31396.62,2023-12-11,Failed
T02165,26,67,Withdrawal,310949.17,2023-10-27,Pending
T02166,241,57,Transfer,1832410.55,2023-03-30,Pending
T02167,189,68,Deposit,1355290.13,2022-11-14,Failed
T02168,433,54,Transfer,2549862.98,2023-07-21,Pending
T02169,44,99,Bill Payment,23387.89,2024-11-18,Failed
T02170,196,676,Deposit,907095.79,2024-12-17,Pending
T02171,262,439,Deposit,679563.14,2024-05-28,Failed
T02172,98,27,Bill Payment,51769.57,2025-02-23,Failed
T02173,220,198,Deposit,205827.96,2023-04-05,Failed
T02174,151,70,Withdrawal,4521945.59,2023-11-15,Completed
T02175,416,653,Transfer,1066495.95,2023-11-13,Pending
T02176,462,636,Bill Payment,18673.75,2025-10-02,Completed
T02177,14,46,Deposit,255797.66,2024-08-28,Failed
T02178,198,447,Transfer,933909.13,2023-09-03,Failed
T02179,239,150,Withdrawal,2348149.28,2025-05-12,Failed
T02180,235,352,Transfer,1106805.57,2023-12-22,Completed
T02181,36,531,Withdrawal,287530.91,2025-09-17,Failed
T02182,7,573,Deposit,844411.25,2024-11-06,Completed
T02183,86,206,Withdrawal,3926533.77,2023-08-11,Pending
T02184,19,194,Bill Payment,69508.68,2023-04-13,Pending
T02185,170,615,Transfer,2556100.04,2023-05-03,Failed
T02186,376,344,Transfer,1256376.52,2023-01-28,Completed
T02187,58,108,Bill Payment,87622.94,2024-09-06,Completed
T02188,324,508,Withdrawal,4599848.01,2023-06-30,Failed
T02189,68,229,Withdrawal,2333217.25,2024-08-26,Completed
T02190,234,245,Bill Payment,73485.16,2023-02-18,Pending
T02191,214,385,Withdrawal,2002162.52,2025-08-29,Completed
T02192,488,372,Deposit,147925.45,2024-02-13,Completed
T02193,280,569,Deposit,285232.75,2025-08-07,Pending
T02194,342,200,Transfer,132192.53,2024-03-27,Completed
T02195,394,204,Withdrawal,1421220.32,2023-01-13,Completed
T02196,75,269,Withdrawal,1699747.65,2025-02-05,Failed
T02197,142,252,Withdrawal,980741.81,2025-01-24,Completed
T02198,75,269,Deposit,42477.02,2023-12-30,Failed
T02199,299,141,Bill Payment,65521.43,2024-01-13,Completed
T02200,17,347,Withdrawal,1526056.82,2023-06-06,Completed
T02201,287,379,Transfer,1982895.69,2025-09-26,Failed
T02202,277,639,Bill Payment,87850.94,2025-06-21,Completed
T02203,199,122,Withdrawal,4413732.89,2023-07-02,Completed
T02204,367,195,Withdrawal,2663241,2024-04-18,Failed
T02205,264,384,Transfer,1798847.71,2024-12-03,Failed
T02206,429,251,Deposit,1526283.21,2023-09-18,Failed
T02207,19,194,Transfer,2368868.57,2023-04-11,Pending
T02208,159,254,Deposit,1259103.55,2023-08-13,Pending
T02209,390,130,Bill Payment,21002.83,2023-05-08,Completed
T02210,57,482,Deposit,335283.37,2023-10-07,Pending
T02211,481,661,Transfer,1496014.03,2024-11-10,Pending
T02212,474,184,Transfer,2137604.38,2022-11-14,Failed
T02213,474,495,Bill Payment,47428.44,2024-04-17,Failed
T02214,29,411,Deposit,414795.6,2025-02-11,Completed
T02215,437,463,Withdrawal,1980103.98,2025-03-12,Pending
T02216,86,436,Bill Payment,57179.9,2024-04-30,Pending
T02217,208,261,Deposit,269093.47,2024-09-30,Completed
T02218,427,303,Bill Payment,51930.19,2025-02-07,Completed
T02219,59,598,Deposit,930773.6,2023-04-24,Failed
T02220,288,345,Bill Payment,45170.01,2025-05-12,Pending
T02221,256,419,Transfer,2413611.14,2023-02-15,Pending
T02222,499,280,Bill Payment,2569.35,2023-01-15,Pending
T02223,235,240,Transfer,1936241.88,2024-01-28,Pending
T02224,303,85,Transfer,2527888.87,2024-06-14,Failed
T02225,267,560,Deposit,1571853.66,2024-10-17,Completed
T02226,59,101,Deposit,143161.68,2024-12-29,Completed
T02227,267,560,Withdrawal,1669455.45,2024-07-04,Failed
T02228,135,338,Transfer,908495.39,2024-07-02,Failed
T02229,67,282,Withdrawal,3528507.55,2025-03-16,Completed
T02230,414,557,Transfer,26097.37,2023-01-27,Pending
T02231,173,289,Transfer,2349493.2,2023-04-17,Pending
T02232,72,416,Deposit,944271.99,2024-02-09,Failed
T02233,266,153,Bill Payment,22835.09,2025-06-28,Failed
T02234,35,215,Bill Payment,23448.95,2023-01-28,Failed
T02235,43,566,Bill Payment,72278.78,2024-09-03,Pending
T02236,340,349,Deposit,626493.13,2024-09-27,Completed
T02237,205,440,Bill Payment,21037.52,2025-08-26,Pending
T02238,128,572,Deposit,749712.98,2024-12-16,Failed
T02239,153,132,Transfer,2830090.33,2024-03-23,Completed
T02240,253,512,Transfer,1019796.81,2023-04-22,Pending
T02241,86,436,Bill Payment,76307.87,2025-02-07,Failed
T02242,388,551,Transfer,978575.5,2025-06-24,Completed
T02243,8,582,Deposit,1844327.31,2025-04-05,Completed
T02244,3,339,Bill Payment,98019.19,2023-07-14,Completed
T02245,63,401,Deposit,1069213.92,2023-04-23,Completed
T02246,73,487,Deposit,658018.3,2024-08-07,Pending
T02247,156,655,Transfer,280177.9,2024-11-24,Completed
T02248,497,692,Withdrawal,161263.71,2022-12-30,Failed
T02249,426,618,Bill Payment,2781.17,2023-04-15,Completed
T02250,256,72,Bill Payment,28453.38,2024-12-17,Completed
T02251,233,299,Deposit,909600.04,2023-05-30,Pending
T02252,36,531,Deposit,344065.52,2024-01-20,Pending
T02253,63,401,Withdrawal,4947986.02,2023-06-17,Completed
T02254,434,550,Bill Payment,47877.29,2023-06-13,Completed
T02255,383,399,Withdrawal,650531.48,2024-02-18,Completed
T02256,191,318,Bill Payment,81807.82,2023-09-20,Failed
T02257,73,487,Withdrawal,3018943.53,2024-03-25,Pending
T02258,273,602,Withdrawal,2512872.63,2024-12-19,Failed
T02259,297,470,Transfer,605507.34,2023-12-20,Completed
T02260,181,457,Deposit,1649252.96,2023-02-04,Failed
T02261,327,253,Transfer,2730952.47,2023-10-29,Pending
T02262,372,472,Bill Payment,57655.66,2023-08-05,Failed
T02263,89,94,Transfer,1939074.26,2025-06-17,Pending
T02264,232,356,Transfer,1173575.56,2025-02-06,Completed
T02265,327,426,Withdrawal,898710.97,2023-12-05,Failed
T02266,483,443,Bill Payment,38528.03,2023-04-17,Failed
T02267,240,188,Deposit,787405.86,2025-06-01,Completed
T02268,470,246,Withdrawal,1369607.61,2024-01-18,Failed
T02269,388,551,Transfer,2000137.49,2025-05-16,Completed
T02270,259,223,Bill Payment,41186.69,2025-01-10,Failed
T02271,8,125,Transfer,230062.64,2023-02-27,Completed
T02272,151,517,Transfer,1230583.15,2024-11-23,Completed
T02273,336,259,Withdrawal,2530816.79,2025-06-26,Pending
T02274,251,28,Deposit,1277913.81,2023-06-23,Failed
T02275,325,473,Bill Payment,34431.41,2025-04-11,Pending
T02276,342,200,Bill Payment,3873.69,2025-03-25,Pending
T02277,247,118,Withdrawal,1636224.7,2023-06-01,Failed
T02278,434,476,Bill Payment,46189.56,2023-06-27,Completed
T02279,179,562,Withdrawal,3568194.12,2025-07-24,Pending
T02280,153,144,Bill Payment,82060.63,2025-06-01,Completed
T02281,166,175,Deposit,1214173.62,2025-05-02,Completed
T02282,216,302,Deposit,1069540.34,2024-03-12,Pending
T02283,119,173,Deposit,1342948.62,2025-02-26,Completed
T02284,183,694,Transfer,460912.68,2022-12-07,Pending
T02285,332,183,Withdrawal,3572346.95,2022-11-18,Failed
T02286,312,546,Withdrawal,2210848.66,2023-02-08,Completed
T02287,358,651,Deposit,781541.47,2022-12-14,Pending
T02288,134,455,Deposit,1196611.6,2025-06-27,Completed
T02289,417,387,Withdrawal,4644173.94,2025-03-18,Pending
T02290,234,245,Withdrawal,457840.76,2023-11-20,Pending
T02291,106,29,Deposit,674564.73,2025-07-12,Completed
T02292,433,697,Deposit,441525.42,2023-08-28,Completed
T02293,150,681,Withdrawal,3620333.47,2025-03-11,Completed
T02294,327,426,Deposit,1631340.86,2024-07-13,Pending
T02295,214,576,Withdrawal,3123742.09,2025-05-22,Failed
T02296,473,405,Bill Payment,12168.32,2025-06-23,Completed
T02297,470,109,Transfer,970441.8,2022-11-21,Completed
T02298,428,412,Transfer,36438.14,2024-11-16,Completed
T02299,297,470,Withdrawal,331015.4,2025-06-05,Pending
T02300,224,666,Transfer,132294.86,2025-01-29,Completed
T02301,299,421,Transfer,2302751.62,2023-12-28,Pending
T02302,249,105,Withdrawal,1260448.83,2025-06-28,Completed
T02303,170,615,Transfer,2944256.98,2024-01-17,Failed
T02304,190,398,Withdrawal,1660900.69,2024-10-24,Failed
T02305,288,326,Bill Payment,6844.6,2023-10-20,Completed
T02306,204,624,Bill Payment,38298.9,2025-09-03,Failed
T02307,124,239,Deposit,465595.51,2024-06-26,Failed
T02308,206,128,Transfer,709570.78,2024-01-10,Pending
T02309,452,250,Deposit,120316.07,2024-09-08,Pending
T02310,494,511,Transfer,606434.36,2023-01-26,Pending
T02311,276,210,Deposit,476508.9,2025-09-08,Failed
T02312,219,613,Bill Payment,73951.64,2023-01-06,Pending
T02313,172,138,Transfer,952957.21,2023-06-07,Completed
T02314,338,534,Bill Payment,64839.84,2024-08-17,Pending
T02315,226,25,Withdrawal,4234827.29,2024-07-11,Pending
T02316,46,351,Withdrawal,1029881.36,2024-10-26,Completed
T02317,150,681,Withdrawal,4007457.59,2024-09-25,Failed
T02318,133,228,Bill Payment,52195.05,2023-08-17,Completed
T02319,401,453,Deposit,129701.45,2024-03-16,Pending
T02320,256,72,Withdrawal,261482.2,2025-05-04,Completed
T02321,276,210,Withdrawal,459705.2,2023-05-16,Failed
T02322,88,563,Withdrawal,1182314.33,2024-02-02,Completed
T02323,86,437,Bill Payment,31215.15,2024-02-13,Failed
T02324,142,203,Withdrawal,2120659.86,2024-03-24,Failed
T02325,100,255,Transfer,856415.99,2024-06-15,Pending
T02326,358,651,Withdrawal,1360032.06,2023-04-26,Pending
T02327,331,82,Transfer,1195034.3,2024-05-02,Completed
T02328,476,483,Bill Payment,42327.46,2024-12-12,Failed
T02329,199,444,Withdrawal,4098199.44,2025-02-23,Pending
T02330,282,21,Bill Payment,42796.99,2023-03-18,Completed
T02331,457,308,Withdrawal,2764707.83,2024-02-12,Completed
T02332,182,264,Bill Payment,46418.76,2023-10-15,Pending
T02333,149,291,Bill Payment,56258,2024-09-28,Pending
T02334,74,74,Transfer,410400.72,2023-04-13,Pending
T02335,70,201,Withdrawal,4580743.56,2023-11-24,Completed
T02336,237,14,Transfer,1474615.43,2024-09-02,Pending
T02337,473,405,Transfer,1152420.25,2023-10-25,Pending
T02338,223,657,Deposit,817870.78,2023-05-11,Completed
T02339,206,128,Bill Payment,93219.74,2023-03-04,Completed
T02340,93,199,Bill Payment,95713.98,2022-12-22,Failed
T02341,73,357,Bill Payment,63534.48,2023-12-29,Pending
T02342,346,60,Bill Payment,92659.22,2024-05-23,Failed
T02343,327,253,Withdrawal,2389150.07,2025-05-17,Pending
T02344,234,647,Deposit,1395094.11,2024-07-15,Failed
T02345,430,152,Transfer,1816504.19,2023-10-25,Failed
T02346,474,151,Transfer,742620.7,2023-06-10,Failed
T02347,154,679,Withdrawal,62674.6,2024-02-25,Completed
T02348,487,660,Bill Payment,39826.93,2025-03-20,Failed
T02349,175,83,Withdrawal,4380154.83,2024-02-02,Completed
T02350,357,438,Transfer,2075664.48,2023-07-26,Failed
T02351,312,546,Bill Payment,58649.37,2023-06-09,Failed
T02352,71,422,Deposit,218993.51,2024-11-17,Failed
T02353,467,353,Withdrawal,1345837.67,2024-12-12,Completed
T02354,287,408,Transfer,19757.71,2024-09-29,Completed
T02355,267,504,Deposit,194192.89,2024-11-17,Failed
T02356,105,428,Bill Payment,65486.67,2024-01-27,Failed
T02357,60,442,Withdrawal,882830.09,2024-11-15,Completed
T02358,172,138,Withdrawal,2432869.83,2022-11-10,Failed
T02359,177,113,Bill Payment,56752.5,2023-02-21,Completed
T02360,263,191,Withdrawal,295851.34,2024-06-06,Completed
T02361,379,197,Transfer,2948849.9,2024-11-28,Pending
T02362,181,452,Deposit,1736789.8,2024-09-14,Completed
T02363,331,82,Transfer,257578.34,2023-10-13,Completed
T02364,313,284,Deposit,684632.76,2023-09-04,Failed
T02365,121,241,Bill Payment,48570.92,2025-03-29,Completed
T02366,213,10,Deposit,532528.46,2024-04-05,Completed
T02367,74,682,Deposit,194135.28,2022-12-19,Failed
T02368,56,8,Bill Payment,60338.19,2022-12-22,Pending
T02369,381,498,Bill Payment,75715.47,2023-12-16,Failed
T02370,205,440,Transfer,1112669.97,2024-11-11,Pending
T02371,223,323,Withdrawal,4705014.24,2025-04-20,Failed
T02372,69,409,Bill Payment,61119.82,2025-07-17,Pending
T02373,3,339,Deposit,6667.78,2025-08-14,Failed
T02374,428,412,Withdrawal,129376.46,2024-10-05,Completed
T02375,433,544,Transfer,2853210.29,2023-12-22,Completed
T02376,278,378,Bill Payment,61873.33,2025-01-15,Failed
T02377,73,487,Bill Payment,66056.82,2022-10-17,Completed
T02378,123,654,Transfer,50382.6,2023-03-20,Pending
T02379,324,47,Transfer,2033949.29,2024-08-04,Completed
T02380,347,622,Bill Payment,40076.5,2023-05-01,Failed
T02381,380,84,Transfer,1284034.88,2023-11-19,Pending
T02382,315,675,Deposit,1468688.35,2024-04-25,Pending
T02383,347,622,Withdrawal,3559997.93,2024-06-22,Failed
T02384,328,586,Deposit,256158.78,2024-04-25,Completed
T02385,85,309,Bill Payment,16888.48,2022-12-14,Pending
T02386,482,119,Bill Payment,66297.95,2024-06-18,Completed
T02387,452,250,Withdrawal,852994.63,2022-12-23,Failed
T02388,418,92,Deposit,870069.37,2025-03-08,Failed
T02389,421,30,Withdrawal,4645088.38,2025-02-23,Pending
T02390,259,393,Transfer,661517.92,2023-08-03,Pending
T02391,74,682,Bill Payment,95155.24,2024-04-20,Failed
T02392,295,127,Withdrawal,4613758.2,2025-02-10,Failed
T02393,267,504,Deposit,1591183.16,2023-12-27,Pending
T02394,414,230,Deposit,1288151.09,2023-01-27,Pending
T02395,188,391,Bill Payment,80863.9,2024-05-27,Completed
T02396,146,266,Deposit,582307.52,2024-11-26,Completed
T02397,418,92,Transfer,2221873.37,2024-09-03,Completed
T02398,482,119,Transfer,382688.69,2025-02-05,Pending
T02399,346,390,Deposit,621942.43,2023-12-13,Failed
T02400,207,549,Withdrawal,4235745.86,2025-05-30,Pending
T02401,84,328,Transfer,2392655.66,2025-08-26,Completed
T02402,472,533,Withdrawal,533823.03,2025-05-11,Completed
T02403,192,552,Bill Payment,31661.03,2023-04-07,Pending
T02404,258,225,Bill Payment,68030.09,2023-04-22,Completed
T02405,440,616,Transfer,438039.16,2023-03-04,Failed
T02406,32,36,Transfer,927019.83,2024-06-07,Failed
T02407,295,127,Transfer,2990547.39,2024-05-06,Failed
T02408,477,588,Bill Payment,63144.6,2024-03-14,Completed
T02409,45,507,Transfer,2112569.36,2025-02-17,Pending
T02410,341,61,Transfer,458530.35,2024-04-24,Failed
T02411,184,216,Withdrawal,3502336.66,2023-05-17,Completed
T02412,474,184,Bill Payment,72766.81,2023-08-10,Pending
T02413,196,676,Withdrawal,4955325.01,2025-04-27,Failed
T02414,265,402,Transfer,1267601.2,2024-12-03,Pending
T02415,73,357,Bill Payment,39167.2,2024-06-19,Failed
T02416,288,290,Transfer,2089280.76,2024-11-19,Completed
T02417,179,562,Bill Payment,9822.22,2022-12-06,Pending
T02418,479,595,Deposit,1699694.54,2022-12-14,Failed
T02419,115,312,Bill Payment,65497.94,2022-12-04,Failed
T02420,299,141,Bill Payment,69625.96,2023-05-05,Pending
T02421,36,149,Withdrawal,1091464.23,2024-03-05,Failed
T02422,70,201,Deposit,724770.44,2024-10-09,Failed
T02423,249,105,Withdrawal,1883402.41,2024-12-19,Pending
T02424,394,696,Withdrawal,4630000.7,2024-09-13,Completed
T02425,93,365,Bill Payment,18045.32,2023-05-24,Completed
T02426,71,121,Transfer,1780380.47,2025-05-03,Completed
T02427,117,643,Bill Payment,24575.6,2024-12-13,Completed
T02428,356,247,Bill Payment,48913.73,2023-05-10,Failed
T02429,357,611,Withdrawal,3264332.04,2024-02-26,Pending
T02430,460,687,Deposit,1555572.76,2025-05-14,Failed
T02431,400,392,Transfer,1897184.38,2024-02-11,Pending
T02432,217,377,Deposit,240440.77,2023-06-14,Completed
T02433,8,125,Bill Payment,64176.79,2024-06-06,Failed
T02434,481,231,Deposit,1173907.56,2025-05-19,Failed
T02435,230,492,Transfer,2081330.69,2024-01-12,Completed
T02436,259,608,Withdrawal,1920415.43,2025-04-14,Failed
T02437,339,445,Transfer,1714483.59,2024-03-10,Completed
T02438,214,334,Deposit,1427679.41,2024-12-01,Failed
T02439,490,190,Bill Payment,81305.51,2024-12-04,Completed
T02440,484,404,Bill Payment,6486.77,2025-01-08,Failed
T02441,192,552,Deposit,1507139.68,2024-11-03,Completed
T02442,315,675,Deposit,361738.01,2025-02-25,Failed
T02443,387,185,Deposit,1109666.18,2024-01-13,Pending
T02444,42,126,Deposit,258067.57,2024-10-11,Completed
T02445,414,669,Withdrawal,440016.82,2022-10-30,Pending
T02446,32,36,Deposit,1959866.91,2024-04-29,Failed
T02447,416,306,Transfer,2898845.36,2024-03-02,Completed
T02448,254,434,Deposit,497050,2025-08-16,Completed
T02449,193,532,Transfer,1977643.16,2023-03-24,Pending
T02450,153,144,Bill Payment,69540.64,2024-07-13,Failed
T02451,228,361,Withdrawal,3439963.61,2025-03-29,Failed
T02452,14,46,Withdrawal,184633.01,2024-01-25,Completed
T02453,261,307,Withdrawal,4787157.22,2025-09-07,Failed
T02454,43,566,Withdrawal,2959323.91,2025-06-08,Pending
T02455,153,132,Bill Payment,7528.53,2022-11-15,Pending
T02456,478,267,Bill Payment,65011.92,2025-04-19,Completed
T02457,326,410,Bill Payment,8417.08,2024-10-11,Pending
T02458,202,693,Bill Payment,94025.91,2023-11-21,Completed
T02459,207,549,Withdrawal,353719.67,2025-07-19,Failed
T02460,426,276,Withdrawal,3572510.39,2025-03-21,Failed
T02461,62,674,Withdrawal,2099012.68,2025-03-20,Completed
T02462,89,324,Bill Payment,37956.3,2023-09-23,Failed
T02463,159,254,Deposit,540615.4,2022-12-23,Failed
T02464,177,113,Bill Payment,6689.34,2025-03-29,Failed
T02465,418,92,Transfer,2727781.54,2024-10-20,Pending
T02466,239,150,Withdrawal,1368960.29,2023-06-26,Completed
T02467,417,387,Withdrawal,1893783.12,2024-12-27,Completed
T02468,295,127,Withdrawal,2632851.89,2025-06-08,Pending
T02469,386,603,Bill Payment,9644.5,2025-05-24,Pending
T02470,328,586,Transfer,1654850.92,2024-05-17,Failed
T02471,115,102,Deposit,341909.46,2023-05-22,Pending
T02472,216,186,Transfer,2418351.95,2025-08-27,Failed
T02473,237,545,Bill Payment,47738.5,2023-10-16,Completed
T02474,146,266,Deposit,1373473.37,2022-11-23,Failed
T02475,92,160,Withdrawal,714208.04,2025-03-12,Failed
T02476,344,274,Deposit,1836924.07,2025-09-27,Failed
T02477,388,380,Withdrawal,3391397.91,2023-03-24,Pending
T02478,409,469,Withdrawal,2195361.08,2023-07-28,Pending
T02479,431,480,Transfer,827831.01,2022-11-03,Pending
T02480,338,534,Withdrawal,1526631.97,2024-08-20,Completed
T02481,322,313,Bill Payment,77080.78,2024-02-04,Completed
T02482,88,650,Deposit,153848.08,2024-07-16,Completed
T02483,119,96,Withdrawal,2877008.17,2023-05-28,Completed
T02484,217,293,Bill Payment,80853.86,2024-07-07,Completed
T02485,11,435,Withdrawal,2398800.08,2025-09-11,Failed
T02486,183,694,Deposit,811240.17,2023-08-17,Failed
T02487,367,195,Deposit,1428463.07,2024-07-03,Failed
T02488,477,548,Transfer,733056.63,2024-11-22,Failed
T02489,498,678,Deposit,1214943.41,2025-05-11,Completed
T02490,22,691,Withdrawal,874896.16,2024-10-06,Pending
T02491,223,137,Transfer,2857474.56,2023-01-09,Pending
T02492,324,508,Bill Payment,17131.35,2023-05-07,Completed
T02493,17,347,Withdrawal,4158800.3,2024-12-18,Completed
T02494,304,298,Transfer,1449632.49,2023-08-23,Pending
T02495,121,219,Deposit,1476182.43,2025-02-22,Failed
T02496,484,404,Withdrawal,4615358.78,2024-02-21,Failed
T02497,121,528,Deposit,1870861.06,2025-07-29,Failed
T02498,425,500,Deposit,711810.26,2024-10-17,Failed
T02499,372,472,Transfer,895402.77,2024-12-29,Completed
T02500,196,6,Transfer,2670643.73,2024-05-12,Completed
T02501,428,412,Transfer,27086.77,2024-02-04,Pending
T02502,267,504,Withdrawal,424634.15,2023-07-01,Failed
T02503,284,158,Bill Payment,12471.88,2024-09-18,Pending
T02504,56,8,Withdrawal,3847468.59,2025-01-10,Pending
T02505,240,232,Bill Payment,39596.35,2024-03-19,Pending
T02506,99,374,Bill Payment,89230.12,2025-01-30,Failed
T02507,426,276,Deposit,1978743.81,2024-04-07,Failed
T02508,318,450,Withdrawal,700232.13,2025-08-19,Failed
T02509,339,445,Deposit,718793.87,2025-08-27,Failed
T02510,394,204,Deposit,379539.35,2025-06-30,Completed
T02511,223,137,Bill Payment,42163.47,2025-09-16,Pending
T02512,315,33,Withdrawal,3331357.89,2023-11-19,Pending
T02513,74,682,Transfer,356817.52,2025-05-09,Pending
T02514,261,564,Bill Payment,80002.03,2024-10-26,Failed
T02515,199,131,Transfer,2253394.17,2023-07-30,Pending
T02516,492,514,Bill Payment,13228.63,2023-10-22,Completed
T02517,138,22,Withdrawal,778554.4,2023-12-12,Failed
T02518,237,14,Withdrawal,261147.14,2025-02-17,Pending
T02519,205,440,Deposit,868939.87,2024-01-11,Pending
T02520,173,289,Bill Payment,8353.23,2023-09-19,Pending
T02521,159,254,Withdrawal,3646513.61,2024-01-10,Completed
T02522,275,256,Transfer,2300299.45,2023-12-27,Pending
T02523,159,254,Bill Payment,19921.4,2025-10-04,Failed
T02524,73,106,Withdrawal,944156.31,2023-08-22,Failed
T02525,273,645,Withdrawal,1147691.58,2025-09-11,Completed
T02526,29,411,Deposit,548086.35,2025-10-04,Completed
T02527,239,150,Bill Payment,1864.37,2024-11-02,Completed
T02528,89,94,Deposit,761015.12,2024-02-09,Failed
T02529,183,314,Withdrawal,1109654.41,2024-10-19,Pending
T02530,250,491,Deposit,1019972.45,2024-03-29,Failed
T02531,79,53,Transfer,330609.82,2025-02-21,Pending
T02532,422,288,Transfer,2134901.01,2023-12-03,Completed
T02533,84,328,Deposit,363912.37,2023-12-26,Completed
T02534,433,54,Transfer,636326.66,2023-04-12,Pending
T02535,71,287,Deposit,862099.6,2025-03-13,Pending
T02536,267,504,Transfer,1003179.3,2025-08-21,Completed
T02537,218,100,Deposit,1366081.54,2025-01-25,Completed
T02538,132,340,Transfer,2224005.66,2024-05-16,Pending
T02539,286,604,Transfer,715137.53,2024-06-08,Pending
T02540,184,216,Bill Payment,8814.39,2024-03-24,Completed
T02541,243,134,Deposit,82557.35,2023-05-20,Failed
T02542,405,196,Withdrawal,3523595.61,2023-12-30,Completed
T02543,355,77,Transfer,904778.51,2022-12-09,Pending
T02544,92,207,Withdrawal,220011.72,2023-12-25,Completed
T02545,375,429,Transfer,2674814.17,2023-02-04,Failed
T02546,232,356,Transfer,1345722.42,2024-03-26,Failed
T02547,71,121,Bill Payment,6864.08,2024-08-22,Pending
T02548,245,537,Deposit,334286.79,2025-07-20,Pending
T02549,397,133,Transfer,136812.95,2023-11-07,Failed
T02550,26,63,Withdrawal,3703835.27,2024-10-18,Pending
T02551,45,507,Deposit,331453.68,2023-09-02,Failed
T02552,102,394,Bill Payment,40144.81,2023-08-14,Pending
T02553,300,212,Withdrawal,18999.13,2025-01-18,Failed
T02554,489,224,Deposit,1758370.46,2023-11-30,Failed
T02555,450,467,Transfer,910578.81,2025-02-24,Completed
T02556,47,304,Transfer,1656676.69,2025-09-20,Completed
T02557,414,230,Deposit,1067364.8,2023-11-30,Pending
T02558,39,41,Withdrawal,4710287.96,2023-05-06,Pending
T02559,223,137,Transfer,2620211.84,2023-03-23,Completed
T02560,246,658,Withdrawal,4947691.81,2025-05-18,Completed
T02561,477,548,Deposit,3299.22,2025-04-03,Pending
T02562,317,648,Transfer,974023.34,2023-10-11,Failed
T02563,88,563,Transfer,2166377.73,2023-10-16,Pending
T02564,330,627,Transfer,974243.1,2022-12-22,Completed
T02565,174,641,Deposit,1647951.61,2025-08-10,Completed
T02566,71,287,Withdrawal,1280680.07,2025-01-06,Completed
T02567,388,551,Deposit,1445343.09,2023-09-20,Failed
T02568,400,392,Transfer,2610142.35,2025-06-22,Failed
T02569,333,619,Withdrawal,4084418.3,2023-10-01,Completed
T02570,164,333,Transfer,612153.94,2022-12-25,Failed
T02571,473,405,Withdrawal,2230833.47,2023-03-09,Failed
T02572,339,445,Transfer,445428.4,2024-07-08,Pending
T02573,119,96,Bill Payment,18233.2,2024-03-01,Completed
T02574,416,181,Withdrawal,2848720.27,2024-10-07,Failed
T02575,387,185,Transfer,63631.39,2023-03-10,Completed
T02576,29,182,Bill Payment,68767.95,2025-08-28,Completed
T02577,256,72,Withdrawal,361171.4,2023-05-06,Completed
T02578,376,466,Bill Payment,10113.36,2022-10-13,Failed
T02579,299,141,Deposit,1206785.39,2025-02-05,Pending
T02580,102,394,Deposit,220516.01,2023-06-07,Completed
T02581,487,660,Deposit,264792,2024-06-28,Completed
T02582,479,275,Withdrawal,4693053.36,2025-07-15,Failed
T02583,237,14,Deposit,1915256.57,2024-10-12,Completed
T02584,477,556,Transfer,2558234.28,2024-10-15,Completed
T02585,132,208,Withdrawal,2402646.73,2025-07-11,Failed
T02586,134,455,Withdrawal,1537617.58,2023-08-10,Pending
T02587,483,159,Withdrawal,280321.66,2023-12-25,Failed
T02588,344,274,Deposit,42905.21,2024-02-15,Completed
T02589,73,106,Transfer,308146.99,2023-12-22,Pending
T02590,200,146,Deposit,1824377.84,2025-07-04,Completed
T02591,89,233,Bill Payment,38599.77,2023-01-04,Pending
T02592,96,672,Transfer,678040.23,2023-02-20,Failed
T02593,102,394,Deposit,983895.24,2025-07-14,Completed
T02594,414,230,Deposit,1912954.74,2025-03-14,Pending
T02595,164,366,Deposit,1231585.69,2023-09-30,Completed
T02596,188,370,Deposit,1791225.19,2025-01-13,Failed
T02597,174,155,Withdrawal,2143713.39,2022-12-01,Pending
T02598,170,615,Withdrawal,3397487.13,2023-07-03,Completed
T02599,441,684,Transfer,1874462.44,2024-07-15,Pending
T02600,73,357,Deposit,542551.01,2023-07-05,Pending
T02601,498,678,Transfer,2798679.06,2022-11-30,Failed
T02602,259,79,Deposit,1723497.09,2024-06-12,Completed
T02603,96,672,Withdrawal,1601959.76,2024-11-12,Pending
T02604,402,458,Bill Payment,81483.51,2023-07-21,Completed
T02605,184,592,Bill Payment,95962.57,2023-12-28,Pending
T02606,36,149,Deposit,646445.3,2022-12-02,Completed
T02607,63,187,Bill Payment,35325.61,2022-10-19,Pending
T02608,11,435,Bill Payment,69372.74,2024-01-11,Pending
T02609,294,617,Transfer,415094.72,2025-03-05,Failed
T02610,142,252,Bill Payment,41924.1,2025-04-28,Pending
T02611,192,552,Bill Payment,53294.2,2023-03-20,Completed
T02612,102,394,Deposit,1162137.39,2024-03-08,Pending
T02613,347,540,Withdrawal,3515763.47,2023-12-21,Completed
T02614,440,371,Deposit,406957.69,2024-09-09,Completed
T02615,488,372,Bill Payment,95765.82,2025-06-27,Completed
T02616,393,62,Transfer,1082895.18,2025-01-25,Completed
T02617,216,302,Bill Payment,14499.61,2024-12-27,Failed
T02618,96,432,Withdrawal,1054476.11,2024-11-10,Completed
T02619,41,58,Withdrawal,587061.81,2023-05-01,Failed
T02620,189,147,Bill Payment,73334.84,2024-11-26,Failed
T02621,11,435,Transfer,162722.99,2024-10-01,Completed
T02622,154,679,Deposit,953914.73,2023-12-02,Failed
T02623,131,162,Deposit,294199.9,2023-07-31,Completed
T02624,192,81,Withdrawal,386249.42,2023-03-28,Failed
T02625,404,427,Withdrawal,3827323.1,2024-03-01,Pending
T02626,153,144,Transfer,1410818.41,2023-06-14,Failed
T02627,135,346,Bill Payment,78161.55,2024-09-16,Failed
T02628,237,14,Transfer,334244.37,2025-07-08,Completed
T02629,246,658,Deposit,1208545.11,2023-11-08,Completed
T02630,342,516,Withdrawal,55327.01,2023-07-21,Pending
T02631,433,697,Bill Payment,55460.18,2022-10-26,Pending
T02632,328,586,Transfer,2128203.77,2024-03-11,Pending
T02633,103,161,Transfer,2919380.43,2024-01-06,Failed
T02634,417,387,Withdrawal,3715930.56,2025-03-05,Pending
T02635,256,634,Deposit,438203.37,2025-08-17,Completed
T02636,7,573,Deposit,1633209.39,2023-08-01,Pending
T02637,90,489,Transfer,1958273.51,2023-07-04,Pending
T02638,346,390,Withdrawal,274303.62,2025-05-11,Pending
T02639,186,663,Bill Payment,19553.59,2025-06-23,Completed
T02640,196,107,Deposit,725721.91,2024-06-25,Pending
T02641,106,29,Withdrawal,1411752.45,2024-07-30,Failed
T02642,393,110,Deposit,424213.94,2024-12-13,Completed
T02643,207,317,Withdrawal,2758905.19,2024-02-26,Failed
T02644,156,34,Withdrawal,1346570.89,2023-02-16,Failed
T02645,256,579,Deposit,1127696.77,2024-06-18,Pending
T02646,324,47,Deposit,629503.29,2025-08-09,Pending
T02647,84,9,Transfer,2255162.45,2023-03-02,Pending
T02648,135,513,Withdrawal,1573047.74,2023-07-19,Pending
T02649,93,365,Withdrawal,3513581.4,2023-05-11,Completed
T02650,132,340,Bill Payment,89661.47,2024-10-15,Failed
T02651,247,104,Withdrawal,119402.87,2024-02-19,Pending
T02652,90,489,Deposit,580593.7,2023-10-25,Completed
T02653,350,699,Bill Payment,7967.41,2022-10-15,Failed
T02654,119,96,Withdrawal,4422125.94,2023-11-14,Failed
T02655,241,670,Withdrawal,3844359.75,2024-05-22,Completed
T02656,492,514,Transfer,1342716.88,2023-10-05,Completed
T02657,28,348,Transfer,1081268.91,2024-08-28,Pending
T02658,39,41,Bill Payment,23987.15,2023-11-23,Failed
T02659,347,622,Deposit,1916052.3,2024-02-29,Failed
T02660,117,643,Bill Payment,9830.86,2024-01-17,Completed
T02661,189,147,Transfer,1641634.59,2025-03-27,Completed
T02662,494,511,Deposit,909888.31,2025-03-12,Completed
T02663,427,303,Withdrawal,341741.04,2022-10-22,Failed
T02664,357,373,Transfer,268143.11,2023-11-15,Completed
T02665,372,472,Transfer,2958436.86,2025-07-16,Pending
T02666,401,453,Withdrawal,4699207.52,2024-04-15,Failed
T02667,425,500,Deposit,727262.48,2025-09-15,Pending
T02668,29,411,Bill Payment,85714.4,2023-10-07,Failed
T02669,397,133,Bill Payment,36736.55,2023-01-09,Failed
T02670,477,322,Transfer,250929.9,2025-08-07,Pending
T02671,119,519,Bill Payment,26356.46,2023-04-06,Failed
T02672,259,44,Deposit,1482214.6,2024-09-26,Completed
T02673,395,575,Deposit,309547.19,2024-01-24,Completed
T02674,304,298,Bill Payment,15904.76,2023-06-10,Pending
T02675,265,75,Withdrawal,1941726.77,2024-06-25,Pending
T02676,119,686,Deposit,698201.45,2025-09-04,Pending
T02677,246,658,Bill Payment,11000.99,2024-11-23,Completed
T02678,267,111,Bill Payment,76844.84,2025-10-01,Completed
T02679,428,412,Transfer,193882.36,2024-01-31,Pending
T02680,333,619,Bill Payment,21342.26,2025-09-11,Failed
T02681,48,488,Deposit,557110.94,2023-04-05,Completed
T02682,441,559,Withdrawal,4742719.87,2025-06-23,Completed
T02683,90,656,Withdrawal,1601612.91,2024-01-06,Completed
T02684,440,616,Bill Payment,6333.79,2024-04-27,Pending
T02685,419,441,Bill Payment,21420.74,2025-05-16,Completed
T02686,259,24,Bill Payment,27057.83,2023-09-13,Failed
T02687,416,181,Deposit,283904.92,2023-09-10,Pending
T02688,195,415,Deposit,597024.44,2023-04-30,Failed
T02689,437,463,Bill Payment,52525.32,2024-10-16,Failed
T02690,146,266,Withdrawal,4152914.91,2023-05-30,Completed
T02691,262,439,Transfer,2890115.62,2024-09-10,Pending
T02692,296,169,Withdrawal,1747032.02,2025-05-02,Pending
T02693,37,494,Bill Payment,53597.08,2024-05-07,Completed
T02694,388,448,Transfer,2737837.15,2024-07-11,Failed
T02695,383,399,Deposit,1122036.43,2025-09-29,Failed
T02696,394,204,Deposit,1445586,2025-02-04,Failed
T02697,1,632,Withdrawal,1619339.14,2024-10-05,Failed
T02698,378,325,Deposit,301437.31,2025-01-17,Pending
T02699,430,152,Bill Payment,86443.7,2025-08-01,Completed
T02700,22,691,Bill Payment,26353.99,2023-09-09,Failed
T02701,400,4,Bill Payment,94338.04,2023-10-24,Completed
T02702,88,650,Bill Payment,63927.75,2025-08-26,Failed
T02703,218,100,Deposit,437636.23,2025-04-17,Completed
T02704,440,431,Withdrawal,3005115.85,2023-02-09,Completed
T02705,73,357,Withdrawal,4761932.03,2024-12-29,Failed
T02706,357,591,Deposit,740827.7,2024-08-28,Pending
T02707,251,17,Transfer,2690016.41,2025-01-02,Failed
T02708,206,128,Bill Payment,64926.28,2025-10-02,Pending
T02709,423,424,Bill Payment,35237.72,2024-04-19,Failed
T02710,86,437,Transfer,340583.31,2023-02-03,Completed
T02711,297,470,Bill Payment,37374.84,2025-02-27,Failed
T02712,7,610,Withdrawal,2714271.63,2023-03-28,Pending
T02713,287,292,Bill Payment,63447.31,2023-01-08,Failed
T02714,462,636,Deposit,1990728.76,2025-02-01,Completed
T02715,418,92,Deposit,1232712.61,2024-11-28,Pending
T02716,196,107,Bill Payment,75019.37,2023-08-15,Failed
T02717,360,558,Deposit,1267233.54,2025-03-12,Failed
T02718,163,596,Deposit,1335586.42,2025-01-15,Pending
T02719,186,217,Withdrawal,3884624.38,2023-05-25,Failed
T02720,188,391,Deposit,391522.7,2023-06-17,Pending
T02721,206,128,Transfer,2902864.5,2024-02-26,Pending
T02722,242,423,Bill Payment,859.75,2024-12-21,Pending
T02723,414,230,Transfer,803193.62,2024-08-21,Failed
T02724,104,271,Transfer,2515533.28,2023-04-03,Pending
T02725,299,690,Withdrawal,21783.63,2025-08-26,Pending
T02726,156,34,Deposit,52980.51,2023-08-20,Pending
T02727,193,532,Transfer,1005602.27,2025-03-28,Failed
T02728,419,441,Withdrawal,2779142.17,2024-11-02,Pending
T02729,220,198,Bill Payment,82872.13,2023-02-23,Failed
T02730,205,440,Withdrawal,4697019.18,2024-12-05,Pending
T02731,259,178,Bill Payment,90426.72,2024-08-27,Failed
T02732,100,163,Bill Payment,23173.85,2022-12-30,Failed
T02733,390,130,Deposit,1263066.42,2024-09-08,Pending
T02734,117,643,Transfer,2512094.97,2023-04-27,Completed
T02735,425,331,Withdrawal,467178.87,2024-12-10,Completed
T02736,388,448,Deposit,1257973.81,2024-07-11,Failed
T02737,491,157,Deposit,1236390.24,2024-09-13,Failed
T02738,192,81,Bill Payment,2626.46,2025-02-27,Failed
T02739,243,134,Bill Payment,63482.87,2023-01-02,Pending
T02740,35,192,Withdrawal,3262961.08,2025-02-19,Completed
T02741,477,305,Withdrawal,2677550.68,2024-09-22,Completed
T02742,414,388,Transfer,1977943.46,2025-08-15,Pending
T02743,303,85,Withdrawal,3137562.61,2024-01-26,Failed
T02744,406,594,Deposit,222307.57,2022-11-07,Failed
T02745,42,126,Deposit,284099.85,2024-06-11,Pending
T02746,387,185,Deposit,155224.17,2023-11-04,Pending
T02747,1,213,Bill Payment,10157.1,2022-10-09,Completed
T02748,423,424,Deposit,973291.33,2023-09-08,Failed
T02749,259,79,Withdrawal,3436994.72,2025-03-21,Pending
T02750,477,322,Bill Payment,80874.05,2023-01-26,Completed
T02751,416,306,Deposit,1807324.52,2022-12-14,Failed
T02752,497,581,Deposit,234855.68,2024-07-24,Pending
T02753,232,356,Bill Payment,99492.11,2024-03-23,Failed
T02754,267,560,Deposit,317197.34,2025-09-27,Failed
T02755,208,261,Deposit,386094.1,2023-01-12,Completed
T02756,207,549,Deposit,1036230.85,2025-01-22,Completed
T02757,388,222,Transfer,344807.98,2023-01-06,Completed
T02758,481,31,Transfer,416125.78,2023-01-20,Completed
T02759,390,130,Transfer,821362.61,2024-10-07,Completed
T02760,127,95,Transfer,2124396.68,2022-11-23,Failed
T02761,216,302,Bill Payment,74544.93,2023-12-24,Pending
T02762,198,447,Bill Payment,92242.58,2024-07-01,Pending
T02763,259,178,Withdrawal,3435600.23,2023-07-11,Failed
T02764,422,288,Bill Payment,10379.17,2023-05-03,Failed
T02765,272,320,Withdrawal,3970703.53,2025-06-27,Failed
T02766,425,500,Bill Payment,88297.45,2025-07-04,Pending
T02767,357,611,Transfer,2447768.65,2024-07-19,Failed
T02768,267,111,Bill Payment,42988.37,2024-05-08,Failed
T02769,341,362,Transfer,2693735.09,2024-05-21,Completed
T02770,494,461,Withdrawal,4447358.98,2024-08-31,Failed
T02771,466,260,Bill Payment,29418.01,2024-05-13,Failed
T02772,433,544,Transfer,1195220.85,2024-05-10,Completed
T02773,387,185,Transfer,1288445.71,2023-02-06,Completed
T02774,47,367,Withdrawal,364129.02,2025-08-30,Failed
T02775,196,381,Transfer,435546.51,2025-07-29,Pending
T02776,42,126,Deposit,637518.99,2025-01-19,Completed
T02777,364,337,Withdrawal,2327417.76,2023-04-29,Pending
T02778,124,239,Deposit,771488.97,2025-07-16,Failed
T02779,248,218,Withdrawal,515498.05,2024-03-28,Pending
T02780,100,623,Deposit,1148109.82,2023-04-07,Failed
T02781,96,432,Bill Payment,31846.55,2023-07-09,Pending
T02782,142,203,Withdrawal,249249.05,2025-01-16,Pending
T02783,494,511,Deposit,1980524.3,2024-06-06,Pending
T02784,228,123,Deposit,905843.82,2025-01-03,Failed
T02785,463,335,Bill Payment,23718.55,2023-04-20,Completed
T02786,287,292,Deposit,1287511.38,2023-09-15,Failed
T02787,286,5,Bill Payment,28508.15,2022-10-10,Pending
T02788,29,38,Deposit,675111.04,2022-11-09,Completed
T02789,256,72,Bill Payment,9602.47,2024-01-11,Pending
T02790,85,309,Transfer,951910.39,2024-09-23,Pending
T02791,326,410,Deposit,1113122.18,2025-08-16,Pending
T02792,58,506,Deposit,786958.32,2025-01-27,Failed
T02793,376,466,Bill Payment,84882.36,2024-07-24,Completed
T02794,82,383,Deposit,59061.72,2025-01-08,Completed
T02795,486,11,Withdrawal,526573.33,2024-05-16,Pending
T02796,198,447,Withdrawal,851787.07,2023-09-26,Completed
T02797,278,378,Deposit,1868253.66,2023-10-24,Completed
T02798,146,266,Deposit,222051.79,2024-09-19,Pending
T02799,355,77,Transfer,988322.26,2024-03-25,Failed
T02800,41,389,Transfer,2096145.16,2023-06-02,Completed
T02801,59,598,Bill Payment,12078.15,2023-12-07,Pending
T02802,430,152,Bill Payment,63726.67,2023-07-24,Failed
T02803,42,126,Withdrawal,2889845.73,2023-03-29,Failed
T02804,375,502,Transfer,966073.13,2022-11-24,Failed
T02805,474,495,Withdrawal,459905.07,2025-07-26,Pending
T02806,303,85,Transfer,1675766.45,2024-07-17,Completed
T02807,196,676,Withdrawal,3475130.36,2025-05-17,Completed
T02808,45,507,Deposit,425344.7,2022-10-29,Failed
T02809,388,222,Bill Payment,81869.29,2023-10-13,Completed
T02810,425,500,Deposit,681230.05,2023-08-21,Failed
T02811,378,541,Transfer,2281583.63,2023-01-17,Pending
T02812,332,465,Withdrawal,4239187.09,2023-03-10,Completed
T02813,243,134,Withdrawal,4583569.52,2025-04-14,Pending
T02814,249,464,Withdrawal,3900325.28,2022-11-26,Completed
T02815,115,71,Transfer,1269570.4,2024-08-28,Failed
T02816,181,315,Deposit,295005.82,2025-04-20,Completed
T02817,177,113,Withdrawal,83923.09,2025-08-13,Pending
T02818,35,192,Transfer,86244.46,2025-10-01,Failed
T02819,433,544,Bill Payment,35260.49,2022-12-19,Completed
T02820,261,564,Deposit,709176.46,2023-10-20,Completed
T02821,174,155,Bill Payment,50268.82,2022-12-12,Failed
T02822,88,342,Deposit,882960.52,2024-06-20,Pending
T02823,59,101,Deposit,1297419.19,2024-08-16,Failed
T02824,117,433,Withdrawal,1470735.47,2023-10-04,Pending
T02825,416,181,Transfer,1588923.48,2025-01-20,Pending
T02826,193,532,Bill Payment,11007.54,2023-09-07,Completed
T02827,74,662,Withdrawal,4794899.61,2022-12-31,Completed
T02828,247,118,Deposit,1790169.39,2023-05-10,Failed
T02829,334,273,Withdrawal,330171.08,2024-11-25,Completed
T02830,473,283,Withdrawal,4413118.85,2023-12-28,Failed
T02831,195,415,Bill Payment,39349.25,2023-10-03,Completed
T02832,479,275,Bill Payment,20649.97,2025-03-17,Completed
T02833,232,356,Transfer,2117707.12,2024-02-12,Pending
T02834,400,4,Deposit,370565.11,2025-03-20,Failed
T02835,204,638,Bill Payment,73935.17,2025-04-20,Failed
T02836,234,245,Withdrawal,1576247.38,2025-08-14,Completed
T02837,496,171,Withdrawal,1661444.43,2024-02-15,Pending
T02838,200,146,Deposit,1332229.74,2023-10-08,Pending
T02839,230,343,Deposit,355441.35,2024-01-16,Pending
T02840,259,79,Withdrawal,3396335.51,2023-05-15,Completed
T02841,301,609,Transfer,2908639.82,2025-07-26,Failed
T02842,216,2,Bill Payment,87334.53,2024-12-22,Pending
T02843,177,113,Deposit,1637943.41,2023-09-13,Failed
T02844,433,697,Transfer,2506159.41,2024-07-08,Failed
T02845,342,516,Withdrawal,3775207.4,2024-01-14,Completed
T02846,481,103,Transfer,2411775.91,2023-12-06,Pending
T02847,249,464,Bill Payment,73508.02,2023-01-07,Failed
T02848,182,264,Bill Payment,25428.33,2025-02-15,Pending
T02849,237,14,Transfer,903751.53,2025-04-11,Pending
T02850,36,531,Bill Payment,11364.83,2023-07-04,Failed
T02851,193,532,Deposit,296226.82,2025-06-03,Pending
T02852,33,226,Withdrawal,1786614.83,2025-08-24,Completed
T02853,429,251,Bill Payment,36006.05,2024-07-29,Failed
T02854,418,92,Withdrawal,4603315.63,2025-02-14,Pending
T02855,156,655,Deposit,1930923.39,2024-11-12,Failed
T02856,394,696,Bill Payment,98734.43,2022-12-16,Failed
T02857,385,180,Transfer,2731026.84,2024-03-23,Pending
T02858,132,340,Bill Payment,58955.87,2025-06-30,Pending
T02859,207,317,Withdrawal,206458.79,2025-08-12,Failed
T02860,235,352,Deposit,867202.52,2024-05-19,Pending
T02861,497,581,Transfer,865581.4,2024-12-27,Completed
T02862,494,511,Withdrawal,2332121.04,2024-02-12,Completed
T02863,457,536,Transfer,1871573.5,2025-09-20,Failed
T02864,199,167,Transfer,1460730.98,2024-07-12,Completed
T02865,216,302,Deposit,907989.44,2024-06-30,Completed
T02866,288,290,Deposit,106859.97,2023-05-24,Pending
T02867,196,6,Bill Payment,35290.33,2024-01-13,Completed
T02868,397,52,Transfer,413587.49,2024-05-11,Pending
T02869,318,515,Withdrawal,4768472.59,2023-07-17,Failed
T02870,24,278,Withdrawal,4979575.37,2025-01-17,Completed
T02871,483,443,Deposit,581958.65,2024-10-09,Completed
T02872,108,485,Transfer,746561.15,2023-10-14,Failed
T02873,416,653,Bill Payment,42314.07,2023-09-20,Completed
T02874,169,268,Transfer,1791317.86,2024-01-15,Completed
T02875,454,578,Bill Payment,67924.43,2023-05-17,Pending
T02876,348,593,Withdrawal,3416922.6,2024-09-23,Completed
T02877,54,257,Withdrawal,2082145.21,2023-01-02,Completed
T02878,85,309,Transfer,257250.98,2025-02-24,Failed
T02879,65,644,Bill Payment,54628.48,2024-07-07,Pending
T02880,388,448,Deposit,277650.45,2024-07-13,Pending
T02881,476,321,Transfer,1405402.43,2025-02-16,Pending
T02882,250,478,Bill Payment,96148.55,2025-01-05,Pending
T02883,106,29,Deposit,1915004.76,2023-05-01,Pending
T02884,168,91,Withdrawal,3076427.54,2024-05-30,Pending
T02885,459,249,Transfer,382260.94,2023-10-17,Failed
T02886,234,580,Transfer,161081.31,2023-11-05,Pending
T02887,362,129,Bill Payment,67040.92,2023-08-16,Pending
T02888,36,531,Bill Payment,83935.88,2024-03-01,Completed
T02889,241,57,Transfer,2489767.92,2025-07-05,Failed
T02890,393,110,Transfer,1783221.88,2023-02-04,Pending
T02891,234,580,Bill Payment,69090.23,2024-09-02,Completed
T02892,8,125,Deposit,1403294.54,2024-05-03,Failed
T02893,425,148,Bill Payment,13726.63,2023-02-25,Failed
T02894,90,656,Withdrawal,1505160.15,2025-01-14,Pending
T02895,480,7,Bill Payment,62404.03,2023-07-27,Completed
T02896,247,118,Deposit,571.41,2022-12-24,Failed
T02897,181,124,Deposit,494788.57,2023-11-26,Completed
T02898,262,486,Deposit,1665536.54,2024-05-12,Pending
T02899,63,401,Deposit,1852125.86,2025-08-16,Pending
T02900,195,415,Bill Payment,98271.36,2025-05-01,Completed
T02901,267,560,Transfer,2465148.53,2025-04-28,Failed
T02902,318,450,Deposit,864991.22,2022-12-05,Failed
T02903,49,23,Withdrawal,709289.24,2023-01-26,Failed
T02904,62,674,Withdrawal,854706.68,2023-07-24,Failed
T02905,267,560,Withdrawal,2381315.84,2025-04-04,Pending
T02906,25,297,Deposit,1918203.28,2025-08-13,Pending
T02907,217,377,Transfer,1173872.07,2025-02-19,Failed
T02908,393,110,Bill Payment,41747.96,2023-09-07,Pending
T02909,430,152,Deposit,567202.73,2024-10-18,Completed
T02910,454,578,Bill Payment,1200.86,2023-08-25,Pending
T02911,253,35,Bill Payment,4358.92,2024-03-05,Pending
T02912,270,143,Bill Payment,88254.18,2024-01-18,Pending
T02913,313,284,Deposit,1963516.49,2022-10-28,Pending
T02914,135,513,Withdrawal,1744821.57,2023-08-30,Failed
T02915,111,538,Bill Payment,51353.21,2023-07-27,Completed
T02916,96,672,Withdrawal,1759983.15,2023-04-05,Failed
T02917,308,577,Transfer,1378715.49,2024-10-17,Completed
T02918,499,286,Transfer,2770469.07,2023-10-16,Completed
T02919,481,661,Bill Payment,37714.62,2025-09-19,Pending
T02920,166,621,Withdrawal,2880618.73,2025-04-30,Failed
T02921,315,675,Transfer,388701.2,2025-10-02,Pending
T02922,386,603,Transfer,1753687.43,2023-08-18,Pending
T02923,151,70,Deposit,59528.93,2024-06-12,Failed
T02924,100,163,Withdrawal,483605.67,2023-10-11,Completed
T02925,253,512,Bill Payment,32433.57,2025-02-08,Completed
T02926,477,243,Deposit,1799638.72,2024-02-16,Completed
T02927,102,394,Bill Payment,92245.34,2023-12-18,Completed
T02928,330,627,Transfer,343864.11,2024-05-18,Failed
T02929,265,75,Bill Payment,76358.86,2024-09-28,Failed
T02930,234,647,Deposit,1847139.92,2025-01-10,Pending
T02931,267,111,Bill Payment,37825.13,2025-07-08,Failed
T02932,477,588,Withdrawal,979394.02,2024-04-15,Pending
T02933,193,449,Transfer,676876.87,2024-01-27,Failed
T02934,261,166,Bill Payment,81402.39,2023-11-15,Completed
T02935,241,89,Deposit,1258416.77,2024-04-15,Failed
T02936,44,99,Withdrawal,167162.72,2024-12-09,Completed
T02937,196,6,Transfer,2323269.82,2024-11-15,Failed
T02938,267,560,Deposit,681752.27,2024-09-27,Failed
T02939,246,658,Bill Payment,19094.68,2023-03-07,Completed
T02940,454,585,Bill Payment,50134.94,2024-10-03,Pending
T02941,256,634,Withdrawal,4008177.85,2024-02-14,Pending
T02942,357,438,Bill Payment,87410.29,2023-08-16,Failed
T02943,192,81,Withdrawal,3912154.4,2024-05-02,Pending
T02944,247,104,Deposit,997675.13,2024-02-03,Completed
T02945,440,616,Transfer,68116.16,2024-07-09,Pending
T02946,185,258,Bill Payment,70357,2022-12-15,Completed
T02947,131,162,Transfer,224793.98,2025-02-24,Failed
T02948,111,248,Transfer,1197959.37,2023-09-13,Completed
T02949,267,560,Deposit,1165753.64,2023-05-19,Pending
T02950,414,669,Deposit,65033.31,2022-10-30,Pending
T02951,169,268,Withdrawal,1673371.69,2023-11-14,Completed
T02952,270,143,Withdrawal,2735889.65,2025-02-10,Failed
T02953,135,338,Deposit,471616.59,2025-03-30,Completed
T02954,454,578,Deposit,692018.22,2025-03-22,Completed
T02955,404,427,Deposit,1775093.51,2024-07-14,Pending
T02956,397,133,Transfer,2170127.66,2024-01-06,Completed
T02957,184,37,Bill Payment,50809.67,2023-05-29,Failed
T02958,162,359,Bill Payment,47811.5,2023-08-05,Completed
T02959,138,22,Deposit,53194.46,2024-02-29,Completed
T02960,477,548,Bill Payment,68225.93,2023-09-27,Failed
T02961,475,19,Bill Payment,5308.83,2024-05-17,Pending
T02962,362,129,Bill Payment,70163.64,2025-03-08,Failed
T02963,355,142,Deposit,876186.73,2023-10-21,Failed
T02964,217,377,Transfer,581340.06,2024-11-18,Pending
T02965,346,60,Withdrawal,1160935.09,2025-02-06,Failed
T02966,486,11,Withdrawal,2065914.35,2025-07-17,Failed
T02967,8,582,Deposit,1981882,2025-09-02,Completed
T02968,275,256,Deposit,153685.05,2024-03-12,Completed
T02969,318,450,Withdrawal,1413697.29,2023-11-08,Pending
T02970,162,359,Withdrawal,4990445.96,2024-11-02,Completed
T02971,166,621,Bill Payment,47922.27,2025-06-27,Completed
T02972,445,673,Deposit,153217.55,2024-11-05,Failed
T02973,309,211,Bill Payment,70554.99,2024-09-19,Pending
T02974,33,226,Bill Payment,71342.07,2023-06-23,Pending
T02975,69,565,Transfer,2606978.34,2024-04-04,Completed
T02976,347,540,Transfer,956917.42,2023-06-24,Failed
T02977,342,516,Deposit,108468.07,2023-05-10,Pending
T02978,145,637,Bill Payment,28050.41,2025-01-31,Completed
T02979,299,141,Withdrawal,1525391.07,2024-11-01,Failed
T02980,184,216,Deposit,745093.78,2023-07-17,Completed
T02981,184,37,Withdrawal,3492011.35,2025-01-24,Failed
T02982,332,465,Deposit,43068.66,2025-06-28,Completed
T02983,361,277,Transfer,1764926.35,2023-01-04,Pending
T02984,315,87,Deposit,558545.42,2024-12-26,Failed
T02985,102,394,Bill Payment,1982.96,2022-11-26,Pending
T02986,102,394,Bill Payment,4537.11,2023-01-28,Completed
T02987,41,389,Withdrawal,3299968.55,2025-08-08,Failed
T02988,433,54,Transfer,94402.65,2022-12-19,Pending
T02989,98,27,Transfer,2768134.7,2022-10-14,Pending
T02990,477,606,Withdrawal,3786503.83,2024-07-06,Pending
T02991,145,637,Bill Payment,86587.65,2023-05-06,Failed
T02992,451,59,Deposit,1106811.68,2025-06-10,Failed
T02993,248,695,Transfer,2575613.02,2023-09-29,Failed
T02994,53,475,Bill Payment,57303,2023-01-18,Failed
T02995,193,532,Transfer,488065.33,2023-05-27,Pending
T02996,43,479,Withdrawal,660231.69,2022-10-19,Completed
T02997,422,288,Transfer,257067.83,2023-09-09,Completed
T02998,477,556,Transfer,1012928.29,2024-11-28,Pending
T02999,20,40,Transfer,1085403.75,2024-09-12,Failed
T03000,54,257,Deposit,249050.67,2024-05-06,Failed
T03001,163,677,Transfer,2508081.39,2023-01-06,Completed
T03002,134,455,Bill Payment,1824.94,2025-05-21,Completed
T03003,250,478,Deposit,1931788.04,2025-06-21,Pending
T03004,123,654,Withdrawal,2043645.83,2025-08-05,Failed
T03005,331,82,Transfer,2691184.33,2025-05-19,Failed
T03006,477,322,Deposit,881158.81,2024-10-24,Pending
T03007,473,283,Transfer,2607231.59,2025-07-25,Completed
T03008,89,233,Withdrawal,735362.03,2024-10-31,Failed
T03009,96,672,Deposit,465728.57,2022-10-29,Failed
T03010,20,40,Withdrawal,3422522.48,2022-10-15,Pending
T03011,406,594,Transfer,126345.78,2025-01-08,Failed
T03012,141,234,Deposit,1903431.73,2025-02-07,Pending
T03013,182,264,Deposit,1356936.45,2024-07-04,Pending
T03014,498,554,Deposit,1201357.39,2022-10-23,Pending
T03015,374,112,Deposit,1014122.41,2022-10-30,Completed
T03016,306,524,Deposit,474338.93,2025-01-04,Pending
T03017,454,585,Transfer,2487498.99,2023-12-05,Failed
T03018,327,426,Deposit,1283953.11,2025-01-14,Pending
T03019,189,147,Deposit,653417.81,2023-12-24,Pending
T03020,376,344,Bill Payment,89749.48,2022-10-31,Pending
T03021,57,482,Transfer,1865938.15,2024-11-23,Completed
T03022,278,378,Deposit,582099.83,2025-09-23,Completed
T03023,477,606,Deposit,212911.09,2025-08-17,Completed
T03024,476,321,Transfer,2819849.54,2024-08-03,Pending
T03025,363,597,Deposit,1314290.13,2023-07-10,Completed
T03026,188,391,Deposit,1910381.11,2023-03-20,Completed
T03027,256,579,Bill Payment,53942.84,2023-03-03,Completed
T03028,378,541,Deposit,1214400.47,2024-12-27,Failed
T03029,111,538,Bill Payment,31762.24,2023-05-24,Completed
T03030,437,590,Transfer,2733253.03,2023-10-14,Pending
T03031,459,249,Transfer,693056.66,2023-07-30,Pending
T03032,482,119,Withdrawal,2225592.42,2025-05-24,Pending
T03033,440,371,Deposit,704293.23,2024-12-30,Failed
T03034,259,79,Transfer,1960163.12,2023-11-01,Failed
T03035,320,236,Bill Payment,78651.78,2024-04-07,Completed
T03036,399,584,Withdrawal,4628659.02,2023-11-24,Completed
T03037,269,418,Withdrawal,3028122.78,2024-06-12,Pending
T03038,174,350,Transfer,354333.09,2023-02-04,Pending
T03039,96,432,Withdrawal,2880482.74,2024-05-06,Failed
T03040,142,203,Withdrawal,4382152.08,2024-06-26,Completed
T03041,496,171,Deposit,837541.89,2024-09-17,Failed
T03042,57,482,Deposit,253232.7,2025-02-28,Completed
T03043,60,442,Deposit,1380248.11,2023-10-17,Completed
T03044,358,136,Bill Payment,90435.61,2025-09-22,Pending
T03045,199,131,Bill Payment,69723.18,2023-09-20,Completed
T03046,132,301,Deposit,673948.18,2024-01-13,Pending
T03047,477,606,Deposit,1988271.14,2025-09-01,Completed
T03048,371,76,Transfer,2849782.21,2023-02-07,Pending
T03049,282,646,Bill Payment,74095.68,2025-07-16,Pending
T03050,25,297,Bill Payment,70041.36,2025-07-10,Failed
T03051,240,188,Deposit,304936.67,2022-11-23,Completed
T03052,259,608,Transfer,2021884.32,2023-02-27,Pending
T03053,41,389,Transfer,1316041.83,2024-06-25,Failed
T03054,386,603,Transfer,2834331.91,2024-05-16,Completed
T03055,139,238,Transfer,1480133.75,2024-05-12,Completed
T03056,454,578,Bill Payment,28597.19,2025-02-09,Pending
T03057,7,327,Withdrawal,4767614.83,2024-10-13,Completed
T03058,184,216,Bill Payment,51961.58,2022-12-31,Failed
T03059,261,631,Transfer,298849.87,2025-06-20,Pending
T03060,497,170,Deposit,576042.4,2022-10-19,Pending
T03061,318,450,Withdrawal,4426860.47,2025-09-30,Pending
T03062,146,266,Deposit,1849069.45,2023-06-28,Failed
T03063,499,286,Withdrawal,480784.08,2023-02-10,Failed
T03064,250,521,Withdrawal,137723.27,2024-11-19,Completed
T03065,73,553,Withdrawal,34318.87,2024-08-09,Completed
T03066,287,379,Withdrawal,1409905.78,2025-07-02,Failed
T03067,86,437,Bill Payment,52137.3,2024-03-02,Pending
T03068,427,303,Deposit,1432643.69,2025-03-02,Completed
T03069,472,456,Bill Payment,49376.23,2023-03-02,Completed
T03070,299,141,Transfer,2195035.41,2025-01-02,Completed
T03071,132,363,Deposit,1488682.93,2022-12-10,Completed
T03072,355,77,Transfer,470603.21,2023-09-26,Pending
T03073,473,283,Bill Payment,63099.33,2023-08-29,Failed
T03074,227,689,Deposit,1413766.2,2025-09-14,Pending
T03075,20,40,Bill Payment,10133.84,2025-03-03,Failed
T03076,338,534,Transfer,571600.83,2024-10-12,Failed
T03077,163,677,Deposit,1898390.5,2023-11-30,Failed
T03078,84,9,Withdrawal,685236.49,2022-12-16,Pending
T03079,33,226,Withdrawal,1327164.95,2023-01-28,Completed
T03080,393,497,Withdrawal,3668069.86,2025-09-02,Pending
T03081,274,135,Withdrawal,3174228.85,2023-12-14,Completed
T03082,375,529,Withdrawal,16985.35,2025-01-25,Completed
T03083,143,503,Withdrawal,3550242.56,2025-02-26,Completed
T03084,375,429,Transfer,1840327.98,2025-07-23,Failed
T03085,59,598,Withdrawal,3188935.42,2022-11-25,Pending
T03086,433,544,Withdrawal,4389570.36,2023-07-10,Completed
T03087,382,300,Bill Payment,49073.18,2024-02-05,Failed
T03088,265,402,Transfer,1630468.24,2022-10-29,Pending
T03089,44,99,Withdrawal,562724.74,2023-08-22,Pending
T03090,60,430,Bill Payment,32607.16,2025-04-03,Failed
T03091,86,436,Deposit,352800.78,2023-05-16,Pending
T03092,163,677,Deposit,695483.36,2024-06-14,Pending
T03093,153,132,Bill Payment,84028.07,2023-02-01,Pending
T03094,440,616,Bill Payment,68753.47,2024-01-12,Completed
T03095,304,298,Transfer,1522708.47,2023-06-14,Pending
T03096,26,63,Transfer,785184.96,2025-02-27,Pending
T03097,71,422,Bill Payment,80922.15,2023-10-13,Pending
T03098,69,409,Transfer,2737150.01,2025-03-03,Pending
T03099,381,498,Withdrawal,1699867.94,2024-05-31,Completed
T03100,157,316,Bill Payment,41040.17,2025-08-21,Failed
T03101,496,171,Withdrawal,3897980.46,2025-01-21,Completed
T03102,382,629,Transfer,388081.4,2024-03-03,Failed
T03103,282,21,Deposit,1604924.55,2024-05-23,Completed
T03104,88,342,Transfer,2300642.73,2023-05-10,Failed
T03105,55,65,Deposit,1037538.67,2025-09-09,Pending
T03106,207,549,Withdrawal,4926101.27,2023-02-03,Failed
T03107,10,406,Withdrawal,1451647.23,2024-11-20,Completed
T03108,82,383,Transfer,1240479.14,2024-03-25,Failed
T03109,100,255,Deposit,72631.91,2022-12-27,Completed
T03110,347,540,Deposit,1003247.89,2023-03-05,Pending
T03111,259,44,Withdrawal,1416165.52,2024-08-13,Completed
T03112,320,236,Withdrawal,169856.29,2023-09-30,Failed
T03113,295,127,Bill Payment,65562.07,2023-01-31,Completed
T03114,361,277,Deposit,153515.9,2024-03-17,Failed
T03115,327,426,Deposit,29976.2,2025-05-02,Failed
T03116,194,620,Withdrawal,478687.82,2025-05-15,Failed
T03117,63,401,Withdrawal,4157527.11,2025-04-17,Pending
T03118,220,332,Bill Payment,51284.33,2024-06-12,Completed
T03119,262,310,Transfer,1376987.46,2024-02-24,Completed
T03120,104,271,Bill Payment,37720.41,2022-11-20,Pending
T03121,119,96,Withdrawal,4834464.76,2025-06-16,Failed
T03122,499,286,Bill Payment,28513.86,2023-12-03,Failed
T03123,198,547,Withdrawal,1912659.27,2024-09-03,Pending
T03124,484,404,Transfer,2288219.8,2024-11-05,Failed
T03125,267,111,Bill Payment,22483.68,2023-09-24,Completed
T03126,430,407,Withdrawal,2235979.35,2024-04-09,Pending
T03127,308,577,Deposit,1285815.72,2025-02-10,Pending
T03128,425,148,Deposit,191230.38,2024-05-10,Completed
T03129,1,213,Bill Payment,59381.61,2024-08-05,Completed
T03130,372,145,Bill Payment,61687.2,2023-07-20,Pending
T03131,457,536,Withdrawal,295605.86,2025-08-25,Pending
T03132,336,259,Bill Payment,31214.35,2025-04-02,Pending
T03133,174,155,Deposit,643225.24,2025-07-27,Failed
T03134,445,614,Bill Payment,87155.65,2024-05-17,Pending
T03135,35,215,Bill Payment,54604.31,2023-02-15,Pending
T03136,327,668,Withdrawal,1609867.95,2025-05-22,Failed
T03137,474,495,Deposit,1842500.17,2024-01-06,Pending
T03138,226,80,Bill Payment,12815.52,2023-10-22,Completed
T03139,261,166,Deposit,332810.85,2023-01-27,Pending
T03140,297,117,Deposit,1771062.92,2023-02-09,Pending
T03141,166,175,Bill Payment,14072.55,2023-11-25,Failed
T03142,375,429,Bill Payment,1024.93,2023-06-01,Completed
T03143,37,446,Transfer,2159969.01,2024-05-17,Failed
T03144,24,278,Transfer,1845493.91,2025-06-15,Pending
T03145,454,578,Withdrawal,708446.47,2023-06-01,Failed
T03146,276,210,Transfer,1558379.66,2024-06-01,Pending
T03147,310,484,Bill Payment,21140.65,2024-02-08,Pending
T03148,424,139,Withdrawal,2622367.89,2024-04-17,Pending
T03149,486,11,Transfer,1249200.68,2023-03-19,Completed
T03150,57,482,Deposit,1986623.98,2023-02-24,Completed
T03151,272,320,Withdrawal,997138.92,2022-10-13,Completed
T03152,388,551,Bill Payment,33170.41,2024-01-26,Completed
T03153,189,640,Bill Payment,59486,2024-08-25,Completed
T03154,162,359,Withdrawal,1725442.27,2024-04-16,Completed
T03155,220,198,Transfer,852920.64,2023-11-28,Pending
T03156,429,599,Transfer,1102140.77,2023-03-12,Pending
T03157,208,261,Withdrawal,388303.15,2023-04-28,Completed
T03158,73,106,Withdrawal,1400647.68,2023-02-17,Pending
T03159,454,578,Deposit,253844.82,2023-07-23,Failed
T03160,273,602,Bill Payment,33083,2024-08-04,Failed
T03161,194,620,Transfer,2899993.34,2024-09-01,Failed
T03162,261,631,Bill Payment,21009.74,2025-02-16,Completed
T03163,139,238,Withdrawal,457600.01,2025-02-12,Failed
T03164,474,151,Withdrawal,824927.12,2024-12-09,Completed
T03165,220,332,Deposit,1791958.71,2024-06-29,Completed
T03166,299,141,Bill Payment,42598.03,2023-03-14,Pending
T03167,463,335,Transfer,1501375.13,2022-11-14,Completed
T03168,356,247,Bill Payment,37793.22,2023-02-21,Pending
T03169,262,486,Transfer,935629.62,2024-04-06,Failed
T03170,378,325,Deposit,1766629.58,2025-02-11,Completed
T03171,496,171,Transfer,2134187.36,2023-02-26,Pending
T03172,396,574,Bill Payment,49060.34,2025-04-19,Pending
T03173,181,124,Bill Payment,65244,2025-04-21,Completed
T03174,48,26,Transfer,2566189.25,2024-02-20,Failed
T03175,65,355,Bill Payment,21456.62,2024-05-25,Failed
T03176,405,196,Bill Payment,37483.17,2022-10-24,Failed
T03177,486,11,Withdrawal,2210960.76,2024-01-01,Failed
T03178,342,200,Deposit,1172583.72,2024-07-08,Pending
T03179,119,97,Transfer,2747463.4,2024-05-29,Failed
T03180,237,14,Transfer,101067.81,2023-02-13,Pending
T03181,246,658,Bill Payment,39889.57,2025-02-20,Failed
T03182,466,260,Transfer,1875998.6,2023-10-17,Failed
T03183,489,32,Bill Payment,99723.43,2025-03-11,Failed
T03184,376,466,Bill Payment,17459.72,2024-12-22,Failed
T03185,38,664,Deposit,76868.09,2023-06-25,Completed
T03186,214,628,Withdrawal,3528492.24,2025-09-03,Completed
T03187,274,135,Deposit,839435.38,2024-05-18,Completed
T03188,41,58,Bill Payment,63784.07,2023-06-25,Completed
T03189,477,322,Deposit,1715851.66,2023-05-08,Pending
T03190,93,199,Deposit,665663.64,2023-11-26,Failed
T03191,378,325,Withdrawal,4528718.02,2024-01-15,Failed
T03192,303,376,Deposit,1881120.05,2023-11-25,Pending
T03193,404,427,Deposit,130377.32,2024-11-09,Failed
T03194,430,152,Transfer,252364.12,2023-05-19,Pending
T03195,14,46,Transfer,1825782.81,2023-01-11,Failed
T03196,376,518,Bill Payment,17379.52,2023-06-21,Failed
T03197,400,4,Transfer,821652.54,2024-08-10,Pending
T03198,71,121,Transfer,1399023.71,2023-12-07,Failed
T03199,241,89,Bill Payment,8907.38,2024-07-20,Completed
T03200,63,187,Deposit,371724.95,2024-01-13,Failed
T03201,126,642,Deposit,1533561.78,2024-10-26,Completed
T03202,259,223,Transfer,1381317.12,2023-02-01,Failed
T03203,327,253,Transfer,2512006.31,2024-04-17,Failed
T03204,405,196,Withdrawal,1553124.82,2023-10-31,Pending
T03205,394,294,Withdrawal,1395538.01,2023-10-23,Failed
T03206,89,324,Bill Payment,22673.44,2025-06-01,Completed
T03207,499,280,Withdrawal,886383.33,2024-11-13,Pending
T03208,146,266,Bill Payment,26528.06,2025-04-14,Pending
T03209,429,364,Transfer,1046903.16,2025-05-19,Failed
T03210,457,536,Bill Payment,82967.06,2023-08-04,Failed
T03211,166,175,Deposit,1899355.42,2024-09-15,Failed
T03212,363,395,Withdrawal,2690205.97,2023-03-20,Completed
T03213,339,445,Transfer,1938200.95,2023-05-03,Failed
T03214,184,296,Withdrawal,1711563.65,2024-01-21,Failed
T03215,69,565,Transfer,272727.12,2022-10-15,Completed
T03216,173,265,Withdrawal,2338973.3,2024-06-10,Completed
T03217,482,119,Withdrawal,2376573.88,2024-03-04,Pending
T03218,267,601,Transfer,1117162.1,2025-05-25,Pending
T03219,315,675,Deposit,645082.91,2024-05-17,Completed
T03220,273,645,Transfer,2608052.64,2024-02-28,Completed
T03221,100,163,Bill Payment,47602.04,2024-08-18,Pending
T03222,38,664,Deposit,374629.48,2024-03-07,Pending
T03223,183,314,Withdrawal,2334739.32,2024-08-03,Completed
T03224,49,23,Bill Payment,80941.21,2025-07-12,Pending
T03225,259,608,Bill Payment,73122.39,2025-04-15,Pending
T03226,452,250,Transfer,2170255.68,2023-05-04,Failed
T03227,135,346,Bill Payment,67887.73,2024-01-14,Pending
T03228,447,42,Withdrawal,3816101.78,2024-02-15,Failed
T03229,267,111,Bill Payment,42646.83,2025-04-29,Pending
T03230,184,592,Bill Payment,59348.3,2025-09-19,Completed
T03231,489,525,Withdrawal,4611845.64,2023-08-13,Failed
T03232,245,537,Withdrawal,4757517.91,2024-10-18,Failed
T03233,270,143,Withdrawal,3317368.69,2024-02-05,Completed
T03234,387,93,Transfer,2378693.89,2023-07-07,Completed
T03235,65,355,Bill Payment,39659.79,2024-06-14,Pending
T03236,305,1,Withdrawal,1002832.27,2024-02-12,Completed
T03237,85,309,Transfer,241585.62,2023-12-31,Completed
T03238,280,209,Bill Payment,9107.67,2025-09-18,Completed
T03239,284,158,Transfer,15331.88,2025-06-14,Completed
T03240,467,353,Deposit,941865.99,2024-11-05,Failed
T03241,484,404,Withdrawal,4564252.4,2025-03-17,Failed
T03242,145,386,Bill Payment,70651.79,2023-10-16,Completed
T03243,296,397,Withdrawal,1592465.14,2024-02-23,Completed
T03244,326,410,Transfer,2694114.86,2024-05-11,Failed
T03245,11,435,Bill Payment,53458.11,2023-12-14,Pending
T03246,334,501,Deposit,443777.24,2024-06-06,Failed
T03247,332,183,Withdrawal,1846293.7,2024-04-24,Pending
T03248,492,514,Deposit,1221327.76,2023-03-30,Pending
T03249,226,80,Withdrawal,691261.42,2025-02-26,Completed
T03250,14,46,Withdrawal,1510387.66,2023-08-11,Completed
T03251,28,348,Bill Payment,65439.09,2025-04-11,Pending
T03252,174,155,Transfer,933620.68,2025-01-29,Failed
T03253,387,493,Deposit,522408.49,2023-07-11,Pending
T03254,474,184,Withdrawal,1991682.49,2025-08-29,Failed
T03255,470,109,Bill Payment,80642.27,2025-02-05,Pending
T03256,247,104,Bill Payment,80374.67,2022-11-15,Completed
T03257,289,165,Transfer,386654.16,2024-09-21,Failed
T03258,102,394,Bill Payment,1257.71,2023-08-26,Failed
T03259,460,687,Bill Payment,42303.46,2024-08-16,Completed
T03260,458,311,Bill Payment,25939.04,2023-12-31,Failed
T03261,482,119,Bill Payment,50255.95,2025-09-15,Pending
T03262,376,344,Transfer,335460.58,2023-01-20,Completed
T03263,11,435,Bill Payment,87044.4,2024-07-01,Completed
T03264,378,154,Deposit,674562.82,2025-08-15,Failed
T03265,361,605,Transfer,593240.34,2024-11-18,Failed
T03266,376,466,Bill Payment,4949.51,2023-05-09,Pending
T03267,39,41,Deposit,1735859.49,2025-06-14,Pending
T03268,303,376,Deposit,1778387.29,2024-01-18,Failed
T03269,287,379,Transfer,1277394.76,2023-10-15,Failed
T03270,47,304,Deposit,1085725.62,2023-11-01,Completed
T03271,132,301,Transfer,1251472.17,2025-07-24,Pending
T03272,164,333,Transfer,1908130.11,2023-06-01,Failed
T03273,405,115,Transfer,2195846.99,2024-07-23,Failed
T03274,10,406,Withdrawal,876993.01,2024-05-12,Failed
T03275,119,97,Withdrawal,3634210.23,2023-01-27,Failed
T03276,58,506,Bill Payment,89282.4,2024-09-01,Pending
T03277,297,470,Withdrawal,4593956.89,2025-04-20,Failed
T03278,245,537,Bill Payment,4160.03,2024-10-18,Pending
T03279,231,382,Deposit,293927.52,2025-03-27,Failed
T03280,123,654,Deposit,764135.03,2024-06-18,Failed
T03281,192,81,Transfer,2782357.93,2025-01-12,Failed
T03282,262,310,Bill Payment,40133.88,2024-11-29,Completed
T03283,182,264,Deposit,1673788.21,2025-09-13,Pending
T03284,446,120,Withdrawal,2854904.72,2024-07-15,Pending
T03285,261,631,Withdrawal,3471591.44,2025-01-26,Completed
T03286,264,384,Bill Payment,21599.41,2022-12-01,Pending
T03287,67,282,Withdrawal,1384992.2,2024-04-15,Failed
T03288,324,47,Bill Payment,90983.67,2025-09-28,Failed
T03289,287,292,Transfer,15650.62,2025-01-16,Completed
T03290,492,20,Bill Payment,65755.56,2025-04-14,Pending
T03291,344,274,Bill Payment,59948.04,2025-06-22,Failed
T03292,288,326,Deposit,443036.71,2023-02-14,Completed
T03293,164,333,Withdrawal,319548.57,2023-03-23,Pending
T03294,204,624,Bill Payment,58832.63,2023-10-25,Failed
T03295,7,610,Transfer,1624603.04,2025-07-22,Pending
T03296,128,572,Deposit,686229.96,2025-08-02,Pending
T03297,65,355,Bill Payment,15262.68,2024-04-08,Failed
T03298,494,511,Withdrawal,2661669.59,2023-06-20,Completed
T03299,299,690,Bill Payment,25643.69,2025-07-06,Completed
T03300,163,677,Deposit,1262952.43,2025-05-13,Failed
T03301,170,354,Deposit,415498.63,2022-12-12,Failed
T03302,287,379,Transfer,875823.22,2025-02-25,Pending
T03303,437,463,Bill Payment,3053.5,2025-07-03,Failed
T03304,429,599,Withdrawal,3121701.42,2025-08-22,Failed
T03305,60,442,Bill Payment,99583,2025-07-05,Completed
T03306,149,291,Bill Payment,98969.06,2024-06-16,Pending
T03307,388,551,Withdrawal,1892765.79,2024-03-03,Completed
T03308,218,100,Bill Payment,21908.71,2024-08-03,Completed
T03309,454,585,Transfer,536278,2023-03-18,Completed
T03310,29,411,Bill Payment,35267.26,2022-10-21,Completed
T03311,375,429,Transfer,958550.79,2023-03-07,Pending
T03312,282,646,Deposit,1328637.04,2023-11-10,Failed
T03313,194,649,Transfer,1507162.86,2023-09-14,Failed
T03314,265,402,Withdrawal,4295423.88,2024-12-06,Pending
T03315,434,476,Transfer,2478502.24,2024-12-18,Pending
T03316,103,161,Withdrawal,2000871.75,2025-02-17,Completed
T03317,312,546,Transfer,2288923.25,2025-03-24,Failed
T03318,465,177,Deposit,767015.17,2025-09-07,Failed
T03319,375,429,Bill Payment,41088.35,2025-03-16,Failed
T03320,421,30,Withdrawal,693721.64,2023-09-13,Failed
T03321,342,516,Deposit,1199336.56,2024-08-27,Failed
T03322,256,419,Deposit,650378.11,2024-05-08,Completed
T03323,496,171,Bill Payment,68467.87,2024-06-03,Pending
T03324,259,24,Bill Payment,55250.53,2024-09-23,Completed
T03325,261,166,Bill Payment,36969.53,2025-08-25,Completed
T03326,385,180,Bill Payment,93720.37,2025-04-06,Completed
T03327,425,331,Withdrawal,1465616.6,2025-09-11,Completed
T03328,300,212,Bill Payment,45973.37,2024-11-20,Failed
T03329,426,618,Bill Payment,98972.36,2023-05-27,Completed
T03330,325,473,Deposit,1607472.1,2024-03-23,Pending
T03331,476,164,Withdrawal,2311598.95,2022-11-12,Completed
T03332,56,8,Deposit,1364206.18,2024-10-23,Pending
T03333,472,533,Bill Payment,86230.68,2023-03-16,Completed
T03334,105,428,Transfer,2650129.44,2024-01-06,Failed
T03335,181,124,Deposit,877322.98,2024-07-12,Failed
T03336,393,62,Transfer,2435081.35,2023-02-15,Failed
T03337,39,41,Transfer,1198588.6,2023-04-03,Failed
T03338,273,645,Bill Payment,42915.99,2023-05-13,Completed
T03339,196,107,Withdrawal,4235504.84,2024-03-29,Failed
T03340,405,115,Withdrawal,1832956.07,2024-02-01,Failed
T03341,28,348,Withdrawal,4564959.98,2024-03-20,Pending
T03342,184,216,Transfer,291828.55,2024-09-11,Failed
T03343,371,76,Bill Payment,89929.61,2023-08-22,Pending
T03344,429,251,Transfer,1027657.48,2024-12-22,Failed
T03345,472,456,Transfer,2362228.16,2024-10-24,Failed
T03346,173,265,Transfer,1783487.18,2024-03-29,Completed
T03347,430,152,Transfer,78308.49,2024-10-13,Pending
T03348,454,578,Transfer,2141552.49,2023-03-05,Pending
T03349,100,163,Transfer,1426116.89,2024-08-15,Pending
T03350,299,690,Transfer,463746.64,2025-09-21,Failed
T03351,153,132,Withdrawal,3037639.66,2024-09-06,Pending
T03352,182,264,Withdrawal,140995.52,2024-02-12,Completed
T03353,59,598,Transfer,445515.91,2023-01-17,Completed
T03354,146,266,Transfer,2163557.53,2024-01-14,Failed
T03355,239,530,Bill Payment,47749.74,2022-12-13,Completed
T03356,467,353,Withdrawal,2936089.99,2023-04-01,Failed
T03357,477,322,Transfer,1134247.23,2022-11-09,Pending
T03358,38,664,Withdrawal,4354040.52,2024-03-20,Pending
T03359,385,180,Bill Payment,89723.65,2025-07-07,Completed
T03360,72,685,Deposit,685062.81,2023-03-23,Pending
T03361,300,212,Withdrawal,751292.52,2025-08-21,Failed
T03362,228,123,Withdrawal,1783150.82,2023-06-17,Pending
T03363,399,584,Deposit,1680034.28,2023-10-18,Failed
T03364,141,234,Withdrawal,1818438.1,2024-12-14,Completed
T03365,69,409,Deposit,1904080.52,2023-07-03,Failed
T03366,114,69,Transfer,1660076.8,2025-02-08,Failed
T03367,388,551,Deposit,1940889.22,2023-06-10,Completed
T03368,402,458,Withdrawal,1224216.54,2024-03-02,Failed
T03369,240,188,Withdrawal,1142471.31,2025-02-20,Failed
T03370,68,468,Withdrawal,202123.73,2024-07-28,Failed
T03371,334,273,Transfer,274531.91,2024-09-21,Completed
T03372,59,66,Withdrawal,2613265.94,2023-09-30,Completed
T03373,1,213,Withdrawal,1220459.04,2024-06-25,Failed
T03374,90,489,Bill Payment,9917.2,2025-06-09,Completed
T03375,7,327,Deposit,393253.44,2023-07-18,Completed
T03376,401,453,Deposit,952333.59,2023-07-21,Completed
T03377,477,556,Withdrawal,2991870.56,2025-06-25,Pending
T03378,159,583,Deposit,1163636.23,2025-07-22,Completed
T03379,135,454,Withdrawal,2945098.77,2024-08-06,Failed
T03380,39,630,Bill Payment,99224.54,2024-06-10,Pending
T03381,401,417,Transfer,1478069.12,2022-11-19,Completed
T03382,364,337,Bill Payment,51468.6,2025-05-15,Failed
T03383,261,307,Transfer,2601849.27,2023-08-07,Completed
T03384,174,350,Transfer,2033688.74,2024-09-02,Failed
T03385,207,317,Bill Payment,11235.86,2025-04-11,Completed
T03386,425,500,Deposit,638755.49,2024-08-02,Failed
T03387,57,482,Bill Payment,16396.77,2024-05-31,Completed
T03388,483,443,Transfer,284156.65,2022-10-11,Pending
T03389,46,351,Withdrawal,968783.93,2025-10-03,Completed
T03390,139,238,Withdrawal,1536694.49,2023-09-03,Pending
T03391,84,328,Bill Payment,10381.42,2023-08-20,Pending
T03392,297,625,Withdrawal,2855471.12,2023-12-11,Completed
T03393,220,332,Withdrawal,960328.43,2025-10-02,Pending
T03394,22,176,Withdrawal,3051006.02,2023-01-10,Completed
T03395,214,334,Bill Payment,65383.71,2025-03-19,Pending
T03396,426,276,Withdrawal,4664284.88,2023-03-12,Pending
T03397,458,311,Transfer,435387.09,2025-01-16,Pending
T03398,132,363,Transfer,1349398.77,2023-07-22,Pending
T03399,308,577,Bill Payment,76293.26,2024-04-25,Completed
T03400,417,414,Deposit,1937375.57,2024-02-23,Pending
T03401,74,662,Withdrawal,4874953.81,2023-08-07,Pending
T03402,492,20,Withdrawal,1043836.6,2024-09-14,Failed
T03403,13,263,Transfer,2497738.93,2023-03-31,Completed
T03404,183,330,Bill Payment,79112.9,2023-11-16,Pending
T03405,128,572,Withdrawal,3987575.61,2025-08-11,Failed
T03406,342,516,Bill Payment,85654.7,2024-11-03,Completed
T03407,355,77,Withdrawal,802929.32,2025-01-01,Failed
T03408,230,492,Bill Payment,95209.33,2025-06-23,Completed
T03409,196,676,Bill Payment,68811.32,2024-02-03,Failed
T03410,395,499,Withdrawal,1401432.92,2025-04-19,Failed
T03411,267,601,Bill Payment,6025.75,2024-05-30,Completed
T03412,156,655,Transfer,828500.64,2025-05-11,Pending
T03413,193,449,Transfer,333536.86,2024-06-05,Completed
T03414,371,76,Transfer,2931547.69,2025-04-03,Failed
T03415,423,424,Withdrawal,4369879.13,2023-03-31,Failed
T03416,261,307,Withdrawal,2809620.09,2024-03-28,Pending
T03417,142,252,Transfer,1718413.14,2024-04-03,Failed
T03418,478,267,Transfer,2068865.6,2024-09-15,Completed
T03419,151,70,Transfer,2871621.82,2025-05-21,Pending
T03420,181,457,Withdrawal,921516,2023-06-30,Pending
T03421,141,234,Bill Payment,36284.16,2025-08-16,Completed
T03422,183,694,Transfer,766445.65,2024-01-10,Failed
T03423,259,24,Withdrawal,596832.99,2025-05-16,Pending
T03424,357,438,Bill Payment,80625.87,2025-04-08,Completed
T03425,56,542,Deposit,1826007.91,2023-02-13,Failed
T03426,82,383,Deposit,1131646.33,2025-08-14,Completed
T03427,151,517,Transfer,2370517.44,2023-05-01,Pending
T03428,288,290,Transfer,1903304.35,2024-02-03,Failed
T03429,404,78,Deposit,1948467.96,2023-04-06,Completed
T03430,237,545,Withdrawal,3993156.29,2023-10-10,Completed
T03431,477,588,Bill Payment,61042.15,2024-01-22,Completed
T03432,265,75,Bill Payment,81793.8,2023-04-04,Pending
T03433,437,463,Withdrawal,3252568.05,2023-07-16,Completed
T03434,63,187,Transfer,1362414.22,2024-05-06,Failed
T03435,483,443,Deposit,803231.4,2025-09-16,Pending
T03436,480,7,Bill Payment,1985.28,2023-05-12,Completed
T03437,425,331,Bill Payment,15134.44,2024-12-06,Completed
T03438,429,599,Transfer,1597326.64,2024-05-30,Failed
T03439,74,682,Withdrawal,3849869.21,2024-07-15,Failed
T03440,429,364,Withdrawal,945048.03,2025-04-18,Completed
T03441,300,212,Transfer,545169.37,2023-05-07,Completed
T03442,198,547,Deposit,1559036.7,2025-03-15,Failed
T03443,73,357,Deposit,655258.37,2024-05-23,Pending
T03444,320,236,Withdrawal,1009305.43,2024-07-23,Completed
T03445,11,435,Transfer,699320.06,2023-07-20,Completed
T03446,429,364,Deposit,275055.67,2024-10-30,Pending
T03447,295,127,Bill Payment,2639.85,2025-06-18,Failed
T03448,421,214,Bill Payment,5016.51,2025-01-16,Pending
T03449,69,409,Withdrawal,1028955.71,2025-09-16,Pending
T03450,361,605,Deposit,186157.21,2025-07-03,Completed
T03451,119,519,Deposit,326184.55,2023-07-01,Completed
T03452,181,124,Bill Payment,74090.14,2025-02-13,Pending
T03453,378,325,Bill Payment,19179.02,2023-06-21,Completed
T03454,282,520,Transfer,1434197.87,2024-11-03,Failed
T03455,405,115,Bill Payment,1712.93,2023-12-27,Pending
T03456,440,431,Bill Payment,96160.72,2023-05-10,Completed
T03457,429,364,Transfer,2837222.49,2023-07-22,Completed
T03458,339,445,Transfer,688461.83,2024-02-05,Failed
T03459,315,87,Bill Payment,87606.59,2024-09-04,Completed
T03460,67,282,Transfer,136585.79,2025-05-24,Completed
T03461,29,182,Deposit,256332.63,2022-12-27,Completed
T03462,153,144,Bill Payment,76252.56,2024-04-14,Completed
T03463,357,611,Withdrawal,4331858.96,2022-10-19,Failed
T03464,132,301,Transfer,1852856.32,2024-10-26,Completed
T03465,60,430,Withdrawal,874012.77,2023-05-05,Failed
T03466,305,156,Withdrawal,1825974.98,2023-08-04,Completed
T03467,199,167,Deposit,995362.01,2024-05-23,Pending
T03468,417,414,Transfer,2726988.07,2025-02-23,Pending
T03469,145,637,Transfer,85920.3,2024-11-28,Completed
T03470,132,340,Deposit,1777696.49,2025-07-15,Completed
T03471,425,148,Bill Payment,4745.3,2024-11-11,Pending
T03472,219,613,Withdrawal,791704.72,2024-07-01,Completed
T03473,35,358,Withdrawal,461527.37,2025-09-02,Completed
T03474,162,116,Bill Payment,46496.89,2024-11-06,Pending
T03475,434,550,Bill Payment,13527.1,2024-07-11,Failed
T03476,416,653,Deposit,623206.05,2024-08-24,Pending
T03477,182,264,Withdrawal,1615059.41,2024-11-02,Failed
T03478,173,375,Deposit,955840.8,2023-06-21,Failed
T03479,454,585,Withdrawal,630039.05,2023-02-10,Failed
T03480,397,133,Withdrawal,1128533.65,2025-03-01,Completed
T03481,156,98,Bill Payment,28301.75,2022-11-21,Failed
T03482,58,108,Withdrawal,1131890.79,2023-09-12,Completed
T03483,196,676,Transfer,986212.96,2024-01-01,Pending
T03484,72,685,Transfer,2279800.91,2022-11-24,Completed
T03485,218,336,Bill Payment,37539.59,2023-12-05,Completed
T03486,406,594,Deposit,1495997.92,2023-09-19,Pending
T03487,317,648,Deposit,1588492.62,2025-01-17,Completed
T03488,168,15,Withdrawal,3173518.62,2023-12-27,Completed
T03489,261,166,Bill Payment,32320.98,2023-06-23,Failed
T03490,387,493,Bill Payment,85782.28,2024-09-14,Completed
T03491,65,644,Bill Payment,45265.2,2025-03-01,Completed
T03492,332,465,Transfer,1637865.34,2024-11-12,Completed
T03493,71,287,Transfer,1012095.15,2025-02-04,Completed
T03494,207,262,Transfer,2421062,2024-12-06,Pending
T03495,88,563,Bill Payment,66358.48,2023-03-29,Failed
T03496,46,351,Transfer,189821.75,2025-03-12,Pending
T03497,86,437,Deposit,1929524.72,2023-03-31,Completed
T03498,119,97,Withdrawal,4875464.33,2023-11-25,Completed
T03499,181,124,Transfer,379334.61,2025-01-25,Pending
T03500,181,315,Bill Payment,43672.79,2024-04-26,Completed
T03501,151,517,Withdrawal,1988392.94,2025-01-24,Failed
T03502,342,200,Withdrawal,4200224.07,2022-12-08,Completed
T03503,239,18,Withdrawal,3667328.21,2024-08-20,Pending
T03504,296,539,Withdrawal,2814852.13,2025-01-30,Failed
T03505,111,538,Deposit,1600619.85,2023-09-09,Pending
T03506,73,553,Withdrawal,3468780.04,2024-07-26,Failed
T03507,496,171,Transfer,476670.02,2023-03-13,Failed
T03508,497,170,Withdrawal,4216350.73,2025-07-16,Failed
T03509,305,156,Bill Payment,85843.69,2023-10-24,Pending
T03510,429,51,Bill Payment,29719.99,2024-01-10,Failed
T03511,96,432,Bill Payment,46853.61,2022-11-24,Completed
T03512,457,308,Deposit,150203.53,2024-09-02,Failed
T03513,325,570,Transfer,626660.02,2023-11-17,Failed
T03514,214,628,Deposit,118914.84,2024-03-29,Pending
T03515,153,144,Withdrawal,2405179.68,2023-02-17,Completed
T03516,459,249,Bill Payment,78652.65,2024-08-17,Failed
T03517,60,430,Bill Payment,59182.5,2023-04-05,Completed
T03518,162,359,Deposit,452996.98,2023-10-08,Pending
T03519,153,144,Bill Payment,12434.8,2023-08-27,Failed
T03520,59,600,Withdrawal,1029949.63,2025-04-05,Completed
T03521,227,689,Transfer,2281873.49,2025-09-09,Completed
T03522,416,653,Deposit,1041480.25,2024-04-01,Failed
T03523,73,106,Bill Payment,23294.9,2025-05-10,Pending
T03524,416,306,Deposit,1082748.33,2025-06-13,Failed
T03525,376,466,Withdrawal,352943.26,2024-07-31,Failed
T03526,174,350,Transfer,2848488.98,2023-06-19,Completed
T03527,188,391,Transfer,338956.3,2025-05-19,Pending
T03528,86,437,Withdrawal,4381335.37,2023-05-09,Failed
T03529,395,499,Transfer,674287.93,2023-08-21,Completed
T03530,168,91,Transfer,724257.14,2023-08-22,Failed
T03531,45,507,Bill Payment,42225.24,2023-01-05,Failed
T03532,58,108,Transfer,2527053.84,2025-03-08,Failed
T03533,473,283,Transfer,1920976.14,2024-04-01,Pending
T03534,60,430,Transfer,2949268.29,2025-01-08,Completed
T03535,237,14,Deposit,1426334.69,2023-12-15,Pending
T03536,459,249,Bill Payment,22216.67,2025-04-19,Pending
T03537,74,682,Transfer,312344.38,2025-01-18,Failed
T03538,425,500,Bill Payment,60702.12,2023-06-23,Failed
T03539,400,392,Deposit,1203523.79,2024-02-19,Failed
T03540,67,659,Deposit,1151463.24,2025-10-02,Completed
T03541,234,245,Transfer,1740576.11,2024-01-02,Failed
T03542,333,619,Bill Payment,81546.83,2023-12-28,Failed
T03543,39,41,Transfer,1941441.88,2025-03-12,Pending
T03544,372,472,Deposit,1880423.9,2023-11-24,Failed
T03545,483,443,Deposit,432471.05,2024-12-12,Completed
T03546,226,25,Transfer,296863.2,2025-08-25,Pending
T03547,421,30,Bill Payment,84958.07,2023-03-01,Pending
T03548,185,368,Transfer,1057459.16,2023-05-03,Completed
T03549,313,284,Bill Payment,78392.61,2024-07-05,Pending
T03550,297,470,Transfer,2305949.11,2023-01-05,Completed
T03551,35,215,Transfer,2222243.96,2023-12-09,Pending
T03552,465,177,Bill Payment,85678.97,2025-07-19,Pending
T03553,228,361,Withdrawal,1583354.19,2023-04-20,Pending
T03554,247,104,Deposit,1279083.75,2025-09-28,Pending
T03555,145,637,Bill Payment,63983.55,2023-04-29,Pending
T03556,132,208,Transfer,2568000.01,2023-10-27,Pending
T03557,466,360,Transfer,2417789.55,2023-05-20,Pending
T03558,476,164,Withdrawal,1614476.13,2024-02-17,Completed
T03559,367,195,Transfer,2726536.56,2023-10-24,Failed
T03560,246,658,Transfer,2270433.35,2025-08-20,Failed
T03561,332,183,Bill Payment,61885.25,2024-06-06,Completed
T03562,394,204,Deposit,181539.16,2024-11-03,Failed
T03563,341,680,Bill Payment,85235.66,2023-05-13,Completed
T03564,340,349,Transfer,1190571.84,2025-03-19,Pending
T03565,196,107,Transfer,1840453.38,2025-06-13,Completed
T03566,220,332,Withdrawal,2213237.74,2023-11-26,Completed
T03567,142,252,Withdrawal,3337939.12,2025-06-06,Pending
T03568,98,27,Bill Payment,22524.41,2024-07-09,Failed
T03569,258,225,Withdrawal,4375804.63,2024-05-09,Pending
T03570,38,664,Withdrawal,727738.11,2024-09-06,Pending
T03571,452,250,Deposit,1715133.92,2023-01-30,Pending
T03572,318,450,Bill Payment,55676.6,2025-06-15,Failed
T03573,379,197,Bill Payment,18687.2,2023-02-26,Failed
T03574,479,595,Bill Payment,62762.79,2024-06-21,Pending
T03575,169,268,Transfer,2410376.54,2024-12-13,Pending
T03576,60,442,Transfer,1093861.33,2023-12-11,Completed
T03577,84,328,Transfer,231582.83,2025-09-18,Failed
T03578,172,138,Transfer,2579904.13,2024-04-30,Failed
T03579,327,253,Withdrawal,484010.42,2024-09-10,Failed
T03580,48,488,Transfer,314870.46,2024-11-01,Failed
T03581,141,234,Transfer,2152834.83,2024-02-25,Failed
T03582,351,568,Withdrawal,2326966.89,2025-03-27,Failed
T03583,242,55,Bill Payment,61918.71,2022-10-08,Pending
T03584,477,606,Bill Payment,6559.31,2023-02-26,Completed
T03585,49,23,Bill Payment,55943.7,2024-09-16,Completed
T03586,232,356,Bill Payment,86770.96,2025-06-17,Completed
T03587,59,66,Transfer,196705.57,2025-08-01,Failed
T03588,473,283,Transfer,2842079.71,2025-09-22,Failed
T03589,106,29,Bill Payment,43139.92,2024-04-13,Completed
T03590,10,406,Withdrawal,3309342.34,2023-01-11,Pending
T03591,192,552,Transfer,991934.47,2025-01-12,Failed
T03592,250,521,Bill Payment,14508.88,2024-06-13,Failed
T03593,420,698,Transfer,2588270.85,2023-09-08,Failed
T03594,242,55,Transfer,1762549.3,2024-08-02,Completed
T03595,382,629,Deposit,1059779.07,2023-08-30,Failed
T03596,261,166,Withdrawal,1244748.86,2024-11-11,Failed
T03597,474,184,Withdrawal,148408.29,2023-11-26,Pending
T03598,228,123,Transfer,267772.63,2024-02-18,Pending
T03599,477,588,Bill Payment,80510.9,2023-12-19,Pending
T03600,262,486,Withdrawal,4236480.46,2024-03-12,Completed
T03601,44,99,Transfer,1065793.28,2025-02-01,Failed
T03602,419,441,Transfer,1499295.63,2025-03-20,Completed
T03603,478,267,Bill Payment,20140.67,2023-04-25,Pending
T03604,186,663,Deposit,679770.48,2025-03-02,Completed
T03605,245,537,Transfer,61692.08,2024-10-27,Failed
T03606,26,63,Deposit,1365578.81,2024-03-21,Completed
T03607,119,173,Deposit,1927217.71,2025-08-30,Failed
T03608,201,13,Deposit,654055.9,2022-12-19,Pending
T03609,106,29,Transfer,2578146.19,2022-12-15,Completed
T03610,19,194,Bill Payment,18260.49,2023-03-08,Completed
T03611,170,354,Deposit,1744258.14,2025-06-03,Completed
T03612,170,615,Transfer,1722168.04,2024-09-17,Pending
T03613,29,182,Withdrawal,4071993.01,2022-10-30,Pending
T03614,489,32,Deposit,1870618.44,2023-04-15,Completed
T03615,272,320,Transfer,323770.88,2023-06-07,Failed
T03616,387,185,Withdrawal,4501252.78,2024-08-20,Pending
T03617,220,198,Withdrawal,4986712.19,2024-09-13,Pending
T03618,376,466,Bill Payment,78427.86,2022-10-06,Completed
T03619,72,685,Deposit,677018.71,2024-07-30,Pending
T03620,372,145,Withdrawal,4801974.94,2023-08-15,Pending
T03621,24,193,Bill Payment,4254.88,2025-09-08,Completed
T03622,230,492,Deposit,1695624.43,2023-04-27,Completed
T03623,341,680,Transfer,2735645.15,2025-07-10,Failed
T03624,93,589,Bill Payment,75716.65,2024-01-16,Failed
T03625,86,206,Transfer,961289.1,2023-06-08,Pending
T03626,142,203,Transfer,2832769.72,2023-12-04,Pending
T03627,417,414,Bill Payment,37768.99,2023-02-26,Pending
T03628,226,25,Bill Payment,10521.42,2025-07-17,Failed
T03629,51,496,Bill Payment,30659.17,2024-04-16,Pending
T03630,241,57,Deposit,376563.77,2023-10-28,Completed
T03631,181,315,Withdrawal,3205021.21,2023-02-10,Failed
T03632,270,50,Deposit,94891.49,2024-05-04,Pending
T03633,363,395,Withdrawal,1759476.28,2025-08-02,Failed
T03634,433,54,Bill Payment,73880.15,2025-07-09,Failed
T03635,332,183,Transfer,2043559.6,2023-06-19,Completed
T03636,175,220,Deposit,914738.9,2022-12-24,Completed
T03637,250,227,Transfer,219353.96,2024-06-11,Completed
T03638,324,508,Withdrawal,2856155.51,2025-06-02,Failed
T03639,296,16,Deposit,1844211.63,2024-01-22,Completed
T03640,446,120,Transfer,14713.98,2025-09-25,Completed
T03641,196,676,Transfer,2953213.69,2023-10-03,Pending
T03642,141,234,Transfer,2752792.29,2024-08-01,Pending
T03643,14,46,Withdrawal,709205.43,2025-07-19,Completed
T03644,145,637,Transfer,2645893.4,2023-02-23,Pending
T03645,433,697,Transfer,615026.4,2025-10-02,Failed
T03646,499,280,Bill Payment,69059.1,2023-03-01,Pending
T03647,423,424,Bill Payment,27880.86,2022-10-06,Completed
T03648,425,500,Transfer,1800588.82,2023-09-01,Failed
T03649,473,405,Deposit,1392155.53,2024-10-14,Pending
T03650,153,132,Withdrawal,353551.25,2023-02-03,Completed
T03651,482,119,Withdrawal,4511183.49,2023-04-29,Pending
T03652,114,69,Withdrawal,2685161.59,2025-04-14,Completed
T03653,13,263,Bill Payment,28552.2,2023-09-21,Pending
T03654,287,292,Transfer,325921.91,2024-12-19,Completed
T03655,473,405,Withdrawal,4751095.16,2025-08-26,Failed
T03656,466,510,Withdrawal,636448.03,2024-08-26,Completed
T03657,185,481,Bill Payment,11023.46,2022-10-19,Completed
T03658,83,39,Bill Payment,18529.38,2022-10-17,Failed
T03659,151,70,Withdrawal,2180307.2,2025-09-19,Pending
T03660,193,449,Withdrawal,2210677.07,2024-03-21,Completed
T03661,154,679,Withdrawal,3842977.52,2023-04-10,Failed
T03662,288,326,Deposit,1137818.3,2024-07-22,Completed
T03663,174,350,Transfer,2765558.41,2025-09-17,Pending
T03664,285,474,Withdrawal,4507912.51,2023-04-28,Completed
T03665,63,401,Bill Payment,15394.44,2024-10-16,Pending
T03666,376,518,Deposit,450858.58,2023-01-23,Failed
T03667,342,200,Transfer,1974207.64,2023-09-25,Pending
T03668,48,26,Bill Payment,7031.35,2024-05-22,Completed
T03669,294,617,Transfer,1670780.97,2023-02-20,Completed
T03670,79,561,Transfer,170611.03,2023-03-13,Failed
T03671,26,67,Bill Payment,51852.93,2023-03-14,Completed
T03672,256,634,Withdrawal,3620672.73,2024-02-03,Pending
T03673,388,380,Deposit,287401.21,2024-04-27,Completed
T03674,235,240,Deposit,762736.17,2024-01-12,Failed
T03675,346,60,Bill Payment,76892.67,2023-05-06,Completed
T03676,414,230,Deposit,1127495.7,2024-05-21,Completed
T03677,282,21,Bill Payment,93727.37,2023-04-29,Failed
T03678,455,396,Transfer,2056987.15,2025-06-27,Pending
T03679,494,461,Withdrawal,3414722.98,2025-08-21,Failed
T03680,54,257,Transfer,2940403.25,2023-05-14,Failed
T03681,376,466,Bill Payment,91950.71,2023-01-19,Completed
T03682,376,466,Transfer,671907.59,2025-01-06,Pending
T03683,416,653,Withdrawal,4815235.4,2025-02-26,Pending
T03684,182,264,Withdrawal,1841022.4,2022-10-18,Completed
T03685,483,443,Transfer,432379.33,2025-05-10,Pending
T03686,299,421,Withdrawal,4937459.35,2025-07-10,Completed
T03687,126,642,Transfer,624698.72,2023-06-16,Pending
T03688,96,432,Bill Payment,46112.1,2024-08-18,Pending
T03689,134,455,Bill Payment,46405.36,2024-04-02,Pending
T03690,214,334,Bill Payment,13398.16,2023-08-31,Failed
T03691,309,211,Withdrawal,1085579.59,2025-06-06,Completed
T03692,159,583,Withdrawal,4740077.02,2023-05-28,Failed
T03693,196,676,Transfer,2701112.81,2024-07-05,Failed
T03694,256,419,Transfer,1932178.14,2025-05-19,Completed
T03695,188,403,Withdrawal,2351692.02,2025-09-05,Failed
T03696,327,668,Bill Payment,30102,2024-08-22,Failed
T03697,242,423,Deposit,399219.79,2023-09-07,Pending
T03698,69,565,Withdrawal,3298597.65,2023-02-16,Failed
T03699,483,443,Withdrawal,4716053.2,2023-03-10,Completed
T03700,300,212,Bill Payment,56782.55,2023-05-10,Completed
T03701,499,280,Withdrawal,3206549.47,2023-04-14,Failed
T03702,142,203,Withdrawal,2057037.37,2025-04-07,Pending
T03703,142,252,Withdrawal,3813338.73,2024-05-23,Pending
T03704,89,324,Deposit,1352540.72,2024-04-03,Completed
T03705,380,88,Deposit,17833.03,2024-08-02,Completed
T03706,132,340,Deposit,626931.12,2024-02-05,Pending
T03707,132,208,Withdrawal,4789824.96,2023-05-10,Pending
T03708,189,68,Transfer,1869883.44,2023-10-24,Pending
T03709,59,598,Bill Payment,47561.22,2023-12-09,Failed
T03710,385,180,Transfer,910069.82,2025-07-02,Failed
T03711,476,164,Withdrawal,817120.47,2023-02-12,Completed
T03712,312,546,Bill Payment,15912.21,2023-10-25,Failed
T03713,65,644,Bill Payment,70016.28,2025-02-10,Pending
T03714,275,256,Deposit,1327906.25,2025-04-25,Completed
T03715,472,456,Deposit,1511469.19,2025-04-24,Completed
T03716,188,391,Bill Payment,37999.04,2025-05-05,Completed
T03717,282,21,Transfer,2792861.07,2023-12-21,Failed
T03718,328,586,Withdrawal,2237219.75,2025-09-11,Completed
T03719,267,504,Transfer,2656868.79,2022-11-15,Completed
T03720,287,379,Deposit,354882.32,2025-07-23,Failed
T03721,457,308,Bill Payment,91684.72,2024-01-16,Completed
T03722,72,685,Withdrawal,4807913.98,2023-08-20,Pending
T03723,382,300,Deposit,709746.34,2024-12-17,Pending
T03724,251,17,Bill Payment,99171.01,2025-05-04,Pending
T03725,336,259,Withdrawal,2567600.56,2024-12-04,Failed
T03726,226,25,Bill Payment,31924.9,2023-07-25,Completed
T03727,433,54,Withdrawal,3502873.91,2024-06-04,Pending
T03728,290,460,Bill Payment,33818.03,2024-01-07,Pending
T03729,445,673,Bill Payment,65975.11,2025-07-04,Pending
T03730,69,565,Deposit,261734.39,2022-12-28,Failed
T03731,486,11,Deposit,605769.58,2023-10-11,Completed
T03732,57,482,Bill Payment,38900.87,2024-11-11,Failed
T03733,227,689,Transfer,2090719.85,2024-05-26,Pending
T03734,303,376,Bill Payment,40778.78,2023-03-29,Pending
T03735,358,136,Transfer,2157491.76,2023-10-14,Failed
T03736,220,198,Bill Payment,28235.95,2024-11-19,Completed
T03737,494,461,Deposit,1611047.61,2025-06-22,Pending
T03738,422,522,Deposit,46503.41,2025-04-14,Completed
T03739,393,110,Withdrawal,372998.72,2023-01-23,Pending
T03740,26,67,Withdrawal,2859972.13,2025-01-02,Completed
T03741,178,90,Deposit,19785.67,2022-10-23,Completed
T03742,174,350,Deposit,312909.46,2024-04-17,Failed
T03743,372,472,Transfer,2358501.83,2024-02-08,Completed
T03744,214,628,Deposit,112804.75,2023-04-28,Completed
T03745,462,205,Deposit,371556.83,2024-05-27,Failed
T03746,89,94,Deposit,866222.25,2025-03-05,Failed
T03747,124,239,Withdrawal,250943.16,2024-07-19,Completed
T03748,296,397,Transfer,1876542.49,2024-04-24,Completed
T03749,48,488,Withdrawal,3541479.89,2025-01-30,Pending
T03750,194,620,Withdrawal,2346583.07,2025-08-30,Failed
T03751,202,693,Deposit,885311.4,2023-06-30,Failed
T03752,480,7,Deposit,352113.9,2024-10-05,Completed
T03753,112,270,Withdrawal,4391005.07,2023-01-26,Failed
T03754,19,194,Deposit,1405884.76,2022-10-30,Completed
T03755,24,193,Withdrawal,4243232.91,2025-04-04,Completed
T03756,199,167,Bill Payment,63566.16,2023-01-17,Failed
T03757,47,304,Bill Payment,50714.78,2022-10-26,Pending
T03758,489,224,Bill Payment,25169.88,2023-11-16,Pending
T03759,356,247,Deposit,1309856.91,2023-09-05,Failed
T03760,185,258,Transfer,2263014.13,2022-12-05,Completed
T03761,98,64,Deposit,988099.13,2023-01-06,Failed
T03762,393,62,Bill Payment,8087.17,2024-06-14,Failed
T03763,181,457,Deposit,1954346.74,2024-11-29,Failed
T03764,168,91,Transfer,1764621.8,2023-12-24,Pending
T03765,420,698,Deposit,1138617.66,2025-06-07,Failed
T03766,7,327,Bill Payment,35875.44,2024-11-21,Pending
T03767,388,380,Bill Payment,30094.69,2024-07-11,Pending
T03768,476,321,Withdrawal,1141330.03,2024-07-24,Completed
T03769,259,44,Transfer,1229492.33,2025-09-29,Pending
T03770,164,333,Bill Payment,46416.02,2024-06-20,Pending
T03771,249,464,Withdrawal,711272.37,2023-02-10,Pending
T03772,60,430,Deposit,1746786.84,2025-06-26,Pending
T03773,188,391,Withdrawal,1997691.84,2025-01-15,Completed
T03774,339,445,Withdrawal,756042.22,2025-01-17,Completed
T03775,259,223,Deposit,33270.54,2025-05-18,Pending
T03776,378,154,Transfer,1012277,2023-05-30,Completed
T03777,466,510,Bill Payment,15915.8,2023-12-10,Failed
T03778,3,285,Withdrawal,950540.35,2023-02-11,Failed
T03779,253,512,Bill Payment,43567.25,2024-01-29,Completed
T03780,425,500,Deposit,707062.13,2023-02-04,Completed
T03781,114,69,Transfer,2118219.31,2024-12-07,Failed
T03782,25,297,Withdrawal,1176526.95,2023-08-16,Pending
T03783,388,222,Bill Payment,49101.64,2023-06-03,Pending
T03784,234,647,Withdrawal,1693563.96,2025-01-15,Pending
T03785,256,634,Bill Payment,61201.51,2024-02-24,Failed
T03786,397,133,Transfer,1023621.17,2024-06-02,Pending
T03787,153,132,Transfer,1696200.4,2025-04-02,Pending
T03788,55,65,Deposit,894432.88,2025-06-16,Pending
T03789,327,253,Withdrawal,4722939.17,2025-07-10,Failed
T03790,235,240,Transfer,1901797.35,2025-08-27,Pending
T03791,422,288,Transfer,1731870.78,2025-06-30,Pending
T03792,342,200,Withdrawal,4827404.03,2023-01-15,Failed
T03793,291,587,Withdrawal,3540816.31,2024-01-29,Failed
T03794,477,243,Withdrawal,2443451.01,2025-09-24,Pending
T03795,492,20,Transfer,1533125.92,2024-08-14,Completed
T03796,102,394,Withdrawal,3118411.38,2023-10-10,Completed
T03797,56,542,Bill Payment,46322.66,2023-01-02,Failed
T03798,334,273,Deposit,899245.11,2023-10-19,Completed
T03799,473,283,Withdrawal,1819548.5,2023-02-15,Completed
T03800,262,486,Withdrawal,1117443.26,2024-08-09,Completed
T03801,218,336,Transfer,2474597.92,2023-04-03,Pending
T03802,214,576,Withdrawal,3918637.67,2024-09-08,Pending
T03803,393,497,Transfer,1814510.69,2025-05-13,Failed
T03804,462,205,Withdrawal,4788670.75,2025-05-07,Failed
T03805,194,620,Deposit,591591.34,2022-12-29,Completed
T03806,342,200,Transfer,745055.3,2024-01-28,Pending
T03807,254,434,Deposit,596704.94,2025-08-04,Completed
T03808,425,148,Transfer,76338.44,2025-07-23,Failed
T03809,487,660,Bill Payment,7963.1,2023-07-04,Pending
T03810,430,152,Bill Payment,62626.4,2023-04-08,Failed
T03811,103,161,Bill Payment,75870.31,2022-10-24,Completed
T03812,265,281,Bill Payment,27667.35,2023-05-06,Failed
T03813,347,622,Bill Payment,28547.8,2025-09-28,Failed
T03814,153,132,Transfer,2868338.63,2022-10-22,Completed
T03815,433,54,Transfer,1657949.08,2023-06-16,Pending
T03816,200,146,Transfer,2495497.12,2024-11-14,Pending
T03817,261,564,Deposit,1257966.23,2024-03-26,Failed
T03818,220,332,Bill Payment,17882.04,2024-12-25,Failed
T03819,32,36,Transfer,972380.48,2024-12-16,Failed
T03820,39,41,Deposit,1445691.95,2023-11-11,Failed
T03821,358,136,Bill Payment,6481.4,2023-06-21,Completed
T03822,153,144,Withdrawal,512163.83,2024-05-04,Completed
T03823,121,241,Deposit,1509441.8,2023-04-20,Pending
T03824,17,347,Deposit,825577.26,2023-11-26,Completed
T03825,188,505,Bill Payment,54556.63,2023-04-06,Failed
T03826,404,427,Bill Payment,69489.2,2022-11-19,Failed
T03827,418,92,Withdrawal,2243042.23,2024-03-08,Completed
T03828,169,268,Withdrawal,1197087.61,2024-08-01,Failed
T03829,463,700,Deposit,105439.96,2023-12-01,Failed
T03830,481,231,Bill Payment,4335.24,2024-12-26,Completed
T03831,124,239,Withdrawal,4772150.68,2023-01-12,Completed
T03832,135,513,Transfer,969189.29,2023-11-17,Failed
T03833,460,687,Bill Payment,2023.65,2025-03-18,Pending
T03834,188,505,Deposit,1339449.33,2025-06-05,Failed
T03835,162,425,Deposit,80739.98,2023-02-01,Failed
T03836,184,37,Withdrawal,1148300.45,2024-11-13,Pending
T03837,56,8,Transfer,2105621.72,2024-09-11,Failed
T03838,217,377,Withdrawal,1986510.27,2024-12-06,Completed
T03839,434,550,Deposit,1830443.73,2024-04-16,Failed
T03840,204,638,Transfer,797307.34,2022-12-30,Pending
T03841,306,524,Bill Payment,16070.35,2024-11-19,Completed
T03842,100,623,Transfer,1003789.98,2025-03-03,Pending
T03843,478,267,Bill Payment,12004.85,2023-06-21,Pending
T03844,437,463,Deposit,891364.11,2024-04-28,Failed
T03845,90,688,Bill Payment,20538.55,2023-06-06,Completed
T03846,38,43,Bill Payment,80483.12,2023-11-05,Failed
T03847,309,211,Withdrawal,3799036.65,2023-03-13,Failed
T03848,416,306,Withdrawal,4433374.12,2025-03-14,Pending
T03849,188,370,Bill Payment,5531.32,2025-08-17,Failed
T03850,320,236,Transfer,650809.77,2023-04-02,Completed
T03851,191,318,Deposit,433238.9,2023-09-24,Completed
T03852,88,342,Withdrawal,2498463.98,2024-12-03,Failed
T03853,190,398,Transfer,1373924.06,2022-10-08,Pending
T03854,294,617,Withdrawal,4604173.94,2022-12-12,Pending
T03855,395,575,Transfer,2385112.03,2022-10-24,Failed
T03856,100,255,Deposit,1232932.44,2023-10-19,Completed
T03857,489,32,Deposit,1714403.37,2022-12-15,Pending
T03858,305,1,Transfer,1335459.31,2024-10-06,Failed
T03859,8,582,Withdrawal,487066.12,2024-04-22,Pending
T03860,384,221,Withdrawal,4854730.05,2024-05-21,Failed
T03861,231,382,Deposit,560317.37,2023-05-26,Failed
T03862,49,23,Transfer,2311445.83,2023-07-10,Completed
T03863,262,310,Withdrawal,1314365.55,2022-11-28,Completed
T03864,181,124,Deposit,1760640.99,2025-02-09,Pending
T03865,82,179,Deposit,225617.24,2025-07-19,Failed
T03866,121,241,Bill Payment,86992.2,2024-07-17,Failed
T03867,463,571,Transfer,810565.47,2023-09-18,Failed
T03868,308,577,Bill Payment,6422.06,2024-02-16,Failed
T03869,491,157,Withdrawal,326723.68,2023-10-25,Failed
T03870,417,387,Deposit,74803.75,2024-07-12,Pending
T03871,62,477,Bill Payment,17584.79,2024-02-14,Completed
T03872,357,591,Deposit,1313391.75,2023-11-30,Pending
T03873,173,289,Bill Payment,20349.59,2023-02-02,Pending
T03874,226,25,Transfer,2889587.23,2025-03-10,Completed
T03875,121,241,Bill Payment,81054.36,2024-05-06,Failed
T03876,14,46,Bill Payment,55938.55,2023-04-08,Failed
T03877,334,501,Withdrawal,3578131.05,2024-11-22,Failed
T03878,343,49,Transfer,1092422.37,2025-08-15,Failed
T03879,217,377,Bill Payment,82089.35,2022-12-25,Failed
T03880,153,168,Transfer,1975974.73,2023-07-10,Pending
T03881,69,565,Withdrawal,1604235.48,2023-09-16,Failed
T03882,232,356,Bill Payment,17478.88,2024-12-14,Pending
T03883,231,382,Bill Payment,98352.93,2022-12-15,Pending
T03884,430,152,Bill Payment,67603.5,2024-06-18,Pending
T03885,121,369,Bill Payment,8735.91,2023-01-20,Pending
T03886,299,141,Transfer,2774194.87,2024-09-26,Failed
T03887,250,478,Bill Payment,75394.96,2023-12-17,Failed
T03888,296,169,Deposit,687235.8,2024-01-30,Failed
T03889,36,149,Transfer,1620863.02,2024-02-25,Failed
T03890,476,164,Withdrawal,4886182.66,2023-02-16,Completed
T03891,10,406,Deposit,1646975.02,2025-02-10,Completed
T03892,492,514,Deposit,1039377.91,2024-09-13,Failed
T03893,286,5,Transfer,2803548.54,2022-10-17,Failed
T03894,296,169,Withdrawal,3420369.44,2024-04-30,Pending
T03895,334,501,Deposit,651311.85,2023-08-12,Pending
T03896,179,562,Bill Payment,52359.79,2023-12-31,Pending
T03897,258,225,Transfer,2249604.03,2025-02-26,Failed
T03898,470,109,Withdrawal,3202706.27,2024-01-20,Pending
T03899,92,160,Withdrawal,3581293.23,2025-05-29,Failed
T03900,267,111,Bill Payment,14521.12,2023-10-16,Completed
T03901,183,314,Withdrawal,3779247.05,2024-09-24,Pending
T03902,35,215,Deposit,1903125.37,2024-04-29,Completed
T03903,226,25,Deposit,62679.34,2025-04-11,Completed
T03904,1,213,Withdrawal,4138455.36,2024-11-09,Failed
T03905,74,74,Deposit,507241.09,2023-08-04,Completed
T03906,117,433,Transfer,1984924.36,2025-01-31,Completed
T03907,360,612,Transfer,1029837.18,2023-10-20,Pending
T03908,421,214,Transfer,1285857.38,2023-05-26,Failed
T03909,297,490,Deposit,1358395.29,2022-10-14,Completed
T03910,253,512,Transfer,1054815.12,2024-07-02,Pending
T03911,108,485,Bill Payment,75316.5,2022-11-11,Completed
T03912,117,433,Transfer,2847392.37,2023-10-01,Failed
T03913,143,503,Deposit,760244.61,2025-01-23,Pending
T03914,241,89,Bill Payment,25290.42,2024-03-26,Completed
T03915,303,85,Withdrawal,3621668.9,2025-06-18,Failed
T03916,234,647,Deposit,909645.05,2025-09-16,Failed
T03917,135,346,Withdrawal,3018440.07,2022-10-19,Pending
T03918,32,36,Transfer,929785.83,2024-03-08,Failed
T03919,437,463,Withdrawal,3068972.55,2022-10-07,Completed
T03920,486,11,Withdrawal,2967551.9,2025-07-22,Failed
T03921,106,29,Bill Payment,7003.05,2024-05-11,Completed
T03922,53,475,Transfer,2091544.58,2024-01-25,Pending
T03923,207,549,Deposit,506782.01,2023-03-15,Completed
T03924,239,530,Bill Payment,17474.48,2023-08-19,Pending
T03925,132,301,Withdrawal,200042.65,2025-01-05,Failed
T03926,132,340,Bill Payment,11056.49,2023-10-09,Completed
T03927,259,79,Withdrawal,2411248.82,2024-07-18,Completed
T03928,196,6,Bill Payment,77596.44,2024-11-07,Failed
T03929,416,181,Bill Payment,4483.08,2023-01-06,Completed
T03930,68,229,Transfer,2596763.98,2023-05-14,Failed
T03931,58,506,Withdrawal,3569425.92,2023-12-13,Failed
T03932,482,119,Deposit,329284.34,2023-02-26,Completed
T03933,194,620,Deposit,876475.54,2022-12-12,Pending
T03934,419,441,Deposit,1416963.41,2023-09-29,Failed
T03935,278,378,Deposit,837539.87,2024-12-20,Completed
T03936,499,286,Bill Payment,55772.43,2024-07-07,Pending
T03937,114,69,Deposit,174942.29,2025-09-27,Failed
T03938,47,367,Bill Payment,40192.56,2024-05-05,Completed
T03939,299,141,Deposit,48706.5,2024-09-16,Completed
T03940,454,585,Withdrawal,3323540.11,2023-02-13,Pending
T03941,196,676,Transfer,1672326.74,2025-03-25,Pending
T03942,114,69,Withdrawal,2911020.43,2023-03-02,Completed
T03943,396,574,Deposit,464880.46,2024-11-28,Completed
T03944,457,308,Withdrawal,3733464.1,2023-04-30,Pending
T03945,122,12,Transfer,180451.96,2025-06-20,Completed
T03946,162,116,Transfer,1756925.76,2024-06-08,Completed
T03947,458,311,Withdrawal,1598326.46,2023-01-29,Completed
T03948,230,492,Withdrawal,944146.39,2025-04-11,Pending
T03949,297,490,Bill Payment,21490.84,2025-03-05,Completed
T03950,190,398,Deposit,292651.73,2023-01-09,Completed
T03951,7,523,Withdrawal,4306066.19,2024-08-10,Completed
T03952,297,490,Deposit,1132531.74,2025-07-30,Completed
T03953,126,642,Bill Payment,83993.12,2023-04-26,Pending
T03954,481,231,Transfer,1219471.2,2023-10-07,Pending
T03955,259,44,Transfer,2342005.68,2024-01-01,Completed
T03956,220,198,Transfer,1172633.3,2023-11-14,Failed
T03957,481,231,Withdrawal,2397349.64,2024-02-06,Failed
T03958,401,417,Withdrawal,1207461.68,2024-06-06,Failed
T03959,379,295,Bill Payment,77332.61,2025-09-27,Pending
T03960,170,615,Deposit,834924.22,2024-02-23,Failed
T03961,315,87,Withdrawal,3864817.45,2024-02-11,Completed
T03962,287,379,Transfer,1180105.4,2024-09-07,Pending
T03963,224,666,Transfer,910838.92,2023-12-01,Failed
T03964,194,620,Transfer,2758020.71,2023-10-02,Pending
T03965,306,524,Bill Payment,38670.78,2023-01-29,Failed
T03966,286,604,Withdrawal,2347171.17,2023-08-15,Completed
T03967,375,502,Transfer,1598450.97,2023-05-04,Failed
T03968,234,647,Deposit,503560.08,2025-03-31,Pending
T03969,24,278,Transfer,1783504.24,2023-03-23,Completed
T03970,476,321,Transfer,2721699.28,2023-06-03,Failed
T03971,405,196,Transfer,2917035.88,2023-03-18,Completed
T03972,376,344,Bill Payment,27924.36,2023-06-17,Failed
T03973,11,435,Withdrawal,3841801.95,2024-09-02,Completed
T03974,427,303,Withdrawal,3435829.8,2024-09-27,Pending
T03975,477,556,Transfer,613791.23,2024-02-04,Pending
T03976,163,596,Withdrawal,586936.62,2024-06-27,Failed
T03977,233,299,Withdrawal,1029463.39,2023-04-10,Failed
T03978,135,346,Withdrawal,4436479.05,2025-01-14,Pending
T03979,264,384,Withdrawal,1958759.55,2024-04-13,Failed
T03980,24,278,Bill Payment,53787.12,2023-08-23,Completed
T03981,208,261,Deposit,505445.12,2024-09-06,Pending
T03982,261,564,Bill Payment,426.38,2024-01-26,Completed
T03983,208,261,Bill Payment,45530.58,2024-09-23,Failed
T03984,59,598,Transfer,1533599.67,2023-11-20,Pending
T03985,394,204,Transfer,153453.62,2023-04-09,Pending
T03986,65,644,Bill Payment,59567.65,2023-02-22,Pending
T03987,388,448,Bill Payment,31382.88,2023-06-06,Completed
T03988,216,186,Deposit,722989.2,2025-09-04,Completed
T03989,38,43,Deposit,555073.37,2024-01-20,Failed
T03990,207,549,Transfer,382702.63,2025-10-03,Completed
T03991,254,434,Withdrawal,200646.98,2025-09-21,Failed
T03992,497,581,Deposit,20207.27,2025-04-29,Pending
T03993,189,640,Transfer,852922.21,2022-12-06,Completed
T03994,422,237,Withdrawal,3091941.2,2023-09-04,Failed
T03995,344,274,Transfer,2522383.6,2024-02-26,Completed
T03996,259,24,Transfer,2287172.5,2023-05-23,Completed
T03997,259,393,Withdrawal,2709014.67,2023-02-23,Completed
T03998,289,165,Deposit,1142694.93,2023-10-25,Failed
T03999,361,277,Bill Payment,12543.87,2024-04-09,Completed
T04000,401,417,Withdrawal,1210880.51,2024-06-11,Failed
T04001,497,170,Withdrawal,4588210.04,2024-12-10,Pending
T04002,393,110,Deposit,477922.1,2022-12-20,Pending
T04003,37,446,Bill Payment,44671.9,2025-08-21,Completed
T04004,481,103,Deposit,817364.96,2024-01-12,Pending
T04005,135,454,Withdrawal,3696082.78,2023-11-13,Pending
T04006,39,630,Bill Payment,2400.36,2023-07-02,Pending
T04007,309,211,Bill Payment,43721.36,2022-11-22,Failed
T04008,46,351,Transfer,62637.06,2024-06-24,Failed
T04009,261,631,Bill Payment,83838.07,2024-09-06,Failed
T04010,309,211,Transfer,433974.95,2025-02-14,Completed
T04011,440,616,Bill Payment,16921.33,2025-02-05,Pending
T04012,1,213,Withdrawal,1571744.69,2023-10-28,Pending
T04013,265,281,Withdrawal,3574953.99,2023-03-01,Completed
T04014,41,389,Bill Payment,96069.44,2024-09-21,Failed
T04015,308,577,Withdrawal,3227740.8,2023-03-12,Completed
T04016,249,464,Deposit,778045.32,2023-05-10,Pending
T04017,121,369,Bill Payment,2147.36,2023-04-11,Pending
T04018,181,457,Bill Payment,9037.14,2022-10-23,Pending
T04019,73,357,Withdrawal,1346339.09,2023-01-08,Pending
T04020,250,491,Withdrawal,843539.74,2023-09-15,Failed
T04021,481,661,Withdrawal,4229666.84,2023-04-26,Pending
T04022,99,374,Deposit,1521540.13,2023-08-08,Completed
T04023,100,163,Deposit,1231092.19,2024-06-18,Failed
T04024,397,52,Transfer,238226.46,2024-05-05,Pending
T04025,249,464,Withdrawal,1466470.9,2025-09-05,Pending
T04026,499,286,Withdrawal,1146214.25,2025-06-10,Pending
T04027,496,171,Deposit,464015.36,2025-07-02,Completed
T04028,462,636,Deposit,1145431.79,2023-02-12,Failed
T04029,416,181,Transfer,1644041.69,2025-03-27,Pending
T04030,344,172,Withdrawal,86891.88,2025-04-02,Completed
T04031,426,618,Deposit,135230.51,2023-11-11,Completed
T04032,426,276,Withdrawal,2670232.67,2023-01-29,Pending
T04033,214,567,Transfer,2169763.88,2022-11-07,Completed
T04034,198,547,Withdrawal,1228987.06,2023-01-13,Completed
T04035,214,334,Withdrawal,3831981.8,2023-08-08,Failed
T04036,138,22,Deposit,787914.45,2025-07-04,Completed
T04037,270,50,Bill Payment,15675.35,2024-08-23,Completed
T04038,111,248,Transfer,1721806.58,2023-04-23,Pending
T04039,285,474,Withdrawal,2275265.84,2023-02-24,Failed
T04040,177,113,Withdrawal,811272.42,2024-03-03,Failed
T04041,259,44,Deposit,1965721.17,2023-04-13,Completed
T04042,305,1,Transfer,1382587.73,2022-12-10,Pending
T04043,183,694,Bill Payment,55076.54,2024-09-20,Failed
T04044,417,414,Bill Payment,96214.28,2022-12-22,Failed
T04045,132,363,Bill Payment,75187.96,2023-06-22,Failed
T04046,269,418,Withdrawal,2516259.59,2025-03-14,Pending
T04047,390,130,Deposit,414182.58,2024-08-07,Failed
T04048,217,377,Transfer,347050.82,2024-06-09,Pending
T04049,400,392,Bill Payment,30021.84,2024-11-13,Completed
T04050,223,323,Bill Payment,19950.41,2022-11-19,Completed
T04051,384,221,Bill Payment,77529.7,2024-05-21,Completed
T04052,494,461,Withdrawal,3245707.53,2025-08-31,Pending
T04053,10,406,Withdrawal,712434.33,2024-07-28,Completed
T04054,318,450,Transfer,1460584.11,2023-06-30,Pending
T04055,62,477,Transfer,2647209.12,2024-04-06,Pending
T04056,243,134,Bill Payment,95965.87,2023-09-03,Completed
T04057,239,150,Deposit,591188.46,2023-07-22,Completed
T04058,162,359,Bill Payment,90948.26,2023-12-06,Failed
T04059,199,444,Deposit,1196673.81,2023-12-13,Pending
T04060,489,525,Bill Payment,4148.39,2024-08-27,Pending
T04061,151,70,Transfer,994691.39,2023-05-23,Pending
T04062,119,519,Withdrawal,56269.87,2022-11-27,Completed
T04063,239,150,Transfer,180130.94,2025-05-15,Failed
T04064,489,224,Transfer,72907.47,2025-05-23,Pending
T04065,230,343,Bill Payment,34757.88,2025-05-20,Pending
T04066,287,292,Transfer,153223.59,2023-10-21,Failed
T04067,59,600,Deposit,1767124.3,2025-07-06,Pending
T04068,199,444,Deposit,1332806.87,2024-01-06,Failed
T04069,234,580,Deposit,1997289.74,2024-11-18,Completed
T04070,417,387,Transfer,1982018.48,2024-07-06,Pending
T04071,358,651,Transfer,432282.45,2025-02-06,Completed
T04072,119,96,Bill Payment,27648.41,2024-10-18,Completed
T04073,38,43,Deposit,606169.13,2023-01-07,Completed
T04074,342,200,Bill Payment,56972.56,2023-02-18,Pending
T04075,305,156,Bill Payment,54750.89,2023-12-13,Pending
T04076,184,216,Deposit,1982057.48,2024-05-21,Completed
T04077,83,39,Transfer,2181850.19,2023-05-06,Completed
T04078,258,225,Bill Payment,91521.89,2024-07-17,Completed
T04079,227,689,Bill Payment,11512.28,2023-08-10,Failed
T04080,82,471,Transfer,1850586.66,2025-06-29,Pending
T04081,185,481,Transfer,1731341.84,2024-12-29,Failed
T04082,3,339,Transfer,1580364.11,2023-10-27,Failed
T04083,350,699,Transfer,2418663.79,2025-06-10,Completed
T04084,240,232,Deposit,868029.8,2025-01-26,Pending
T04085,364,337,Transfer,1496873.68,2022-11-04,Failed
T04086,195,415,Deposit,1904224.86,2024-05-21,Pending
T04087,182,264,Deposit,1648225.95,2024-04-14,Failed
T04088,68,229,Withdrawal,4403850.03,2024-10-19,Completed
T04089,434,476,Withdrawal,4630332.11,2025-01-27,Failed
T04090,477,556,Transfer,1238228.75,2024-10-26,Pending
T04091,60,430,Transfer,897604.05,2024-03-22,Completed
T04092,199,167,Bill Payment,94854.31,2025-03-01,Failed
T04093,189,68,Transfer,2778410.45,2024-11-23,Completed
T04094,198,447,Bill Payment,81524.58,2024-02-16,Completed
T04095,162,425,Bill Payment,97838.03,2024-05-30,Pending
T04096,388,380,Deposit,616360.82,2023-11-29,Pending
T04097,267,504,Bill Payment,58883.48,2023-07-11,Pending
T04098,419,441,Withdrawal,1433051.49,2022-11-14,Failed
T04099,296,169,Transfer,477996.4,2024-02-12,Pending
T04100,259,608,Bill Payment,85334.54,2025-04-19,Completed
T04101,303,85,Deposit,1592490.5,2023-09-10,Completed
T04102,378,154,Bill Payment,49315.58,2022-11-19,Completed
T04103,38,664,Withdrawal,4959194.52,2023-12-15,Completed
T04104,476,483,Withdrawal,164390.44,2023-01-04,Pending
T04105,303,376,Transfer,1998341.67,2024-10-06,Completed
T04106,447,42,Withdrawal,4464505.75,2025-01-04,Pending
T04107,481,103,Deposit,1992632.91,2024-04-12,Completed
T04108,39,41,Deposit,1642948.85,2025-03-30,Completed
T04109,166,175,Bill Payment,82436.67,2023-10-01,Pending
T04110,267,111,Transfer,1780313.78,2023-06-09,Failed
T04111,296,539,Deposit,1663688.53,2023-03-09,Pending
T04112,355,142,Deposit,924941.97,2023-10-25,Pending
T04113,131,162,Deposit,993082.84,2025-07-21,Completed
T04114,149,291,Deposit,787090.26,2023-10-14,Pending
T04115,150,681,Withdrawal,3474848.95,2023-11-23,Pending
T04116,185,368,Transfer,881312.98,2025-01-11,Failed
T04117,29,411,Bill Payment,80715.89,2022-12-30,Completed
T04118,207,317,Transfer,632036.58,2023-09-10,Pending
T04119,266,153,Withdrawal,184951.46,2025-03-17,Completed
T04120,273,602,Deposit,295786.1,2024-05-30,Pending
T04121,390,130,Withdrawal,3614125.88,2024-04-08,Pending
T04122,70,341,Transfer,1738021.28,2023-07-01,Failed
T04123,37,494,Bill Payment,41047.07,2023-07-05,Failed
T04124,72,685,Transfer,2812339.88,2023-10-07,Completed
T04125,108,485,Deposit,728736.56,2025-04-12,Pending
T04126,379,197,Transfer,198633.02,2024-02-11,Completed
T04127,336,259,Bill Payment,18737.59,2025-09-22,Pending
T04128,53,475,Bill Payment,78394.11,2024-04-14,Pending
T04129,494,461,Withdrawal,4079090.19,2025-04-10,Failed
T04130,117,433,Transfer,2874216.31,2022-11-17,Failed
T04131,16,189,Deposit,1738413.73,2025-10-01,Completed
T04132,54,257,Bill Payment,9412.31,2025-09-27,Pending
T04133,430,152,Deposit,1768496.14,2024-04-03,Completed
T04134,320,526,Bill Payment,95710.55,2025-03-04,Completed
T04135,387,185,Bill Payment,3941.06,2025-02-26,Completed
T04136,234,647,Transfer,2134239.97,2023-05-13,Failed
T04137,231,382,Transfer,8710.55,2025-02-25,Pending
T04138,492,514,Withdrawal,1056097.75,2023-07-24,Pending
T04139,433,697,Transfer,1592841.86,2024-11-07,Failed
T04140,361,605,Withdrawal,2175253.37,2025-01-24,Failed
T04141,39,41,Bill Payment,96417.84,2024-01-28,Failed
T04142,79,561,Transfer,1616607.36,2023-07-04,Pending
T04143,14,46,Transfer,998149.92,2024-11-04,Pending
T04144,286,604,Deposit,949297.88,2022-12-02,Pending
T04145,53,475,Withdrawal,4615524.48,2023-02-22,Failed
T04146,68,229,Bill Payment,26543.58,2022-12-31,Failed
T04147,20,40,Withdrawal,3342492.71,2023-10-01,Failed
T04148,208,261,Bill Payment,26610.05,2025-04-26,Failed
T04149,123,235,Deposit,443990.98,2023-09-09,Pending
T04150,234,245,Bill Payment,324.82,2022-11-04,Completed
T04151,404,78,Transfer,1606005.28,2024-12-30,Failed
T04152,404,427,Deposit,1003752.8,2024-10-16,Failed
T04153,90,656,Transfer,2306818.13,2022-10-06,Failed
T04154,79,53,Bill Payment,98887.95,2024-03-03,Completed
T04155,198,547,Transfer,2339134.56,2025-05-16,Completed
T04156,383,399,Transfer,532121.53,2023-08-13,Failed
T04157,86,206,Deposit,1370325.54,2023-04-25,Completed
T04158,364,337,Withdrawal,4732946.21,2024-03-17,Completed
T04159,115,102,Withdrawal,4655478.81,2023-07-07,Failed
T04160,173,265,Withdrawal,3287628.38,2024-02-19,Failed
T04161,182,264,Bill Payment,16269.96,2023-01-05,Pending
T04162,280,209,Withdrawal,1807786.7,2022-11-08,Pending
T04163,207,317,Deposit,152913.43,2023-05-22,Completed
T04164,8,125,Deposit,1907194.27,2025-04-03,Completed
T04165,361,277,Withdrawal,567740.43,2025-10-03,Pending
T04166,135,346,Deposit,1001175.92,2023-05-13,Failed
T04167,62,477,Deposit,962743.12,2023-03-26,Failed
T04168,3,285,Deposit,712839.99,2024-12-30,Completed
T04169,341,362,Withdrawal,1940015.53,2024-04-23,Completed
T04170,441,559,Transfer,2176083.07,2023-01-25,Failed
T04171,241,89,Deposit,325003.12,2024-05-07,Pending
T04172,289,165,Withdrawal,2393973.09,2025-10-03,Failed
T04173,466,360,Deposit,680691.46,2025-07-29,Pending
T04174,483,443,Deposit,1614646.44,2024-06-10,Pending
T04175,248,218,Withdrawal,951528.29,2025-04-02,Failed
T04176,51,496,Deposit,1952286.46,2023-03-10,Failed
T04177,89,233,Bill Payment,55790.03,2024-03-10,Pending
T04178,296,397,Transfer,1927760.88,2024-01-16,Completed
T04179,38,43,Deposit,906092.38,2024-02-18,Completed
T04180,454,585,Transfer,51855.43,2023-05-04,Failed
T04181,231,382,Transfer,1246893.28,2023-06-06,Completed
T04182,223,323,Bill Payment,8614,2024-08-13,Completed
T04183,301,609,Deposit,1185974.56,2025-06-24,Pending
T04184,45,507,Transfer,359699.26,2024-10-30,Completed
T04185,123,654,Transfer,738489.71,2025-07-09,Failed
T04186,86,436,Transfer,117296.9,2024-02-09,Completed
T04187,241,57,Transfer,1994638.59,2023-07-02,Completed
T04188,173,265,Bill Payment,99928.15,2025-02-24,Pending
T04189,340,349,Bill Payment,98132.9,2025-09-16,Failed
T04190,357,373,Deposit,996824.95,2025-05-15,Failed
T04191,457,308,Bill Payment,2370.95,2024-04-11,Pending
T04192,218,336,Withdrawal,3559289.74,2023-09-16,Completed
T04193,111,538,Deposit,725383.06,2025-08-03,Completed
T04194,104,271,Transfer,955276.03,2025-04-06,Completed
T04195,240,188,Withdrawal,2911558.76,2023-07-04,Completed
T04196,139,238,Deposit,553391.54,2024-05-14,Failed
T04197,407,555,Deposit,1623248.42,2024-01-24,Failed
T04198,184,592,Transfer,2719005.08,2025-09-08,Failed
T04199,477,305,Deposit,1790703.96,2024-01-05,Completed
T04200,272,320,Bill Payment,9387.45,2023-04-20,Pending
T04201,426,276,Deposit,274214.82,2023-07-08,Completed
T04202,386,603,Deposit,214103.98,2022-10-07,Pending
T04203,259,44,Bill Payment,80969.11,2025-09-29,Pending
T04204,407,555,Deposit,528932.36,2025-03-12,Failed
T04205,395,575,Withdrawal,410962.38,2024-06-04,Completed
T04206,490,190,Deposit,1261862.33,2025-03-04,Completed
T04207,57,482,Withdrawal,3644014.52,2022-11-24,Completed
T04208,388,174,Withdrawal,4948244.59,2023-07-14,Completed
T04209,420,698,Transfer,1730283.92,2025-04-27,Failed
T04210,24,193,Bill Payment,54801.62,2024-02-11,Completed
T04211,419,441,Withdrawal,3066676.53,2025-05-11,Pending
T04212,220,198,Transfer,1033131.47,2023-09-13,Pending
T04213,361,605,Bill Payment,91083.55,2025-06-24,Pending
T04214,426,276,Withdrawal,3082307.85,2025-03-01,Completed
T04215,440,431,Transfer,1945188.67,2023-03-15,Pending
T04216,216,2,Deposit,811387.15,2024-11-13,Completed
T04217,466,260,Withdrawal,2883503.45,2023-05-11,Failed
T04218,479,595,Deposit,1934365.14,2024-03-02,Completed
T04219,358,136,Deposit,462095.87,2023-02-02,Completed
T04220,97,48,Deposit,1368294.3,2023-10-09,Completed
T04221,489,224,Transfer,2878219.74,2024-03-26,Failed
T04222,137,3,Withdrawal,3586465.29,2024-02-13,Failed
T04223,168,15,Bill Payment,10784.67,2023-06-22,Completed
T04224,402,458,Withdrawal,735790.79,2025-06-19,Failed
T04225,295,127,Transfer,975672.28,2023-02-19,Pending
T04226,414,388,Transfer,1330513.61,2025-08-10,Completed
T04227,358,651,Withdrawal,1034700.54,2025-06-23,Pending
T04228,24,193,Withdrawal,2450076.75,2024-03-09,Pending
T04229,388,448,Deposit,504596.47,2024-08-28,Pending
T04230,53,475,Withdrawal,307961.59,2022-10-22,Completed
T04231,297,470,Transfer,611917.72,2023-11-20,Completed
T04232,379,295,Withdrawal,1417947.42,2023-08-26,Completed
T04233,86,437,Deposit,946731.32,2023-10-27,Failed
T04234,26,67,Bill Payment,34849.51,2025-09-15,Failed
T04235,414,230,Bill Payment,20172.31,2023-01-18,Pending
T04236,90,489,Bill Payment,27036.99,2024-04-01,Pending
T04237,33,226,Bill Payment,90490.17,2023-11-07,Completed
T04238,121,241,Bill Payment,38519.71,2023-03-21,Failed
T04239,422,522,Withdrawal,550012.17,2022-10-06,Failed
T04240,388,380,Transfer,2069878.59,2022-12-18,Pending
T04241,315,675,Transfer,2239335.59,2024-05-26,Completed
T04242,55,65,Deposit,482830.93,2024-08-15,Pending
T04243,336,259,Withdrawal,3788926.87,2024-07-17,Failed
T04244,325,570,Withdrawal,3137969.16,2023-06-20,Failed
T04245,400,4,Withdrawal,4793148.96,2024-07-09,Pending
T04246,351,568,Bill Payment,56838.31,2024-11-08,Completed
T04247,387,493,Withdrawal,937671.96,2024-05-15,Failed
T04248,183,314,Bill Payment,25191.65,2024-04-02,Pending
T04249,267,601,Withdrawal,3144606.37,2025-01-30,Failed
T04250,294,617,Transfer,288721.75,2024-05-10,Pending
T04251,189,640,Withdrawal,4451395.09,2023-03-11,Pending
T04252,324,47,Transfer,1070963.52,2024-10-18,Completed
T04253,312,546,Transfer,1479705.07,2025-03-20,Pending
T04254,214,576,Deposit,1379613.73,2025-07-12,Completed
T04255,256,579,Withdrawal,1157290.86,2025-09-06,Completed
T04256,276,210,Bill Payment,41294.75,2023-09-20,Failed
T04257,265,75,Deposit,1362081.02,2023-06-14,Failed
T04258,181,452,Withdrawal,1104440.06,2024-09-05,Completed
T04259,489,224,Transfer,291020.13,2023-01-27,Pending
T04260,122,12,Bill Payment,12115.72,2022-11-25,Pending
T04261,67,659,Bill Payment,89320.96,2024-01-06,Completed
T04262,340,349,Withdrawal,3059258.4,2022-11-05,Completed
T04263,54,257,Withdrawal,221808.6,2024-02-12,Failed
T04264,313,284,Withdrawal,3286827.81,2023-11-14,Failed
T04265,480,7,Bill Payment,81724.84,2023-03-16,Completed
T04266,71,422,Transfer,300730.59,2023-01-28,Failed
T04267,363,597,Withdrawal,4624130.5,2024-03-18,Pending
T04268,305,1,Bill Payment,69668.27,2023-06-26,Pending
T04269,249,464,Withdrawal,135469.97,2024-05-10,Completed
T04270,117,643,Deposit,1334763.54,2023-06-11,Completed
T04271,465,177,Withdrawal,1171863.56,2023-01-29,Completed
T04272,474,184,Withdrawal,4136560.03,2025-01-31,Completed
T04273,358,136,Transfer,1382834.93,2023-02-26,Failed
T04274,494,461,Withdrawal,3093612.42,2024-03-12,Completed
T04275,71,121,Withdrawal,1833845.42,2025-04-14,Pending
T04276,483,443,Withdrawal,3439897.73,2025-05-15,Completed
T04277,262,486,Bill Payment,861.52,2024-10-23,Pending
T04278,32,36,Withdrawal,3422513.78,2025-10-03,Pending
T04279,374,112,Deposit,1528952.91,2022-11-22,Completed
T04280,265,75,Withdrawal,2075849.14,2024-08-05,Pending
T04281,123,235,Withdrawal,1331434.37,2025-07-16,Failed
T04282,280,569,Transfer,2659221.41,2023-06-18,Completed
T04283,301,609,Withdrawal,4768136.91,2025-05-05,Pending
T04284,465,177,Bill Payment,27989.62,2024-08-09,Pending
T04285,166,621,Withdrawal,4631139.35,2023-06-06,Completed
T04286,70,201,Bill Payment,29623.87,2022-12-27,Failed
T04287,62,477,Deposit,1749512.12,2023-03-11,Completed
T04288,390,130,Deposit,459860.78,2024-03-02,Failed
T04289,198,547,Deposit,1120349.66,2023-08-20,Pending
T04290,224,666,Withdrawal,265105.66,2023-07-27,Completed
T04291,192,552,Withdrawal,3994915.53,2024-07-01,Completed
T04292,397,52,Deposit,483368.72,2025-09-22,Failed
T04293,108,86,Transfer,1575465.08,2025-02-11,Completed
T04294,146,266,Transfer,996561.54,2025-01-21,Completed
T04295,332,183,Deposit,855727.55,2023-11-21,Completed
T04296,153,144,Withdrawal,3494178.82,2025-07-27,Completed
T04297,36,531,Withdrawal,3124575.39,2023-12-16,Completed
T04298,117,433,Deposit,1475613.35,2024-01-09,Pending
T04299,372,472,Withdrawal,3407013.35,2023-10-09,Pending
T04300,481,31,Deposit,1531076.15,2023-03-03,Completed
T04301,150,681,Deposit,1725840.13,2022-12-21,Failed
T04302,489,32,Deposit,645331.97,2024-06-06,Failed
T04303,416,653,Deposit,165723.9,2025-03-11,Completed
T04304,387,493,Deposit,878238.63,2025-02-04,Failed
T04305,38,664,Transfer,172214.11,2024-11-05,Failed
T04306,194,620,Deposit,1438591.2,2023-05-31,Pending
T04307,476,321,Bill Payment,67250.64,2022-12-28,Failed
T04308,74,662,Transfer,2257711.73,2024-04-17,Pending
T04309,476,164,Deposit,1091777.58,2022-10-10,Completed
T04310,170,615,Bill Payment,28789.66,2024-07-30,Failed
T04311,259,79,Withdrawal,879449.11,2023-02-18,Pending
T04312,492,514,Deposit,628570.21,2024-01-05,Pending
T04313,447,42,Bill Payment,46784.55,2025-07-29,Completed
T04314,445,614,Deposit,6089.78,2025-06-02,Pending
T04315,142,252,Bill Payment,34600.68,2025-04-24,Pending
T04316,168,91,Transfer,2171835.73,2024-10-20,Pending
T04317,403,543,Withdrawal,2026511.56,2023-08-11,Failed
T04318,42,126,Withdrawal,2065449.02,2023-03-04,Pending
T04319,306,524,Withdrawal,4953347.03,2022-11-13,Pending
T04320,498,678,Deposit,732738.18,2023-08-22,Completed
T04321,357,591,Bill Payment,72987.01,2023-06-27,Failed
T04322,39,41,Bill Payment,5398.37,2025-06-22,Completed
T04323,356,247,Bill Payment,60250.04,2024-01-01,Failed
T04324,128,572,Bill Payment,61847.3,2023-02-09,Completed
T04325,189,640,Withdrawal,629707.63,2024-10-09,Completed
T04326,479,275,Deposit,1856313.13,2023-04-02,Pending
T04327,336,259,Deposit,1780464.87,2024-01-27,Failed
T04328,196,6,Transfer,1876922.44,2024-06-13,Pending
T04329,487,660,Withdrawal,2737840.87,2024-10-05,Pending
T04330,494,511,Withdrawal,2578801.08,2024-11-02,Pending
T04331,24,193,Deposit,799717.57,2025-07-27,Completed
T04332,483,159,Deposit,283431.16,2023-11-20,Pending
T04333,256,634,Transfer,2178105.84,2023-02-23,Failed
T04334,328,586,Transfer,1223219.82,2025-06-28,Completed
T04335,138,22,Withdrawal,4397351.13,2025-01-27,Failed
T04336,243,134,Transfer,2166887.3,2024-05-29,Failed
T04337,60,442,Withdrawal,521360.36,2023-07-19,Pending
T04338,303,85,Bill Payment,87357.07,2024-05-03,Pending
T04339,233,299,Bill Payment,15751.53,2024-05-19,Pending
T04340,304,298,Deposit,373584.88,2024-04-30,Completed
T04341,497,692,Transfer,1020122.19,2023-07-21,Failed
T04342,35,192,Transfer,575420.33,2024-08-27,Failed
T04343,259,24,Deposit,939929.19,2022-12-13,Pending
T04344,71,422,Transfer,2589321.01,2023-11-18,Failed
T04345,437,590,Deposit,1544187.78,2024-08-18,Failed
T04346,374,112,Transfer,724709.46,2024-09-26,Failed
T04347,135,513,Withdrawal,4152247.77,2023-11-18,Pending
T04348,132,340,Withdrawal,2328947.8,2023-09-21,Failed
T04349,98,64,Transfer,113104.18,2023-11-26,Failed
T04350,156,655,Deposit,1986255.49,2025-02-27,Pending
T04351,234,245,Withdrawal,4582513.05,2023-01-08,Completed
T04352,429,364,Withdrawal,4142799.36,2023-05-27,Pending
T04353,273,602,Transfer,2650499.01,2025-09-20,Completed
T04354,473,405,Withdrawal,4033718.25,2025-08-06,Completed
T04355,387,93,Deposit,1422755.41,2023-03-04,Pending
T04356,296,539,Bill Payment,72153.05,2023-02-15,Completed
T04357,360,558,Deposit,1213109.76,2025-08-07,Completed
T04358,356,247,Deposit,1261931.75,2024-03-22,Completed
T04359,188,505,Withdrawal,674400.1,2025-01-23,Failed
T04360,425,331,Withdrawal,197016.52,2024-07-09,Pending
T04361,32,36,Deposit,1912443.08,2025-04-08,Failed
T04362,376,518,Bill Payment,75864,2023-09-23,Pending
T04363,383,399,Deposit,923695.4,2025-02-10,Failed
T04364,401,417,Deposit,21838.55,2023-01-07,Completed
T04365,421,214,Deposit,1994527.59,2024-05-28,Completed
T04366,267,601,Deposit,669509.67,2024-12-24,Pending
T04367,405,115,Withdrawal,4188146.18,2024-07-16,Failed
T04368,237,14,Withdrawal,3442295.08,2025-01-13,Pending
T04369,310,484,Bill Payment,26462.33,2025-09-06,Pending
T04370,357,611,Deposit,1920756.96,2024-10-11,Pending
T04371,400,4,Withdrawal,1959415.29,2025-03-12,Failed
T04372,65,355,Withdrawal,4429533.83,2023-10-06,Completed
T04373,234,319,Deposit,1617122.97,2024-10-13,Failed
T04374,156,655,Transfer,327013.99,2024-01-12,Pending
T04375,240,232,Withdrawal,1985613.67,2023-02-04,Pending
T04376,235,352,Deposit,1173320.89,2024-06-09,Pending
T04377,342,200,Withdrawal,4074917.15,2022-11-27,Completed
T04378,384,221,Withdrawal,368434.26,2024-11-22,Pending
T04379,67,282,Transfer,1013415.21,2025-03-10,Completed
T04380,127,95,Transfer,2801366.74,2024-12-15,Failed
T04381,216,302,Withdrawal,2598881.54,2025-03-10,Pending
T04382,259,44,Transfer,1891618.63,2025-08-22,Pending
T04383,493,244,Bill Payment,93565.67,2025-05-25,Pending
T04384,37,446,Deposit,1038918.84,2023-05-22,Completed
T04385,446,120,Withdrawal,2133153.42,2023-04-09,Completed
T04386,259,44,Withdrawal,4374270.63,2024-09-01,Completed
T04387,472,533,Withdrawal,1807249.18,2023-06-30,Pending
T04388,100,623,Deposit,1636435.52,2023-06-21,Completed
T04389,455,396,Withdrawal,3424855.57,2023-08-30,Completed
T04390,322,329,Withdrawal,500628.78,2023-07-31,Completed
T04391,489,224,Transfer,2692532.13,2023-04-19,Pending
T04392,433,54,Bill Payment,50956.67,2022-12-10,Completed
T04393,198,447,Deposit,971029.55,2024-07-23,Pending
T04394,11,435,Withdrawal,3106272.15,2023-02-03,Failed
T04395,104,271,Transfer,2249115.2,2025-08-31,Completed
T04396,482,119,Withdrawal,1520726.97,2024-08-11,Failed
T04397,196,6,Bill Payment,78046.3,2023-08-14,Pending
T04398,416,306,Withdrawal,2384957.52,2025-06-05,Failed
T04399,261,564,Withdrawal,2037878.78,2023-05-22,Completed
T04400,235,240,Transfer,1843718.38,2025-04-16,Completed
T04401,242,55,Deposit,1334217.98,2023-11-09,Pending
T04402,475,19,Deposit,1015045.24,2024-02-13,Failed
T04403,479,595,Deposit,1606671.41,2023-01-17,Pending
T04404,477,588,Withdrawal,4674873.01,2023-02-17,Failed
T04405,249,464,Transfer,1748905.87,2024-05-29,Completed
T04406,448,413,Bill Payment,76686.19,2025-02-15,Failed
T04407,214,385,Transfer,2490931.42,2024-06-13,Failed
T04408,194,620,Bill Payment,9056.5,2025-02-08,Failed
T04409,427,303,Withdrawal,2676787.75,2024-02-23,Pending
T04410,406,594,Bill Payment,63714.02,2023-12-08,Failed
T04411,100,255,Withdrawal,1652438.69,2024-12-20,Completed
T04412,216,302,Deposit,1544712.85,2024-09-15,Pending
T04413,399,584,Withdrawal,4766489.12,2022-10-24,Completed
T04414,267,111,Withdrawal,4196092.69,2025-09-27,Completed
T04415,216,302,Withdrawal,3881567.63,2025-05-29,Pending
T04416,417,414,Deposit,815934.3,2025-04-04,Failed
T04417,259,24,Bill Payment,15584.58,2024-12-24,Failed
T04418,71,121,Bill Payment,76402.78,2024-07-17,Completed
T04419,246,658,Bill Payment,17474.07,2023-03-28,Completed
T04420,207,317,Withdrawal,2600448.9,2024-07-09,Completed
T04421,214,334,Transfer,1950743.67,2023-05-25,Failed
T04422,355,142,Deposit,1672024.51,2023-05-23,Pending
T04423,400,4,Transfer,2880081.6,2025-03-03,Failed
T04424,71,121,Withdrawal,4511340.29,2025-04-05,Failed
T04425,297,625,Bill Payment,34199.84,2025-03-28,Failed
T04426,474,151,Bill Payment,59092.16,2023-03-09,Pending
T04427,360,558,Withdrawal,2171293.73,2023-03-18,Pending
T04428,119,96,Bill Payment,57334.04,2025-02-25,Pending
T04429,401,417,Deposit,1846961.11,2023-03-10,Completed
T04430,296,16,Bill Payment,80893.34,2023-12-23,Completed
T04431,227,689,Withdrawal,3832688.53,2025-01-14,Failed
T04432,477,322,Transfer,2941432.1,2024-03-22,Completed
T04433,185,258,Withdrawal,3886315.84,2024-07-04,Pending
T04434,407,555,Withdrawal,1203763.39,2023-11-19,Pending
T04435,422,522,Transfer,1878310.83,2024-05-22,Completed
T04436,481,31,Withdrawal,2392608.22,2025-07-18,Completed
T04437,216,2,Deposit,1335598.82,2024-10-28,Failed
T04438,339,445,Bill Payment,90743.17,2025-03-11,Pending
T04439,55,65,Deposit,234009.5,2025-05-07,Pending
T04440,342,516,Withdrawal,376208.64,2024-10-08,Failed
T04441,220,198,Transfer,2470769.85,2022-12-02,Completed
T04442,270,50,Deposit,750695.28,2023-06-29,Completed
T04443,330,627,Transfer,240773.25,2023-12-06,Failed
T04444,347,622,Deposit,1715744.72,2024-06-21,Pending
T04445,62,56,Bill Payment,40838.33,2023-05-16,Completed
T04446,273,645,Withdrawal,4359331.42,2025-05-22,Pending
T04447,246,658,Bill Payment,62735.07,2025-05-07,Completed
T04448,278,378,Withdrawal,3187876.9,2025-08-27,Pending
T04449,239,18,Bill Payment,44120.89,2025-09-16,Failed
T04450,173,289,Bill Payment,16315,2024-06-20,Failed
T04451,290,460,Withdrawal,3630380.03,2022-12-04,Pending
T04452,90,688,Withdrawal,2981963.74,2024-06-10,Pending
T04453,492,20,Deposit,1491853.11,2024-03-02,Pending
T04454,174,641,Bill Payment,92290.61,2025-09-11,Completed
T04455,289,165,Deposit,1538341.72,2023-10-09,Pending
T04456,259,24,Bill Payment,93663.79,2022-12-20,Failed
T04457,198,547,Transfer,201940.71,2024-10-12,Completed
T04458,394,204,Withdrawal,2269878.33,2023-11-26,Completed
T04459,358,136,Transfer,1073957.87,2024-05-05,Completed
T04460,132,208,Transfer,2747500.24,2022-11-05,Pending
T04461,374,112,Bill Payment,54514.07,2024-03-12,Completed
T04462,434,476,Deposit,410231.63,2024-01-18,Completed
T04463,248,695,Deposit,157649.87,2024-01-31,Completed
T04464,305,1,Bill Payment,11350.74,2023-12-14,Pending
T04465,493,244,Transfer,397502.65,2024-11-06,Pending
T04466,267,560,Transfer,1128255.33,2025-09-20,Completed
T04467,489,224,Bill Payment,7526.17,2025-09-02,Failed
T04468,441,559,Transfer,921641.2,2023-03-06,Failed
T04469,429,51,Withdrawal,4322925.33,2023-09-24,Pending
T04470,343,49,Withdrawal,4320750.01,2023-05-01,Pending
T04471,7,523,Deposit,1946170.6,2024-01-14,Completed
T04472,60,442,Transfer,854639.49,2024-08-23,Completed
T04473,477,243,Bill Payment,20568.54,2024-02-15,Pending
T04474,249,105,Bill Payment,47092.76,2023-11-27,Completed
T04475,200,146,Bill Payment,74117.55,2024-07-13,Pending
T04476,441,684,Withdrawal,4575937.48,2025-05-01,Completed
T04477,168,15,Withdrawal,3195673.26,2025-07-03,Pending
T04478,286,604,Withdrawal,512587.47,2023-02-20,Completed
T04479,169,268,Bill Payment,17244.8,2023-07-23,Failed
T04480,340,349,Bill Payment,78461.02,2024-08-21,Failed
T04481,347,622,Bill Payment,23463.06,2023-08-29,Pending
T04482,139,238,Withdrawal,4383338.67,2024-06-28,Failed
T04483,29,182,Transfer,1225571.29,2024-10-26,Pending
T04484,123,235,Bill Payment,95980.76,2024-12-15,Completed
T04485,188,505,Bill Payment,40337.86,2024-05-07,Completed
T04486,332,465,Bill Payment,70041.14,2022-12-31,Pending
T04487,324,509,Withdrawal,4501662.27,2024-12-13,Failed
T04488,474,151,Deposit,730490.07,2023-06-08,Completed
T04489,145,386,Withdrawal,422678.18,2023-01-14,Completed
T04490,387,185,Withdrawal,3146245.47,2024-01-31,Pending
T04491,22,691,Withdrawal,431859.45,2024-11-30,Pending
T04492,394,696,Transfer,44989.04,2024-06-22,Pending
T04493,73,553,Bill Payment,93712.17,2023-05-03,Failed
T04494,270,272,Bill Payment,56986.24,2024-12-27,Failed
T04495,265,75,Withdrawal,364693.65,2025-03-06,Failed
T04496,270,143,Transfer,1703817.17,2022-11-18,Pending
T04497,301,609,Deposit,1115274.06,2023-07-01,Failed
T04498,350,699,Transfer,706039.94,2023-07-31,Failed
T04499,204,624,Transfer,2350156.32,2023-08-12,Completed
T04500,100,163,Withdrawal,4460990.63,2023-01-02,Completed
T04501,3,339,Deposit,1902824.27,2023-10-27,Failed
T04502,320,236,Bill Payment,97503.43,2022-11-25,Failed
T04503,54,257,Transfer,1945287.78,2024-09-13,Pending
T04504,166,621,Transfer,2538483.53,2022-12-22,Failed
T04505,489,525,Deposit,1294717.87,2024-04-16,Pending
T04506,232,356,Bill Payment,62643.98,2025-10-03,Failed
T04507,409,469,Deposit,1390713.09,2023-08-10,Pending
T04508,89,94,Transfer,2770986.27,2023-12-04,Completed
T04509,360,558,Bill Payment,44813.16,2024-04-29,Pending
T04510,70,201,Withdrawal,132063.24,2024-09-25,Failed
T04511,437,463,Transfer,1141654.66,2024-11-27,Completed
T04512,382,629,Deposit,1438957.75,2024-06-12,Failed
T04513,325,473,Bill Payment,61082.15,2025-06-18,Pending
T04514,102,394,Withdrawal,4285261.8,2023-04-15,Failed
T04515,198,447,Bill Payment,71882.12,2025-08-28,Completed
T04516,397,133,Transfer,1548592.53,2022-11-21,Completed
T04517,58,506,Deposit,1581160.76,2023-10-15,Failed
T04518,288,326,Deposit,797488.01,2024-05-05,Completed
T04519,350,699,Withdrawal,1844035.9,2024-11-02,Failed
T04520,426,276,Deposit,1327308.44,2025-04-14,Pending
T04521,157,400,Bill Payment,72796.09,2024-08-27,Pending
T04522,68,468,Deposit,61752.96,2023-07-07,Completed
T04523,344,172,Transfer,2699350.38,2024-10-11,Completed
T04524,46,351,Transfer,805333.16,2025-04-03,Completed
T04525,245,537,Bill Payment,46122.51,2025-02-07,Pending
T04526,70,201,Withdrawal,1765746.63,2024-03-31,Failed
T04527,216,302,Withdrawal,3191867.79,2024-03-22,Failed
T04528,223,137,Transfer,2368710.51,2023-06-16,Completed
T04529,342,200,Deposit,680702.05,2023-11-10,Completed
T04530,478,267,Deposit,1369096.28,2025-09-09,Pending
T04531,35,192,Transfer,2167401.31,2023-02-22,Pending
T04532,332,183,Transfer,1167535.06,2023-12-21,Failed
T04533,22,176,Bill Payment,94611.87,2022-11-16,Completed
T04534,133,228,Transfer,1589457.89,2024-05-27,Failed
T04535,287,379,Deposit,447495.54,2022-12-21,Failed
T04536,470,109,Bill Payment,36986.22,2023-06-15,Completed
T04537,74,662,Bill Payment,51941.61,2025-03-11,Pending
T04538,7,573,Transfer,47389.42,2023-09-02,Pending
T04539,425,500,Transfer,2474673.54,2023-09-13,Completed
T04540,56,8,Withdrawal,1533790.06,2025-07-06,Failed
T04541,228,123,Deposit,1852674.08,2023-09-19,Completed
T04542,387,493,Bill Payment,16565.01,2025-08-22,Completed
T04543,422,535,Transfer,1746139.89,2023-08-22,Pending
T04544,83,39,Deposit,1677206.36,2023-11-27,Completed
T04545,484,404,Transfer,265077.66,2025-07-13,Pending
T04546,332,465,Deposit,653872.28,2024-07-02,Pending
T04547,132,208,Deposit,433583.44,2024-12-10,Completed
T04548,173,375,Withdrawal,4087876.54,2022-11-05,Pending
T04549,111,538,Deposit,476678.6,2025-08-29,Pending
T04550,410,459,Transfer,137853.61,2022-10-18,Failed
T04551,334,273,Withdrawal,3485932.46,2024-10-10,Failed
T04552,374,112,Transfer,2851185.18,2023-04-28,Completed
T04553,184,37,Transfer,532385.6,2025-07-06,Pending
T04554,261,631,Deposit,1392309.7,2023-07-01,Failed
T04555,108,485,Deposit,1210341,2025-04-25,Completed
T04556,297,490,Deposit,543728.21,2022-10-18,Completed
T04557,121,241,Transfer,1206879.72,2023-09-17,Completed
T04558,3,339,Bill Payment,41666.7,2023-11-01,Pending
T04559,59,598,Bill Payment,79250.33,2025-05-07,Pending
T04560,192,552,Bill Payment,28025.85,2024-01-22,Completed
T04561,355,142,Bill Payment,70639.55,2025-06-29,Failed
T04562,135,346,Transfer,1624277.71,2023-12-06,Pending
T04563,386,603,Bill Payment,96457.09,2024-07-24,Pending
T04564,382,629,Transfer,533736.45,2024-05-11,Completed
T04565,115,312,Deposit,1935284.97,2024-03-29,Failed
T04566,262,439,Transfer,76674.54,2024-09-17,Completed
T04567,39,41,Deposit,312308.31,2023-10-31,Pending
T04568,231,382,Withdrawal,2932070.31,2023-09-08,Completed
T04569,265,75,Withdrawal,656508.37,2024-09-28,Completed
T04570,214,334,Transfer,208193.11,2024-01-17,Completed
T04571,220,332,Transfer,1441847.3,2025-08-21,Failed
T04572,280,209,Bill Payment,55599.05,2024-12-21,Completed
T04573,350,699,Deposit,568177,2025-05-30,Pending
T04574,472,533,Bill Payment,38643.98,2024-06-12,Failed
T04575,143,503,Withdrawal,2498422.75,2025-03-30,Failed
T04576,133,228,Bill Payment,44955.54,2023-03-12,Failed
T04577,181,452,Transfer,1929615.21,2022-10-16,Completed
T04578,480,7,Withdrawal,1832104.24,2024-12-07,Failed
T04579,344,172,Transfer,864095.84,2025-07-29,Completed
T04580,296,539,Withdrawal,4027118.42,2024-05-08,Completed
T04581,414,557,Deposit,1474223.83,2025-02-23,Completed
T04582,55,65,Withdrawal,1001705.29,2025-07-06,Completed
T04583,481,661,Deposit,1254010.47,2025-04-14,Failed
T04584,127,95,Deposit,754624.08,2025-05-08,Completed
T04585,387,93,Withdrawal,2077424.63,2023-12-18,Pending
T04586,476,164,Withdrawal,3588005.37,2024-01-11,Pending
T04587,170,354,Deposit,1065259.97,2025-09-02,Pending
T04588,417,414,Deposit,1330482.03,2023-03-21,Completed
T04589,216,186,Transfer,1440498.7,2024-10-22,Pending
T04590,478,267,Transfer,1686342.89,2023-01-12,Pending
T04591,51,496,Withdrawal,1895169.11,2024-03-10,Failed
T04592,156,34,Transfer,427766.09,2023-12-08,Completed
T04593,306,524,Bill Payment,38303.04,2025-06-26,Failed
T04594,351,568,Withdrawal,3648051.72,2024-02-22,Pending
T04595,242,55,Withdrawal,3591727.15,2023-12-09,Completed
T04596,481,661,Bill Payment,17637.34,2023-11-14,Pending
T04597,384,221,Withdrawal,2215048.65,2025-07-20,Failed
T04598,259,223,Withdrawal,4783498.32,2025-07-13,Completed
T04599,214,334,Withdrawal,863546.77,2024-01-12,Failed
T04600,497,581,Withdrawal,3705231.88,2023-07-24,Completed
T04601,247,104,Bill Payment,79960.36,2023-05-25,Failed
T04602,59,600,Deposit,1280894.84,2024-12-16,Completed
T04603,214,567,Withdrawal,1183037.17,2023-10-13,Completed
T04604,164,333,Transfer,2107559.52,2023-01-01,Completed
T04605,184,592,Withdrawal,1601698.31,2025-04-24,Pending
T04606,344,274,Bill Payment,12303.44,2024-06-23,Failed
T04607,481,661,Bill Payment,73737.78,2025-07-27,Pending
T04608,258,225,Withdrawal,4041400.92,2024-02-13,Pending
T04609,159,254,Deposit,1142301.91,2025-08-27,Pending
T04610,466,260,Bill Payment,61160.16,2023-05-10,Failed
T04611,446,120,Withdrawal,4466466.25,2022-11-13,Failed
T04612,363,597,Bill Payment,368.54,2025-07-19,Failed
T04613,82,179,Bill Payment,7081.26,2024-11-15,Completed
T04614,132,340,Withdrawal,3333935.9,2024-01-07,Failed
T04615,431,480,Bill Payment,71904.59,2023-11-12,Completed
T04616,143,503,Transfer,415256.96,2024-07-16,Failed
T04617,193,532,Withdrawal,654210.97,2024-06-24,Completed
T04618,497,692,Deposit,269865.23,2024-05-30,Pending
T04619,430,407,Deposit,1096184.96,2022-11-28,Completed
T04620,83,39,Deposit,530990.48,2025-03-28,Failed
T04621,334,501,Bill Payment,51910.54,2025-03-11,Failed
T04622,159,583,Bill Payment,34996.36,2023-07-27,Completed
T04623,231,382,Transfer,554376.29,2024-03-21,Failed
T04624,477,548,Bill Payment,92437.83,2023-09-15,Completed
T04625,92,207,Deposit,556621.31,2025-09-05,Pending
T04626,219,242,Bill Payment,64576.14,2025-01-12,Failed
T04627,477,588,Transfer,328887.78,2025-06-22,Completed
T04628,232,356,Withdrawal,4770516.88,2024-10-13,Failed
T04629,454,585,Deposit,46169.74,2025-08-13,Completed
T04630,67,659,Withdrawal,3896323.35,2024-04-13,Failed
T04631,267,601,Transfer,1992193.09,2024-12-01,Completed
T04632,458,311,Withdrawal,2390365.73,2024-01-14,Failed
T04633,306,524,Withdrawal,284386.52,2023-06-26,Completed
T04634,196,6,Bill Payment,99218.63,2025-07-22,Completed
T04635,184,216,Bill Payment,9383.63,2025-02-18,Completed
T04636,36,149,Bill Payment,4936.8,2023-07-13,Completed
T04637,305,156,Deposit,414887.62,2024-01-04,Completed
T04638,372,472,Bill Payment,46708.63,2023-03-05,Failed
T04639,270,143,Deposit,230774.25,2024-10-05,Failed
T04640,299,690,Deposit,232309.82,2023-04-21,Pending
T04641,448,413,Deposit,259440.21,2023-11-10,Completed
T04642,38,43,Deposit,1235207.17,2025-02-19,Completed
T04643,402,458,Withdrawal,3615273.8,2023-07-16,Failed
T04644,56,542,Bill Payment,93247,2025-08-25,Completed
T04645,204,638,Withdrawal,186078.1,2024-03-09,Failed
T04646,220,198,Bill Payment,38090.33,2025-07-17,Completed
T04647,434,550,Deposit,1320844.27,2023-02-20,Pending
T04648,132,667,Transfer,2330057.94,2023-09-15,Completed
T04649,378,154,Transfer,528823.43,2024-04-08,Completed
T04650,287,292,Deposit,1579779.08,2023-09-16,Failed
T04651,473,405,Withdrawal,4609723.02,2024-01-25,Completed
T04652,357,591,Transfer,2945960.53,2024-07-19,Completed
T04653,357,611,Transfer,1127043.02,2024-03-02,Completed
T04654,477,606,Withdrawal,3503427.85,2024-05-04,Pending
T04655,162,359,Bill Payment,83980.64,2023-11-13,Completed
T04656,13,671,Deposit,1610821.63,2025-04-01,Completed
T04657,353,683,Transfer,385045.89,2024-01-04,Failed
T04658,59,598,Bill Payment,82367.02,2024-09-24,Completed
T04659,123,235,Bill Payment,11953.17,2023-04-05,Pending
T04660,405,196,Bill Payment,93523.37,2024-10-04,Failed
T04661,463,335,Transfer,1162412.56,2022-12-27,Completed
T04662,248,218,Deposit,519084.85,2025-06-16,Completed
T04663,92,160,Deposit,282121.23,2025-03-29,Pending
T04664,62,56,Bill Payment,12398.97,2025-03-24,Failed
T04665,261,166,Bill Payment,23157.6,2025-05-26,Pending
T04666,3,285,Deposit,333120.5,2023-01-23,Failed
T04667,26,63,Bill Payment,71912.21,2024-10-07,Completed
T04668,60,442,Bill Payment,86210.23,2023-08-03,Completed
T04669,242,423,Withdrawal,650808.04,2024-11-20,Pending
T04670,433,544,Deposit,685109.45,2023-04-09,Pending
T04671,100,163,Deposit,444062.9,2025-08-27,Failed
T04672,217,293,Deposit,499770.03,2024-05-19,Completed
T04673,239,18,Transfer,2723987.53,2025-01-05,Pending
T04674,324,509,Bill Payment,36919.75,2024-01-11,Pending
T04675,204,638,Deposit,742090.57,2024-07-07,Failed
T04676,183,694,Transfer,1116223.41,2022-12-27,Pending
T04677,465,177,Withdrawal,1257154.82,2023-05-27,Completed
T04678,299,141,Transfer,1385506.76,2023-05-06,Completed
T04679,400,114,Deposit,1110105.33,2023-08-12,Completed
T04680,398,527,Deposit,77941.42,2024-03-20,Completed
T04681,242,423,Withdrawal,502785.58,2024-07-01,Pending
T04682,473,283,Deposit,978223.92,2025-03-07,Pending
T04683,375,529,Deposit,1088973.08,2024-09-14,Failed
T04684,218,100,Transfer,1343559.75,2023-05-15,Completed
T04685,305,607,Deposit,1736930.97,2024-02-08,Completed
T04686,46,351,Deposit,927178.94,2023-07-12,Completed
T04687,250,521,Deposit,817469.37,2023-02-07,Completed
T04688,327,253,Deposit,924161.36,2024-10-31,Completed
T04689,70,341,Deposit,1937566.23,2024-03-04,Pending
T04690,188,370,Transfer,1476353.36,2025-06-11,Completed
T04691,29,411,Withdrawal,571915.08,2023-07-06,Completed
T04692,48,26,Deposit,1130479.86,2024-02-03,Completed
T04693,35,358,Transfer,1340736.08,2025-06-16,Failed
T04694,205,440,Transfer,1488774.34,2023-01-03,Completed
T04695,181,124,Deposit,667858.53,2022-10-12,Failed
T04696,86,206,Bill Payment,15742.79,2024-09-06,Pending
T04697,208,261,Bill Payment,88974.69,2023-12-03,Pending
T04698,266,153,Deposit,706790.86,2023-08-26,Completed
T04699,111,538,Withdrawal,4153634.49,2023-06-23,Failed
T04700,73,487,Deposit,64653.22,2025-03-18,Pending
T04701,448,413,Bill Payment,42613.8,2023-06-08,Pending
T04702,3,339,Deposit,1510314.55,2024-11-03,Completed
T04703,397,52,Bill Payment,58892.58,2023-02-18,Failed
T04704,43,479,Deposit,1827901.83,2023-04-24,Completed
T04705,282,21,Transfer,1756901.02,2025-05-16,Failed
T04706,43,566,Deposit,1641184.62,2024-08-08,Failed
T04707,234,647,Transfer,1722719.48,2025-06-15,Pending
T04708,275,256,Deposit,633673.48,2024-08-02,Completed
T04709,259,44,Transfer,1831869.93,2024-06-22,Failed
T04710,83,39,Transfer,1939928.9,2024-08-01,Failed
T04711,324,509,Bill Payment,78354.25,2024-10-15,Failed
T04712,188,505,Withdrawal,3240486.54,2024-05-22,Completed
T04713,53,475,Bill Payment,68547.06,2022-10-12,Pending
T04714,400,392,Transfer,306615.23,2022-12-02,Pending
T04715,115,102,Withdrawal,1082201.65,2025-01-11,Pending
T04716,429,51,Bill Payment,48041.2,2023-08-10,Pending
T04717,100,255,Withdrawal,4154751.37,2024-05-06,Pending
T04718,388,448,Withdrawal,1055466.16,2022-10-26,Failed
T04719,121,528,Transfer,1748800.38,2024-02-17,Completed
T04720,29,626,Bill Payment,80720.64,2025-01-06,Completed
T04721,104,271,Withdrawal,4417241.54,2023-07-28,Failed
T04722,270,143,Deposit,429077.32,2022-11-01,Completed
T04723,121,528,Bill Payment,81999.39,2025-08-21,Failed
T04724,22,176,Deposit,178501.13,2022-10-11,Completed
T04725,100,163,Deposit,1261833.85,2025-06-04,Failed
T04726,117,643,Transfer,285686.61,2023-10-26,Failed
T04727,108,86,Withdrawal,1847515.55,2023-09-21,Failed
T04728,39,630,Bill Payment,90093.16,2025-09-16,Completed
T04729,108,86,Bill Payment,96255.67,2024-03-22,Failed
T04730,388,551,Transfer,2783446.22,2024-02-01,Failed
T04731,489,32,Deposit,1941031.16,2023-04-23,Pending
T04732,478,267,Transfer,1605544.29,2023-03-13,Completed
T04733,181,124,Bill Payment,94685.63,2024-05-22,Pending
T04734,422,535,Withdrawal,2855867.05,2024-11-24,Pending
T04735,282,520,Transfer,1313284.7,2025-04-06,Completed
T04736,73,553,Withdrawal,309510.7,2024-01-23,Completed
T04737,146,266,Deposit,837865.77,2023-06-21,Pending
T04738,108,485,Deposit,1657706.87,2023-01-14,Completed
T04739,19,194,Bill Payment,56386.57,2022-12-15,Pending
T04740,7,610,Bill Payment,9241.22,2024-01-11,Failed
T04741,72,685,Deposit,1868330.27,2023-12-30,Failed
T04742,253,512,Transfer,2374494.13,2024-09-12,Failed
T04743,460,687,Bill Payment,56012.92,2024-12-21,Failed
T04744,174,155,Bill Payment,72647.92,2025-04-18,Pending
T04745,348,593,Bill Payment,66491.88,2024-12-27,Completed
T04746,344,274,Deposit,1177888.94,2024-03-12,Completed
T04747,71,121,Transfer,2714212.17,2024-08-08,Completed
T04748,479,595,Bill Payment,11338.05,2025-09-05,Pending
T04749,14,46,Bill Payment,89968.74,2023-04-30,Failed
T04750,100,255,Withdrawal,2438046.43,2024-03-20,Failed
T04751,214,567,Withdrawal,1667201.26,2024-11-04,Pending
T04752,132,363,Deposit,1558171.86,2024-04-15,Pending
T04753,479,595,Bill Payment,18254.35,2023-07-24,Failed
T04754,324,47,Bill Payment,70230.9,2023-06-18,Pending
T04755,297,625,Bill Payment,38434.69,2024-06-22,Completed
T04756,270,272,Bill Payment,2659.54,2022-11-03,Pending
T04757,306,524,Transfer,455492.34,2023-09-24,Pending
T04758,122,12,Withdrawal,2804604.89,2023-09-18,Completed
T04759,455,396,Withdrawal,799876.4,2023-04-26,Pending
T04760,406,594,Withdrawal,4127773.5,2023-08-29,Pending
T04761,67,282,Withdrawal,2716.18,2022-11-08,Failed
T04762,133,228,Transfer,1604098.92,2025-04-08,Failed
T04763,492,514,Withdrawal,3070787.14,2024-11-26,Pending
T04764,299,141,Transfer,1185867.97,2023-06-24,Completed
T04765,347,540,Bill Payment,60234.05,2023-04-14,Completed
T04766,86,436,Deposit,1246666.5,2024-04-26,Completed
T04767,418,92,Transfer,222022.22,2025-07-11,Completed
T04768,267,601,Withdrawal,1789377.82,2022-12-02,Failed
T04769,90,656,Withdrawal,4992896.35,2024-05-09,Completed
T04770,269,418,Deposit,465681.48,2025-06-25,Pending
T04771,269,418,Deposit,683787.17,2023-11-06,Completed
T04772,118,45,Transfer,963992.06,2025-01-12,Failed
T04773,119,97,Bill Payment,33311.83,2025-05-30,Failed
T04774,49,23,Withdrawal,1802220.62,2022-12-19,Pending
T04775,262,310,Bill Payment,14549.99,2025-04-14,Completed
T04776,1,632,Deposit,858120.99,2022-12-18,Failed
T04777,315,33,Withdrawal,3485375.74,2025-07-29,Pending
T04778,106,29,Bill Payment,40266.27,2023-03-21,Completed
T04779,57,482,Bill Payment,89667.91,2025-07-16,Failed
T04780,26,67,Withdrawal,3501272.84,2022-11-04,Failed
T04781,192,552,Deposit,1093635.4,2022-12-18,Failed
T04782,137,3,Bill Payment,46226.33,2025-09-10,Failed
T04783,36,149,Deposit,543361.43,2023-04-02,Pending
T04784,24,278,Bill Payment,51745.46,2024-07-13,Completed
T04785,240,232,Transfer,1867831.27,2024-08-25,Pending
T04786,126,642,Bill Payment,94723.77,2024-05-17,Failed
T04787,117,433,Withdrawal,3494704.85,2023-04-14,Failed
T04788,10,406,Bill Payment,31230.42,2025-02-01,Failed
T04789,188,391,Transfer,2066223.08,2023-11-01,Completed
T04790,218,336,Transfer,1765262.4,2024-10-10,Pending
T04791,196,676,Deposit,221736.64,2025-09-29,Failed
T04792,424,139,Withdrawal,293881.81,2023-05-30,Failed
T04793,297,490,Transfer,739566.31,2023-08-20,Pending
T04794,14,46,Transfer,340608.86,2025-09-18,Pending
T04795,192,81,Bill Payment,68308.33,2025-09-04,Completed
T04796,89,233,Bill Payment,20793.44,2025-06-10,Pending
T04797,100,255,Bill Payment,97588.84,2022-10-19,Failed
T04798,362,129,Deposit,1029578.23,2024-01-15,Pending
T04799,218,336,Transfer,1798681.79,2024-07-19,Pending
T04800,381,498,Deposit,98778.88,2025-07-28,Failed
T04801,96,672,Transfer,2421077.18,2023-03-10,Pending
T04802,433,544,Transfer,537193.16,2025-07-30,Pending
T04803,145,386,Bill Payment,68272.6,2024-12-21,Pending
T04804,463,571,Bill Payment,43190.87,2023-11-28,Pending
T04805,397,52,Transfer,2367639.17,2025-05-29,Pending
T04806,261,166,Deposit,1640472.65,2025-05-02,Pending
T04807,223,323,Bill Payment,86531.32,2025-09-27,Pending
T04808,135,454,Transfer,1612785.11,2023-05-06,Completed
T04809,454,585,Bill Payment,78273.43,2024-07-16,Pending
T04810,7,327,Withdrawal,962245.3,2023-03-16,Failed
T04811,204,624,Deposit,850590.35,2024-12-07,Completed
T04812,287,379,Transfer,2396890.42,2025-05-21,Pending
T04813,243,134,Withdrawal,3852353.1,2023-04-05,Pending
T04814,25,297,Deposit,217243.19,2023-12-18,Failed
T04815,230,343,Transfer,687091.9,2023-03-31,Completed
T04816,213,10,Bill Payment,16110.39,2023-03-19,Completed
T04817,199,122,Withdrawal,761626.98,2024-11-16,Completed
T04818,437,463,Bill Payment,96436.96,2023-08-09,Pending
T04819,445,673,Bill Payment,31130.56,2025-05-08,Completed
T04820,89,324,Deposit,780591.96,2023-08-11,Completed
T04821,192,81,Withdrawal,1405372.1,2023-11-17,Completed
T04822,127,95,Transfer,2732201.42,2024-12-25,Failed
T04823,185,258,Bill Payment,99338.01,2023-08-14,Completed
T04824,434,550,Deposit,217141.53,2024-04-13,Failed
T04825,375,529,Bill Payment,48171.92,2025-10-01,Pending
T04826,7,573,Withdrawal,980223.16,2024-07-02,Completed
T04827,259,178,Transfer,1332542.97,2024-01-06,Completed
T04828,499,280,Bill Payment,13577.51,2023-06-11,Failed
T04829,256,419,Transfer,2558299.01,2022-12-05,Failed
T04830,86,436,Deposit,294975.85,2025-02-02,Completed
T04831,296,169,Deposit,408179.95,2024-11-14,Pending
T04832,123,235,Bill Payment,34280.82,2023-08-23,Pending
T04833,65,355,Bill Payment,86653.2,2025-09-08,Failed
T04834,270,50,Bill Payment,55455.35,2024-10-20,Failed
T04835,119,173,Transfer,2950211.51,2024-03-01,Failed
T04836,385,180,Transfer,384186.15,2023-10-04,Failed
T04837,463,571,Withdrawal,2517809.99,2022-10-09,Pending
T04838,440,371,Transfer,141923.66,2022-10-24,Failed
T04839,205,440,Transfer,916856.5,2025-08-13,Pending
T04840,217,293,Bill Payment,33920.07,2023-02-20,Completed
T04841,98,202,Deposit,223251.62,2023-03-25,Completed
T04842,284,158,Bill Payment,28618.05,2025-03-14,Failed
T04843,39,630,Bill Payment,68248.99,2025-08-09,Failed
T04844,315,87,Bill Payment,43895,2024-11-10,Pending
T04845,300,212,Withdrawal,3322825.74,2023-05-24,Failed
T04846,223,657,Withdrawal,2446936.76,2023-02-21,Completed
T04847,379,197,Bill Payment,68539.79,2024-12-07,Completed
T04848,73,487,Transfer,2142793.22,2023-01-29,Failed
T04849,477,556,Deposit,1602491.64,2023-03-11,Completed
T04850,347,622,Bill Payment,96235.39,2023-11-06,Completed
T04851,207,262,Transfer,2144417.18,2025-07-01,Completed
T04852,156,34,Bill Payment,60927.19,2023-09-29,Completed
T04853,164,333,Withdrawal,1334559.89,2024-09-13,Completed
T04854,3,339,Withdrawal,4405601.77,2024-01-07,Completed
T04855,184,37,Deposit,1029647.08,2023-11-19,Failed
T04856,10,406,Bill Payment,47469.65,2024-09-25,Pending
T04857,398,527,Deposit,1685199.06,2022-12-21,Pending
T04858,465,177,Transfer,762680.76,2023-03-09,Failed
T04859,121,369,Transfer,786031.76,2023-07-03,Completed
T04860,237,545,Withdrawal,4097426.76,2022-12-05,Pending
T04861,189,68,Bill Payment,60316.46,2023-12-30,Completed
T04862,477,462,Deposit,31631.4,2024-04-16,Failed
T04863,132,667,Transfer,723150.24,2025-08-21,Failed
T04864,295,127,Withdrawal,2683617.73,2024-02-02,Failed
T04865,489,525,Transfer,2622463.33,2024-07-27,Failed
T04866,455,396,Bill Payment,98818.38,2023-04-03,Failed
T04867,398,527,Withdrawal,4424111.29,2023-03-01,Failed
T04868,445,614,Deposit,612497.07,2022-12-15,Pending
T04869,387,493,Withdrawal,4187714.69,2022-10-20,Completed
T04870,265,281,Bill Payment,68134.27,2023-05-07,Pending
T04871,145,386,Withdrawal,183109.51,2025-07-31,Completed
T04872,219,613,Bill Payment,71076.21,2025-07-06,Completed
T04873,479,275,Withdrawal,4522888.26,2023-06-26,Failed
T04874,479,665,Withdrawal,2962372.08,2024-02-27,Completed
T04875,338,534,Withdrawal,1192097.56,2024-04-12,Completed
T04876,174,155,Deposit,1970668.36,2024-08-14,Failed
T04877,88,563,Bill Payment,3105.35,2025-05-27,Completed
T04878,497,581,Withdrawal,4917043.77,2023-11-25,Failed
T04879,121,528,Deposit,1423525.52,2023-02-26,Failed
T04880,248,218,Withdrawal,729382.69,2024-05-05,Completed
T04881,446,120,Deposit,370635.99,2024-03-20,Completed
T04882,137,3,Deposit,126530.01,2023-07-16,Failed
T04883,455,396,Bill Payment,43453.66,2023-03-30,Completed
T04884,324,47,Deposit,1016092.41,2024-06-18,Failed
T04885,360,612,Bill Payment,71515.11,2024-06-17,Completed
T04886,122,12,Deposit,1635750.81,2024-09-13,Completed
T04887,231,382,Bill Payment,79706.27,2023-12-01,Pending
T04888,98,64,Withdrawal,4488807.6,2024-05-26,Pending
T04889,7,327,Withdrawal,3206125.26,2025-09-10,Completed
T04890,286,604,Deposit,1572444.49,2024-10-16,Pending
T04891,96,432,Withdrawal,975742.07,2024-07-21,Pending
T04892,256,419,Transfer,2496256.55,2025-07-08,Completed
T04893,32,36,Deposit,397512.21,2023-06-21,Completed
T04894,409,469,Bill Payment,91608.33,2023-03-29,Completed
T04895,287,379,Transfer,2830403.5,2023-04-28,Failed
T04896,386,603,Bill Payment,43809.73,2025-09-20,Completed
T04897,132,340,Deposit,1805927.3,2023-01-04,Completed
T04898,198,447,Bill Payment,97247.17,2023-06-09,Failed
T04899,157,400,Bill Payment,26940.39,2023-03-15,Completed
T04900,237,14,Bill Payment,91622.37,2024-07-12,Pending
T04901,241,89,Deposit,1408307.27,2025-04-09,Completed
T04902,173,289,Deposit,1615621.83,2024-10-23,Failed
T04903,220,332,Deposit,797947.15,2025-03-06,Failed
T04904,426,276,Bill Payment,4291.57,2025-08-23,Failed
T04905,296,16,Transfer,2319130.23,2024-08-15,Completed
T04906,419,441,Bill Payment,54868.65,2023-07-13,Pending
T04907,351,568,Withdrawal,1890225.31,2025-05-11,Failed
T04908,8,582,Bill Payment,16014.63,2024-05-16,Failed
T04909,82,471,Deposit,1056144.99,2024-04-14,Failed
T04910,199,444,Deposit,945220.61,2025-05-11,Failed
T04911,163,677,Bill Payment,78180.77,2022-11-18,Completed
T04912,357,373,Deposit,742306,2025-09-02,Failed
T04913,205,440,Withdrawal,1815743.72,2023-04-25,Completed
T04914,399,584,Bill Payment,89689.54,2024-10-24,Completed
T04915,301,609,Withdrawal,633394.49,2024-11-01,Completed
T04916,358,136,Bill Payment,88129.83,2023-03-29,Pending
T04917,376,466,Withdrawal,1901321.98,2024-07-04,Pending
T04918,192,81,Deposit,1522224.33,2024-08-19,Failed
T04919,278,378,Withdrawal,4703785.13,2022-12-15,Pending
T04920,188,370,Transfer,1531735.03,2023-01-11,Completed
T04921,372,472,Bill Payment,45746.12,2023-11-15,Failed
T04922,387,93,Withdrawal,2441900.47,2025-07-18,Pending
T04923,294,617,Withdrawal,3920507.72,2024-02-05,Completed
T04924,407,555,Withdrawal,1402374.08,2022-10-24,Failed
T04925,305,607,Bill Payment,94002.54,2025-10-03,Pending
T04926,334,273,Withdrawal,814431.23,2025-08-23,Failed
T04927,90,489,Transfer,1536924.18,2024-12-28,Completed
T04928,494,461,Deposit,1622419.94,2025-03-18,Pending
T04929,303,376,Transfer,2748785.37,2025-02-28,Completed
T04930,214,567,Transfer,2043205.26,2023-09-17,Pending
T04931,381,498,Deposit,638261.41,2025-08-10,Failed
T04932,390,130,Deposit,1689921.22,2024-03-13,Completed
T04933,390,130,Transfer,1491086.42,2024-12-19,Completed
T04934,93,589,Deposit,1876224.83,2024-12-25,Completed
T04935,55,65,Bill Payment,22033.77,2025-09-08,Failed
T04936,46,351,Bill Payment,27583.39,2025-09-27,Completed
T04937,82,471,Withdrawal,1057149.32,2025-05-22,Completed
T04938,499,286,Bill Payment,99188.76,2023-03-01,Failed
T04939,199,167,Transfer,2662328.77,2024-08-07,Pending
T04940,196,6,Deposit,178374.33,2025-07-28,Failed
T04941,327,668,Withdrawal,805427.9,2023-10-26,Pending
T04942,249,464,Withdrawal,451357.23,2024-10-22,Pending
T04943,265,75,Bill Payment,94165.59,2024-03-25,Failed
T04944,82,383,Deposit,963199.91,2025-08-01,Completed
T04945,466,360,Deposit,183387.91,2025-08-20,Failed
T04946,196,381,Deposit,1221031.61,2025-06-27,Pending
T04947,374,112,Deposit,630309.25,2024-05-24,Pending
T04948,175,83,Deposit,1487864.42,2023-05-23,Completed
T04949,181,452,Deposit,1641720.61,2025-02-18,Completed
T04950,462,205,Deposit,66139.67,2025-05-14,Completed
T04951,419,441,Transfer,2041616.04,2022-12-28,Completed
T04952,51,496,Transfer,2718199.84,2022-10-23,Failed
T04953,241,89,Transfer,1685542.25,2025-06-30,Pending
T04954,132,301,Withdrawal,4053830.11,2023-06-05,Completed
T04955,8,582,Bill Payment,41379.12,2024-11-28,Failed
T04956,291,587,Withdrawal,4326157.36,2024-10-03,Pending
T04957,467,353,Withdrawal,2976294.5,2024-11-13,Pending
T04958,310,484,Deposit,827132.5,2023-06-18,Failed
T04959,168,91,Withdrawal,4887043.65,2023-01-29,Completed
T04960,234,319,Deposit,426828.17,2024-11-06,Failed
T04961,321,73,Deposit,516004.95,2024-02-15,Completed
T04962,284,158,Transfer,2324162.25,2023-10-14,Failed
T04963,29,626,Bill Payment,22255.73,2024-03-02,Completed
T04964,115,71,Bill Payment,89250.95,2023-12-11,Completed
T04965,121,369,Bill Payment,25677.75,2022-12-22,Completed
T04966,135,346,Withdrawal,2103963.63,2024-11-30,Completed
T04967,72,416,Transfer,2937051.28,2023-09-15,Pending
T04968,20,40,Bill Payment,44835.68,2025-02-06,Failed
T04969,179,562,Withdrawal,4948642.46,2025-06-30,Pending
T04970,261,307,Withdrawal,2736265.18,2024-05-15,Completed
T04971,288,326,Withdrawal,1913742.78,2024-06-22,Failed
T04972,416,306,Bill Payment,91508.95,2023-10-05,Failed
T04973,343,49,Transfer,1002310.49,2023-02-04,Pending
T04974,134,455,Transfer,2114211.43,2024-09-17,Pending
T04975,121,369,Bill Payment,62025.48,2024-08-25,Pending
T04976,331,82,Transfer,2882782.34,2025-03-13,Completed
T04977,309,211,Withdrawal,3646203.48,2024-08-31,Completed
T04978,301,609,Deposit,1081913.88,2023-02-18,Pending
T04979,164,333,Deposit,85489.09,2024-11-17,Failed
T04980,207,317,Deposit,1332331.78,2024-08-29,Failed
T04981,249,105,Withdrawal,499549.63,2024-02-07,Completed
T04982,481,103,Bill Payment,77913.03,2023-04-07,Pending
T04983,156,98,Deposit,285077.26,2024-11-15,Pending
T04984,472,456,Bill Payment,5492.94,2025-07-15,Failed
T04985,29,182,Withdrawal,3169595.67,2022-11-01,Pending
T04986,462,636,Transfer,2758172.07,2023-03-13,Pending
T04987,479,275,Deposit,1365334.57,2024-06-22,Completed
T04988,303,85,Withdrawal,912022.18,2024-07-06,Pending
T04989,234,580,Transfer,2615832.86,2022-11-29,Completed
T04990,486,11,Withdrawal,4299798.02,2025-02-16,Failed
T04991,397,52,Deposit,639355.33,2025-02-03,Pending
T04992,175,220,Withdrawal,4532621.49,2022-10-05,Pending
T04993,13,671,Transfer,1320743.57,2023-02-23,Failed
T04994,28,348,Deposit,876404.34,2025-04-30,Completed
T04995,188,505,Deposit,1530087.44,2025-05-23,Failed
T04996,405,196,Withdrawal,2319014.26,2025-06-21,Failed
T04997,429,51,Transfer,2125036.82,2024-01-21,Failed
T04998,22,691,Transfer,1931917.94,2024-12-02,Completed
T04999,353,683,Deposit,96764.92,2025-02-24,Pending
T05000,379,295,Withdrawal,4849203.79,2023-08-22,Failed
T05001,201,13,Withdrawal,3450456.84,2025-07-17,Failed
T05002,199,122,Deposit,555229.58,2025-08-13,Completed
T05003,315,33,Withdrawal,2142612.81,2024-09-12,Failed
T05004,330,627,Transfer,193696.19,2024-03-17,Failed
T05005,457,308,Deposit,1910845.81,2024-04-21,Failed
T05006,288,345,Withdrawal,4799261.93,2022-12-28,Pending
T05007,65,355,Withdrawal,4546603.52,2023-09-16,Failed
T05008,497,581,Transfer,439950.53,2024-09-09,Pending
T05009,190,398,Deposit,66998.7,2024-03-03,Pending
T05010,395,499,Deposit,1288428.58,2025-02-21,Pending
T05011,454,585,Bill Payment,94296.17,2025-05-24,Failed
T05012,341,61,Deposit,1093697.27,2025-04-23,Failed
T05013,318,450,Bill Payment,26350.52,2024-10-08,Failed
T05014,111,248,Bill Payment,50145.29,2025-07-21,Failed
T05015,433,697,Withdrawal,3583565.57,2024-04-21,Completed
T05016,154,679,Withdrawal,2851809.72,2024-09-06,Pending
T05017,181,315,Transfer,2585733.12,2023-03-31,Completed
T05018,137,3,Bill Payment,49128.57,2023-03-05,Pending
T05019,103,161,Transfer,984611.15,2025-07-24,Completed
T05020,289,165,Transfer,2485412.58,2023-09-14,Completed
T05021,58,506,Withdrawal,4926855.64,2022-10-08,Pending
T05022,207,262,Withdrawal,4494320.89,2024-03-18,Completed
T05023,217,293,Deposit,919027.33,2024-04-08,Pending
T05024,16,189,Deposit,1255658.81,2025-06-15,Failed
T05025,291,587,Withdrawal,1094956.85,2024-01-01,Completed
T05026,157,316,Transfer,2568106.39,2025-02-01,Completed
T05027,296,16,Deposit,1142849.7,2024-12-23,Failed
T05028,96,432,Deposit,712660.9,2024-05-07,Completed
T05029,416,653,Bill Payment,51092.63,2025-09-29,Completed
T05030,168,15,Withdrawal,4432105.85,2023-03-19,Completed
T05031,168,91,Bill Payment,39318.95,2022-12-15,Completed
T05032,440,140,Deposit,563538.98,2023-06-17,Failed
T05033,230,343,Bill Payment,33474.89,2024-11-07,Failed
T05034,325,570,Bill Payment,32395.43,2023-05-11,Failed
T05035,263,191,Deposit,342398.35,2024-07-01,Failed
T05036,259,608,Bill Payment,31237.32,2023-03-20,Pending
T05037,97,48,Withdrawal,4766303.03,2023-11-04,Completed
T05038,60,430,Withdrawal,3986900.19,2025-05-10,Failed
T05039,372,145,Bill Payment,37067.4,2023-08-05,Failed
T05040,35,192,Deposit,512041.1,2023-07-23,Pending
T05041,48,26,Withdrawal,6485.77,2023-04-10,Pending
T05042,247,118,Deposit,1602405.63,2024-06-06,Completed
T05043,240,232,Deposit,362274.62,2023-09-04,Pending
T05044,119,173,Deposit,1294246.34,2024-09-13,Failed
T05045,163,677,Withdrawal,338558.3,2023-07-28,Failed
T05046,206,128,Bill Payment,72306.66,2024-03-12,Failed
T05047,173,375,Deposit,867752.83,2023-03-21,Completed
T05048,342,516,Bill Payment,21222.46,2024-07-09,Pending
T05049,70,341,Deposit,1460794.88,2022-12-16,Pending
T05050,159,583,Bill Payment,69057.71,2025-06-14,Pending
T05051,344,172,Deposit,763748.64,2025-08-14,Failed
T05052,14,46,Deposit,1500949.71,2025-04-06,Pending
T05053,477,243,Bill Payment,53544.3,2023-04-14,Failed
T05054,333,619,Withdrawal,336776.53,2024-09-03,Pending
T05055,204,624,Withdrawal,2543093.08,2024-09-14,Failed
T05056,230,492,Withdrawal,4018725.41,2025-07-23,Pending
T05057,132,340,Transfer,2598764.81,2025-04-07,Failed
T05058,44,99,Withdrawal,841438.67,2024-11-26,Pending
T05059,199,167,Deposit,108421.69,2023-05-02,Failed
T05060,121,219,Transfer,1610195.41,2024-11-17,Failed
T05061,123,235,Withdrawal,3312764.32,2022-10-11,Completed
T05062,341,61,Transfer,266497.25,2025-01-05,Pending
T05063,395,499,Transfer,1964673.63,2022-12-19,Failed
T05064,274,135,Deposit,132544.96,2025-02-10,Pending
T05065,184,592,Withdrawal,3505802.81,2024-08-07,Failed
T05066,390,130,Deposit,255597.56,2025-03-31,Failed
T05067,1,213,Deposit,554357.94,2024-10-24,Failed
T05068,266,153,Withdrawal,4262024.16,2024-12-02,Completed
T05069,318,450,Bill Payment,35981.61,2023-07-07,Completed
T05070,73,106,Withdrawal,1865280.62,2025-09-13,Completed
T05071,38,43,Withdrawal,2517187.27,2025-03-21,Pending
T05072,376,344,Deposit,814612.41,2023-07-01,Pending
T05073,98,202,Deposit,1364522.77,2023-04-22,Completed
T05074,467,353,Withdrawal,4674578.73,2023-03-14,Pending
T05075,68,468,Bill Payment,35650.31,2024-05-28,Failed
T05076,44,99,Withdrawal,660963.82,2025-07-22,Completed
T05077,259,24,Withdrawal,4953351.06,2025-04-24,Completed
T05078,327,426,Deposit,939618.08,2025-05-03,Pending
T05079,100,623,Deposit,1721270.91,2024-02-16,Completed
T05080,363,597,Withdrawal,597538.84,2024-11-26,Completed
T05081,112,270,Withdrawal,4210892.14,2024-05-24,Failed
T05082,407,555,Transfer,201109.06,2024-07-16,Pending
T05083,265,402,Withdrawal,755027.99,2025-05-08,Completed
T05084,132,208,Deposit,839889.23,2025-09-14,Completed
T05085,492,514,Deposit,734101.53,2023-10-25,Failed
T05086,278,378,Bill Payment,84159.32,2023-12-04,Pending
T05087,372,472,Deposit,766637.84,2024-06-14,Failed
T05088,484,404,Withdrawal,421479.24,2024-03-20,Failed
T05089,484,404,Transfer,1085330.67,2024-01-04,Pending
T05090,163,596,Transfer,2336519.36,2024-09-07,Pending
T05091,457,308,Deposit,882230.05,2023-04-30,Pending
T05092,63,401,Withdrawal,3424604.19,2023-05-07,Failed
T05093,19,194,Withdrawal,2838196.86,2024-07-07,Pending
T05094,84,9,Transfer,1941846.08,2025-04-27,Pending
T05095,344,172,Bill Payment,19058.3,2025-09-26,Completed
T05096,363,395,Withdrawal,2169765.56,2024-12-08,Completed
T05097,168,91,Transfer,2905988.09,2024-01-12,Pending
T05098,388,222,Bill Payment,66579.91,2025-09-28,Failed
T05099,235,352,Transfer,800031.88,2025-02-01,Completed
T05100,247,104,Deposit,1067834.98,2024-02-04,Pending
T05101,301,609,Deposit,1479940.64,2025-02-10,Pending
T05102,430,152,Withdrawal,3622050.08,2025-06-13,Failed
T05103,315,87,Bill Payment,26440.6,2023-09-07,Completed
T05104,396,574,Transfer,2415091.34,2023-08-13,Completed
T05105,173,289,Bill Payment,97413.42,2023-08-26,Completed
T05106,173,375,Deposit,729658.67,2025-05-31,Completed
T05107,481,231,Withdrawal,1304449.49,2023-12-30,Completed
T05108,32,36,Withdrawal,388664.08,2025-09-05,Failed
T05109,173,375,Bill Payment,40626.21,2024-03-24,Pending
T05110,344,274,Transfer,2590769.52,2025-08-14,Failed
T05111,157,400,Transfer,1498388.78,2023-04-29,Pending
T05112,428,412,Transfer,2165376.2,2025-07-10,Failed
T05113,376,344,Withdrawal,1803102.55,2023-07-08,Completed
T05114,388,448,Transfer,1693170.85,2024-11-25,Pending
T05115,188,403,Bill Payment,93126.21,2025-01-24,Failed
T05116,318,515,Bill Payment,96231.29,2025-09-17,Completed
T05117,60,442,Withdrawal,4529817.93,2025-06-20,Completed
T05118,192,81,Withdrawal,1716944.49,2024-02-17,Pending
T05119,49,23,Deposit,1145586.71,2023-04-02,Failed
T05120,183,314,Deposit,1629624.51,2024-04-04,Completed
T05121,69,409,Withdrawal,1616159.43,2025-02-24,Pending
T05122,437,590,Bill Payment,39767.78,2024-10-20,Pending
T05123,63,187,Deposit,1706970.4,2025-03-28,Completed
T05124,237,14,Bill Payment,87024.56,2025-03-09,Pending
T05125,440,140,Withdrawal,1840345.69,2025-08-06,Failed
T05126,386,603,Deposit,531757.33,2024-07-14,Pending
T05127,42,126,Transfer,158391.08,2025-08-17,Failed
T05128,270,272,Withdrawal,1239814.06,2025-01-11,Completed
T05129,327,426,Deposit,602344.36,2023-12-23,Pending
T05130,207,317,Withdrawal,3592253.22,2024-07-22,Completed
T05131,249,464,Bill Payment,22079.07,2022-10-24,Pending
T05132,240,232,Deposit,1922120.58,2024-12-25,Failed
T05133,475,19,Deposit,1068548.73,2023-03-19,Failed
T05134,8,125,Bill Payment,94020.65,2022-11-13,Pending
T05135,344,172,Withdrawal,4659674.04,2024-05-18,Completed
T05136,278,378,Bill Payment,9328.57,2023-05-18,Failed
T05137,422,288,Transfer,469677.03,2022-12-26,Pending
T05138,62,674,Transfer,2217503.58,2025-08-11,Completed
T05139,199,444,Bill Payment,26050.18,2022-12-31,Failed
T05140,132,667,Bill Payment,4956.08,2023-08-11,Pending
T05141,93,199,Withdrawal,4348598.48,2023-11-23,Failed
T05142,48,26,Bill Payment,79683.6,2023-06-12,Failed
T05143,430,152,Withdrawal,4524781.53,2023-12-24,Pending
T05144,249,464,Withdrawal,2886946.28,2025-08-31,Pending
T05145,350,699,Transfer,1220509.53,2023-10-29,Completed
T05146,431,480,Deposit,223394.5,2023-05-20,Completed
T05147,74,662,Deposit,1850038.25,2023-01-09,Failed
T05148,164,366,Withdrawal,4068543.32,2025-09-11,Failed
T05149,55,65,Deposit,1855179.36,2024-01-06,Pending
T05150,214,334,Deposit,73214.91,2023-08-17,Completed
T05151,51,496,Withdrawal,3647711.64,2025-01-22,Completed
T05152,207,317,Withdrawal,1599623.25,2022-11-24,Failed
T05153,342,200,Deposit,851132.54,2024-04-14,Failed
T05154,85,309,Withdrawal,4838330.1,2024-09-07,Failed
T05155,295,127,Withdrawal,3815556.08,2023-03-13,Failed
T05156,117,643,Deposit,989007.08,2025-05-19,Completed
T05157,32,36,Withdrawal,608994.03,2025-08-19,Pending
T05158,204,638,Transfer,1053517.75,2025-02-23,Completed
T05159,36,531,Bill Payment,17683.42,2023-09-18,Failed
T05160,251,28,Withdrawal,2878491.8,2025-07-06,Failed
T05161,393,497,Withdrawal,1720503.02,2025-02-22,Failed
T05162,82,383,Transfer,2481827.36,2024-05-31,Failed
T05163,463,700,Withdrawal,4547813.44,2023-10-09,Completed
T05164,388,174,Withdrawal,3200043.22,2024-12-06,Pending
T05165,89,233,Withdrawal,4468213.73,2025-09-20,Failed
T05166,100,623,Withdrawal,8119.44,2023-12-25,Pending
T05167,262,486,Withdrawal,3909511.64,2025-09-15,Completed
T05168,397,133,Withdrawal,2116710.99,2025-08-02,Completed
T05169,282,520,Transfer,2915992.62,2022-12-16,Pending
T05170,430,407,Deposit,1814842.3,2024-05-19,Failed
T05171,82,471,Deposit,1023145.57,2024-05-29,Pending
T05172,347,622,Bill Payment,78812.43,2024-07-13,Completed
T05173,376,518,Withdrawal,4148994.74,2025-09-03,Completed
T05174,188,391,Deposit,197791.24,2024-02-02,Pending
T05175,206,128,Withdrawal,1982732.2,2025-02-08,Pending
T05176,481,661,Withdrawal,4464849.14,2022-12-27,Failed
T05177,248,695,Withdrawal,3530728.81,2022-10-25,Pending
T05178,353,683,Bill Payment,92311.98,2023-10-30,Pending
T05179,198,547,Transfer,2338162.43,2023-08-16,Pending
T05180,86,206,Transfer,1328127.36,2025-05-26,Pending
T05181,274,135,Withdrawal,1049891.12,2024-08-23,Completed
T05182,491,157,Withdrawal,4761467.91,2023-09-20,Failed
T05183,250,521,Deposit,1269663.5,2025-06-15,Failed
T05184,382,300,Transfer,2991416.26,2025-10-03,Pending
T05185,396,574,Withdrawal,3587057.18,2025-07-07,Failed
T05186,234,647,Withdrawal,894012.41,2024-04-28,Pending
T05187,195,415,Deposit,754365.37,2025-04-06,Failed
T05188,135,346,Withdrawal,1858581.54,2025-01-31,Completed
T05189,383,399,Withdrawal,4165747.53,2025-04-29,Failed
T05190,250,491,Withdrawal,334278.82,2023-08-06,Failed
T05191,247,118,Deposit,543476.27,2023-08-01,Failed
T05192,267,504,Transfer,314071.9,2024-01-04,Completed
T05193,480,7,Bill Payment,66933.34,2024-09-01,Completed
T05194,7,573,Transfer,2316624.54,2023-07-07,Failed
T05195,214,576,Transfer,445917.2,2025-08-30,Failed
T05196,74,74,Withdrawal,3874067.01,2023-01-28,Completed
T05197,29,411,Deposit,1017681.61,2023-07-22,Pending
T05198,341,680,Bill Payment,23000.94,2023-07-01,Failed
T05199,108,485,Transfer,1158655.9,2024-12-11,Pending
T05200,313,284,Bill Payment,4598.79,2023-04-08,Pending
T05201,185,258,Deposit,1598664.69,2024-05-12,Failed
T05202,196,676,Deposit,736890.73,2022-12-07,Pending
T05203,479,275,Deposit,155447.58,2024-07-31,Failed
T05204,46,351,Transfer,1285081.49,2023-12-12,Completed
T05205,399,584,Deposit,1152675.84,2025-02-15,Pending
T05206,305,607,Withdrawal,2955082.14,2023-11-19,Pending
T05207,79,561,Bill Payment,35839.49,2023-04-25,Completed
T05208,393,62,Bill Payment,80362.47,2023-06-11,Completed
T05209,475,19,Transfer,506597.46,2025-03-30,Completed
T05210,353,683,Deposit,142705.73,2023-11-05,Failed
T05211,324,509,Deposit,272342.54,2022-10-13,Failed
T05212,418,92,Withdrawal,1538097.51,2024-03-01,Completed
T05213,328,586,Withdrawal,3759736.93,2024-09-28,Pending
T05214,462,636,Bill Payment,46329.47,2023-06-02,Failed
T05215,186,663,Bill Payment,40657.75,2022-12-06,Failed
T05216,457,536,Bill Payment,21640.38,2023-05-31,Completed
T05217,86,437,Bill Payment,89330.32,2024-02-18,Completed
T05218,331,82,Withdrawal,660126.2,2025-04-19,Failed
T05219,383,399,Deposit,921034.33,2022-12-23,Pending
T05220,357,591,Bill Payment,64909.96,2025-06-02,Pending
T05221,228,361,Withdrawal,4203459.69,2025-05-18,Completed
T05222,234,647,Transfer,609444.39,2025-07-29,Failed
T05223,89,94,Bill Payment,32948.69,2024-01-15,Completed
T05224,489,32,Transfer,545476.17,2024-11-05,Completed
T05225,36,149,Deposit,317499.81,2025-03-12,Failed
T05226,115,71,Transfer,2526573.63,2025-02-05,Pending
T05227,381,498,Bill Payment,27301.52,2024-04-13,Pending
T05228,308,577,Bill Payment,79974.14,2023-01-26,Pending
T05229,230,492,Deposit,1422077.41,2024-02-10,Completed
T05230,153,144,Bill Payment,96820.14,2024-12-29,Pending
T05231,10,406,Transfer,927905.89,2023-09-11,Failed
T05232,37,446,Bill Payment,40151.28,2023-07-17,Failed
T05233,410,459,Bill Payment,92343.39,2024-12-21,Completed
T05234,60,430,Withdrawal,1928898.95,2023-01-18,Pending
T05235,86,437,Deposit,514234.66,2024-11-27,Pending
T05236,156,34,Deposit,813708.74,2023-06-09,Pending
T05237,223,323,Withdrawal,2351828.6,2024-07-12,Completed
T05238,386,603,Bill Payment,97507.64,2025-01-25,Failed
T05239,86,437,Withdrawal,4814467.38,2025-01-16,Pending
T05240,192,81,Deposit,1765522.46,2024-06-22,Failed
T05241,224,666,Transfer,412490.88,2023-02-24,Failed
T05242,346,390,Withdrawal,1606160.01,2024-03-30,Completed
T05243,388,380,Bill Payment,71929.68,2023-09-13,Completed
T05244,217,377,Transfer,330810.82,2023-09-01,Failed
T05245,289,165,Bill Payment,41411.19,2025-07-31,Completed
T05246,86,437,Transfer,704694.83,2024-03-03,Completed
T05247,477,322,Transfer,2748537.34,2024-03-02,Failed
T05248,396,574,Transfer,1835366.32,2024-04-17,Pending
T05249,173,289,Bill Payment,65780.16,2024-01-04,Completed
T05250,416,306,Transfer,2261280.89,2023-09-09,Pending
T05251,250,227,Transfer,2127255.52,2025-05-22,Completed
T05252,322,313,Deposit,791346.1,2025-01-06,Failed
T05253,286,604,Withdrawal,3765154.5,2024-10-11,Completed
T05254,173,265,Transfer,1735168.78,2025-02-23,Pending
T05255,240,232,Transfer,2631281.74,2025-07-09,Pending
T05256,239,18,Withdrawal,731374.61,2022-10-18,Completed
T05257,259,608,Transfer,1501762.52,2023-04-01,Completed
T05258,194,620,Bill Payment,72382.25,2025-08-09,Completed
T05259,437,590,Transfer,299727.01,2024-03-25,Completed
T05260,196,107,Deposit,1995413.87,2024-08-27,Failed
T05261,181,457,Withdrawal,306958.49,2023-10-13,Completed
T05262,247,118,Bill Payment,76192.2,2025-06-28,Pending
T05263,463,335,Transfer,2697763.72,2025-05-15,Failed
T05264,73,357,Withdrawal,1436039.97,2025-05-26,Failed
T05265,242,423,Transfer,1010366.02,2023-10-18,Failed
T05266,358,136,Withdrawal,187424.49,2022-12-05,Completed
T05267,259,44,Transfer,834773.93,2025-08-30,Pending
T05268,115,312,Bill Payment,92897.15,2024-02-15,Completed
T05269,29,626,Withdrawal,2833301.08,2024-05-19,Completed
T05270,372,145,Transfer,320354.94,2023-03-30,Completed
T05271,280,209,Bill Payment,33398.51,2024-05-26,Pending
T05272,93,365,Bill Payment,19112.43,2023-11-07,Failed
T05273,135,346,Bill Payment,96387.85,2025-01-21,Failed
T05274,419,441,Deposit,1845434.4,2023-12-18,Failed
T05275,489,224,Deposit,522552.38,2022-11-12,Pending
T05276,43,566,Transfer,567863.14,2024-12-15,Failed
T05277,218,336,Bill Payment,38849.84,2024-05-09,Completed
T05278,265,75,Withdrawal,4672809.56,2024-12-11,Failed
T05279,388,380,Deposit,1770093.51,2024-12-03,Pending
T05280,240,188,Withdrawal,4144239.04,2024-08-27,Completed
T05281,460,687,Withdrawal,168393.87,2024-10-30,Completed
T05282,342,200,Transfer,1372829.13,2022-12-12,Completed
T05283,270,272,Bill Payment,20870.44,2024-01-08,Completed
T05284,492,20,Transfer,696356.1,2025-07-13,Pending
T05285,406,594,Bill Payment,50493.03,2023-07-31,Failed
T05286,22,691,Bill Payment,78164.95,2024-02-14,Failed
T05287,106,29,Deposit,1104561.75,2024-12-11,Failed
T05288,477,322,Withdrawal,2845835.25,2023-02-09,Pending
T05289,188,391,Deposit,306404.78,2023-03-03,Failed
T05290,418,92,Bill Payment,43871.6,2023-06-22,Pending
T05291,59,66,Bill Payment,26423.25,2025-01-17,Completed
T05292,262,310,Withdrawal,4207520.48,2025-01-10,Completed
T05293,483,159,Withdrawal,2683271.03,2022-10-16,Pending
T05294,343,49,Withdrawal,810773.19,2025-06-04,Failed
T05295,297,625,Transfer,1266661.86,2023-01-14,Pending
T05296,216,186,Bill Payment,75185.48,2023-08-28,Failed
T05297,476,164,Withdrawal,1006008.2,2025-08-11,Failed
T05298,491,157,Withdrawal,47587.06,2025-06-08,Completed
T05299,172,138,Transfer,1204117.36,2023-09-01,Completed
T05300,384,221,Withdrawal,4389195.77,2025-09-03,Completed
T05301,49,23,Withdrawal,987145.54,2024-07-24,Pending
T05302,431,480,Bill Payment,6865.31,2023-03-15,Failed
T05303,42,126,Bill Payment,78352.99,2023-08-20,Pending
T05304,486,11,Bill Payment,85604.69,2025-01-17,Completed
T05305,297,490,Transfer,2252835.83,2025-09-30,Pending
T05306,275,256,Deposit,347534.78,2024-08-11,Failed
T05307,388,380,Withdrawal,281194.15,2025-07-05,Completed
T05308,422,237,Transfer,2448286.17,2023-01-25,Completed
T05309,121,241,Deposit,433961.25,2025-09-04,Failed
T05310,274,135,Deposit,254548.07,2023-05-31,Pending
T05311,297,470,Deposit,1893122.76,2022-11-10,Failed
T05312,251,17,Deposit,908710.66,2024-09-17,Completed
T05313,153,168,Withdrawal,1464077.73,2024-03-03,Pending
T05314,346,60,Bill Payment,81450.99,2022-12-02,Failed
T05315,423,424,Transfer,1981831.27,2023-02-17,Failed
T05316,285,474,Deposit,1663478.24,2023-01-26,Pending
T05317,246,658,Bill Payment,32179.38,2022-12-28,Pending
T05318,423,424,Deposit,1244786.03,2023-07-08,Failed
T05319,240,188,Transfer,150614.29,2023-10-31,Pending
T05320,90,656,Withdrawal,2684577.86,2025-02-17,Pending
T05321,284,158,Bill Payment,62929.34,2023-01-22,Pending
T05322,376,518,Deposit,360167.49,2025-03-16,Pending
T05323,445,614,Deposit,1605427.57,2023-09-23,Failed
T05324,235,352,Bill Payment,39480.87,2023-11-10,Failed
T05325,173,289,Transfer,2744616.87,2024-06-29,Failed
T05326,474,151,Withdrawal,2427853.46,2024-05-29,Failed
T05327,24,193,Bill Payment,57383,2024-09-04,Completed
T05328,263,191,Deposit,260416.46,2025-06-10,Completed
T05329,343,49,Deposit,1062066.25,2024-06-24,Failed
T05330,38,43,Withdrawal,3484748.49,2024-08-07,Failed
T05331,214,567,Bill Payment,80753.51,2024-02-08,Failed
T05332,382,629,Deposit,1339384.47,2022-10-31,Completed
T05333,376,466,Deposit,1725976.25,2024-06-01,Pending
T05334,233,299,Deposit,1595976.53,2025-08-15,Completed
T05335,219,613,Withdrawal,1763256.37,2023-04-06,Failed
T05336,245,635,Transfer,2083487.56,2025-01-12,Completed
T05337,219,613,Transfer,2205788.34,2022-10-14,Completed
T05338,58,506,Deposit,345740.65,2025-06-27,Completed
T05339,188,505,Bill Payment,74868.99,2025-05-22,Completed
T05340,33,226,Bill Payment,18260.61,2023-01-11,Completed
T05341,188,370,Transfer,449385.73,2025-04-01,Completed
T05342,214,385,Withdrawal,1885043.99,2022-12-14,Pending
T05343,478,267,Bill Payment,85014.74,2025-09-27,Completed
T05344,342,200,Deposit,1384865.97,2023-01-25,Completed
T05345,132,208,Transfer,883635.72,2024-04-12,Pending
T05346,475,19,Transfer,1506858.95,2024-11-24,Failed
T05347,253,512,Transfer,35724.84,2023-03-18,Pending
T05348,138,22,Withdrawal,52611.65,2023-12-29,Pending
T05349,382,629,Bill Payment,76618.93,2025-09-04,Failed
T05350,35,358,Deposit,1224348.83,2024-01-16,Pending
T05351,367,195,Bill Payment,49733.84,2025-05-04,Failed
T05352,63,187,Bill Payment,42771.15,2023-02-16,Failed
T05353,35,215,Withdrawal,4738195.6,2023-12-16,Failed
T05354,378,325,Bill Payment,23393.83,2024-08-14,Completed
T05355,249,464,Bill Payment,47469.11,2024-05-19,Completed
T05356,476,164,Transfer,1701932.56,2024-06-09,Completed
T05357,375,429,Deposit,1771701.6,2025-07-27,Pending
T05358,477,556,Deposit,283948.89,2022-11-21,Failed
T05359,172,138,Deposit,1308412.6,2024-10-10,Failed
T05360,131,162,Withdrawal,2963053.3,2023-06-04,Completed
T05361,74,74,Transfer,2772219.63,2025-01-10,Pending
T05362,489,224,Deposit,303693.71,2023-09-11,Pending
T05363,89,324,Bill Payment,23335.88,2023-05-04,Completed
T05364,53,475,Withdrawal,3229117.27,2024-06-03,Completed
T05365,204,638,Transfer,1992408.88,2025-01-29,Completed
T05366,259,44,Bill Payment,37760.62,2024-01-06,Pending
T05367,341,680,Transfer,1870695.38,2025-06-15,Completed
T05368,74,662,Transfer,291739.58,2023-05-16,Completed
T05369,393,110,Withdrawal,3273851.71,2024-01-11,Completed
T05370,118,45,Transfer,1721902.94,2025-08-22,Completed
T05371,103,161,Deposit,1637934.63,2025-07-07,Completed
T05372,29,182,Withdrawal,472711.72,2024-05-06,Completed
T05373,259,79,Transfer,2247675.26,2022-10-22,Failed
T05374,154,679,Deposit,1422601.98,2025-02-10,Failed
T05375,284,158,Bill Payment,54389.64,2025-02-13,Failed
T05376,253,512,Bill Payment,29865.63,2023-05-12,Completed
T05377,196,107,Deposit,1061911.18,2023-04-14,Pending
T05378,325,570,Deposit,779232.09,2022-12-08,Pending
T05379,223,137,Deposit,85639.19,2022-10-12,Pending
T05380,29,182,Bill Payment,44280.19,2025-03-12,Failed
T05381,230,492,Withdrawal,4159709.61,2025-04-18,Failed
T05382,218,336,Bill Payment,63816.81,2024-06-08,Pending
T05383,69,409,Transfer,2325324.84,2025-01-16,Completed
T05384,357,611,Bill Payment,72449.63,2025-02-01,Completed
T05385,47,304,Withdrawal,559853.51,2023-02-14,Completed
T05386,198,447,Withdrawal,896049.34,2024-01-21,Completed
T05387,240,188,Deposit,611623.73,2023-08-27,Completed
T05388,324,47,Transfer,489703.91,2024-03-22,Pending
T05389,237,545,Withdrawal,3979392.59,2023-08-29,Completed
T05390,173,289,Bill Payment,93772.32,2024-07-07,Failed
T05391,405,115,Deposit,942383.35,2025-07-04,Failed
T05392,402,458,Withdrawal,4127086.37,2024-12-09,Pending
T05393,386,603,Transfer,1726314.26,2023-05-14,Failed
T05394,44,99,Withdrawal,2568922.64,2023-06-12,Completed
T05395,400,114,Deposit,114497.61,2023-07-17,Pending
T05396,117,433,Bill Payment,2191.58,2023-09-12,Failed
T05397,119,173,Deposit,125244.72,2025-05-20,Pending
T05398,98,202,Withdrawal,2696667.6,2023-11-01,Completed
T05399,360,558,Bill Payment,18936.35,2023-08-02,Completed
T05400,400,4,Transfer,1895609.01,2023-04-01,Pending
T05401,474,184,Transfer,733193.24,2023-07-13,Failed
T05402,121,241,Deposit,1870667.45,2025-08-12,Failed
T05403,261,166,Bill Payment,84260.88,2025-03-04,Failed
T05404,22,176,Deposit,119752.77,2022-12-28,Pending
T05405,198,547,Bill Payment,16485.01,2025-02-03,Pending
T05406,198,447,Withdrawal,4289115.05,2024-09-20,Completed
T05407,325,570,Withdrawal,4410188.65,2025-07-02,Failed
T05408,297,625,Bill Payment,67350.18,2025-02-04,Completed
T05409,175,220,Bill Payment,40810.15,2023-01-26,Failed
T05410,108,86,Transfer,1905181.71,2023-12-30,Failed
T05411,477,556,Bill Payment,17785.61,2025-08-13,Pending
T05412,58,108,Withdrawal,2170833.15,2023-01-17,Pending
T05413,374,112,Deposit,1946308.42,2023-10-29,Completed
T05414,483,159,Withdrawal,1006424.3,2023-03-06,Completed
T05415,204,624,Withdrawal,496647.61,2023-08-07,Failed
T05416,250,521,Withdrawal,1747288.75,2025-03-24,Completed
T05417,325,473,Deposit,1056945.77,2024-10-30,Pending
T05418,282,21,Bill Payment,95271.49,2024-03-01,Pending
T05419,188,505,Bill Payment,9587.7,2024-04-11,Completed
T05420,117,433,Transfer,2476652.58,2023-04-22,Completed
T05421,480,7,Deposit,1712673.04,2025-08-12,Pending
T05422,159,254,Deposit,1242529.24,2025-07-19,Pending
T05423,347,622,Bill Payment,95656.6,2023-10-04,Completed
T05424,372,472,Deposit,705010.41,2023-03-09,Failed
T05425,60,430,Withdrawal,2705547.9,2023-12-21,Pending
T05426,162,359,Bill Payment,17901.69,2025-05-24,Failed
T05427,239,18,Withdrawal,3507774.52,2023-01-21,Pending
T05428,278,378,Bill Payment,53433.27,2023-08-01,Completed
T05429,330,627,Transfer,1724451.06,2024-02-10,Completed
T05430,355,142,Transfer,1344928,2024-10-28,Pending
T05431,1,632,Withdrawal,1717799.53,2024-09-04,Completed
T05432,294,617,Transfer,2013651.84,2024-02-27,Failed
T05433,441,652,Deposit,1528110.56,2025-05-19,Failed
T05434,416,306,Withdrawal,2897078.55,2025-07-25,Failed
T05435,259,24,Bill Payment,26884.9,2024-01-22,Pending
T05436,189,147,Bill Payment,42362.83,2025-09-16,Pending
T05437,55,65,Bill Payment,57452.02,2025-03-30,Pending
T05438,393,497,Deposit,1125090.51,2023-05-29,Failed
T05439,7,610,Bill Payment,30768.65,2025-03-01,Failed
T05440,466,510,Transfer,1677670.33,2025-03-03,Failed
T05441,122,633,Transfer,1217181.49,2024-04-23,Completed
T05442,422,522,Withdrawal,4013835.79,2024-02-08,Failed
T05443,262,310,Deposit,822201.5,2024-07-31,Completed
T05444,184,296,Bill Payment,51946.86,2023-06-23,Failed
T05445,235,352,Withdrawal,1993941.32,2022-10-12,Failed
T05446,434,550,Deposit,1994484.38,2024-02-03,Pending
T05447,429,599,Deposit,530809.59,2023-10-22,Pending
T05448,486,11,Withdrawal,3314743.83,2023-09-14,Failed
T05449,484,404,Deposit,653670.7,2025-06-26,Completed
T05450,199,122,Deposit,328470.78,2024-08-12,Completed
T05451,297,470,Deposit,793716.89,2023-12-08,Pending
T05452,214,567,Deposit,36647.33,2024-04-15,Failed
T05453,474,184,Transfer,1604156.54,2023-05-01,Pending
T05454,185,368,Deposit,1540459.8,2025-08-25,Completed
T05455,325,570,Withdrawal,4374795.22,2024-03-03,Completed
T05456,135,338,Bill Payment,30581.61,2024-10-19,Failed
T05457,69,565,Withdrawal,3094653,2024-09-23,Failed
T05458,262,486,Transfer,2500305.97,2024-08-26,Failed
T05459,470,109,Transfer,1248274.12,2024-04-14,Completed
T05460,168,15,Withdrawal,4627346.25,2024-01-22,Pending
T05461,388,380,Deposit,94962.97,2024-10-30,Completed
T05462,97,48,Transfer,2160751.45,2025-02-07,Failed
T05463,448,413,Deposit,1184551.66,2023-03-23,Failed
T05464,93,365,Withdrawal,87419.69,2023-07-05,Pending
T05465,296,397,Transfer,291725.66,2025-07-03,Pending
T05466,256,579,Withdrawal,4127514.64,2025-05-04,Failed
T05467,150,681,Transfer,1296263.62,2023-02-09,Failed
T05468,433,54,Bill Payment,91406.66,2023-12-14,Completed
T05469,241,670,Deposit,1061873.58,2023-05-10,Completed
T05470,162,425,Deposit,62944.39,2025-01-18,Failed
T05471,280,209,Bill Payment,37298.89,2023-08-06,Failed
T05472,42,126,Deposit,462236.93,2023-11-17,Pending
T05473,458,311,Transfer,395014.35,2025-06-04,Failed
T05474,118,45,Bill Payment,48446.4,2023-01-31,Failed
T05475,235,352,Bill Payment,55906.75,2023-01-30,Pending
T05476,264,384,Withdrawal,1505116.51,2022-11-02,Completed
T05477,417,387,Withdrawal,3937199.78,2024-11-30,Completed
T05478,446,120,Transfer,2730528.5,2025-06-12,Failed
T05479,360,612,Bill Payment,87237.04,2022-11-22,Completed
T05480,223,323,Bill Payment,76835.03,2025-03-26,Completed
T05481,216,186,Deposit,1218172.33,2025-03-22,Pending
T05482,219,242,Withdrawal,4659418.82,2024-06-25,Failed
T05483,196,676,Transfer,1319010.69,2025-04-08,Completed
T05484,173,265,Bill Payment,30799.59,2023-08-31,Pending
T05485,458,311,Transfer,2054360.53,2022-11-30,Pending
T05486,231,382,Withdrawal,3004310.57,2025-02-07,Pending
T05487,166,175,Deposit,1696282.28,2023-11-13,Completed
T05488,477,548,Withdrawal,1563386.54,2025-01-26,Pending
T05489,380,84,Withdrawal,1438061.82,2025-01-20,Failed
T05490,73,357,Withdrawal,509035.28,2024-10-07,Failed
T05491,357,611,Deposit,7146.95,2025-07-16,Completed
T05492,484,404,Withdrawal,3292401.75,2023-05-23,Completed
T05493,151,70,Bill Payment,23759.17,2024-04-25,Failed
T05494,189,147,Bill Payment,49515.88,2024-06-05,Pending
T05495,24,278,Withdrawal,3087810.03,2023-09-16,Failed
T05496,322,329,Transfer,1662654.47,2025-04-07,Completed
T05497,216,186,Transfer,511348.39,2023-12-31,Pending
T05498,153,144,Transfer,304658.75,2023-04-30,Completed
T05499,318,515,Transfer,1468015.99,2024-09-25,Failed
T05500,315,87,Bill Payment,6749.36,2024-11-21,Pending
T05501,433,54,Deposit,726863.99,2024-12-05,Failed
T05502,127,95,Transfer,1344986.45,2023-02-22,Pending
T05503,426,276,Bill Payment,23109.08,2024-06-12,Pending
T05504,123,654,Withdrawal,1783753.42,2024-04-22,Completed
T05505,477,305,Bill Payment,87397.12,2024-11-23,Failed
T05506,427,303,Deposit,1666617.03,2022-10-21,Pending
T05507,199,122,Transfer,1741952.59,2025-07-30,Failed
T05508,454,585,Bill Payment,20023.94,2023-10-11,Pending
T05509,426,618,Withdrawal,184198.47,2025-05-15,Completed
T05510,334,501,Deposit,444879.95,2025-09-01,Completed
T05511,403,543,Withdrawal,2107005.15,2023-06-19,Completed
T05512,86,206,Withdrawal,4127665.94,2024-12-11,Failed
T05513,440,616,Withdrawal,2136192.95,2023-05-11,Completed
T05514,320,526,Bill Payment,50652.16,2024-08-28,Completed
T05515,463,571,Deposit,705576.44,2023-06-09,Completed
T05516,230,492,Bill Payment,19710.3,2023-07-10,Pending
T05517,280,569,Bill Payment,18477.05,2025-03-02,Failed
T05518,55,65,Transfer,545027.06,2025-03-01,Pending
T05519,183,314,Bill Payment,32738.8,2025-07-25,Failed
T05520,248,218,Transfer,2186951.16,2023-05-20,Pending
T05521,489,525,Deposit,203503.57,2024-10-25,Failed
T05522,393,110,Transfer,1274854.92,2024-04-14,Pending
T05523,24,193,Transfer,838009.37,2022-12-06,Pending
T05524,324,509,Deposit,1470573.72,2023-09-09,Pending
T05525,414,388,Withdrawal,2962856.85,2024-10-31,Pending
T05526,386,603,Deposit,1973880.39,2023-09-30,Completed
T05527,35,215,Bill Payment,13741.52,2023-01-10,Failed
T05528,437,590,Transfer,2666032.1,2023-11-19,Failed
T05529,419,441,Transfer,2915020.53,2024-04-30,Pending
T05530,433,54,Deposit,1379142.72,2023-10-03,Completed
T05531,270,50,Transfer,1439331.84,2022-12-10,Failed
T05532,239,18,Withdrawal,4163468.92,2025-08-08,Failed
T05533,340,349,Withdrawal,476903.12,2023-08-22,Completed
T05534,498,554,Bill Payment,66390.76,2024-12-17,Pending
T05535,379,295,Withdrawal,3253104.94,2024-04-18,Pending
T05536,313,284,Transfer,1857949.91,2024-05-29,Failed
T05537,39,630,Bill Payment,58325.61,2024-10-03,Pending
T05538,166,175,Transfer,2471743.7,2024-09-10,Pending
T05539,364,337,Transfer,2262824.05,2022-12-16,Completed
T05540,36,531,Deposit,1685252.75,2022-12-05,Completed
T05541,474,184,Withdrawal,358214.07,2025-07-08,Failed
T05542,59,598,Bill Payment,73139.7,2024-02-20,Failed
T05543,163,677,Deposit,1640093.37,2023-03-14,Pending
T05544,56,542,Withdrawal,3196849.46,2025-10-02,Pending
T05545,380,84,Bill Payment,1537.43,2024-12-22,Pending
T05546,479,595,Transfer,2747754.29,2025-06-15,Pending
T05547,364,337,Deposit,1579920.17,2023-12-03,Completed
T05548,86,436,Bill Payment,76078.89,2023-11-18,Completed
T05549,457,536,Bill Payment,98206.05,2025-03-21,Completed
T05550,303,85,Withdrawal,3630871.14,2025-01-27,Failed
T05551,481,31,Withdrawal,2641287.42,2025-03-08,Pending
T05552,339,445,Deposit,1550833.73,2023-07-02,Failed
T05553,142,252,Bill Payment,83445.79,2024-05-12,Completed
T05554,67,282,Transfer,1729525.01,2025-07-16,Completed
T05555,122,633,Withdrawal,4167139.17,2024-05-15,Pending
T05556,431,480,Deposit,741127.85,2024-04-24,Completed
T05557,396,574,Bill Payment,92468.71,2025-04-04,Failed
T05558,1,213,Withdrawal,4115740.1,2025-07-15,Pending
T05559,418,92,Transfer,2233668.31,2023-02-02,Failed
T05560,138,22,Bill Payment,96122.36,2024-12-15,Completed
T05561,72,685,Transfer,585879.03,2023-10-30,Failed
T05562,473,405,Deposit,1492384.54,2024-05-11,Completed
T05563,8,125,Withdrawal,3936536.76,2023-09-16,Completed
T05564,486,11,Withdrawal,4792671.21,2024-12-15,Failed
T05565,362,129,Bill Payment,30806.64,2024-06-26,Failed
T05566,223,323,Transfer,364227.11,2024-04-05,Failed
T05567,86,437,Deposit,1148148.56,2024-03-23,Failed
T05568,433,544,Transfer,2479142.17,2024-10-30,Completed
T05569,318,515,Deposit,85911.64,2024-10-22,Pending
T05570,26,63,Withdrawal,1497384.96,2025-04-30,Failed
T05571,325,473,Withdrawal,2002904.15,2022-10-15,Pending
T05572,433,544,Bill Payment,20643.59,2024-11-22,Pending
T05573,153,144,Bill Payment,7978.7,2023-05-08,Failed
T05574,35,358,Bill Payment,56878.16,2024-08-18,Completed
T05575,341,362,Withdrawal,3992597.28,2023-06-19,Completed
T05576,56,8,Transfer,1633885.74,2023-09-27,Pending
T05577,387,93,Transfer,1898790.92,2023-02-01,Pending
T05578,477,462,Withdrawal,430655.15,2024-12-12,Pending
T05579,455,396,Bill Payment,24016.94,2025-06-30,Pending
T05580,8,582,Withdrawal,1785984.71,2023-12-15,Completed
T05581,247,104,Bill Payment,29088.71,2023-08-29,Pending
T05582,394,696,Deposit,1320219.26,2023-05-26,Failed
T05583,470,246,Bill Payment,48667.29,2023-07-22,Pending
T05584,106,29,Withdrawal,2723966.67,2023-06-06,Pending
T05585,224,666,Bill Payment,41044.94,2024-04-19,Pending
T05586,275,256,Transfer,531678.98,2025-04-27,Completed
T05587,417,387,Transfer,769646.03,2023-04-06,Failed
T05588,463,700,Bill Payment,7746.69,2025-07-27,Completed
T05589,277,639,Bill Payment,95894.07,2023-09-27,Pending
T05590,88,650,Withdrawal,1674475.78,2024-07-10,Failed
T05591,261,307,Bill Payment,82840.73,2024-02-29,Completed
T05592,82,383,Deposit,75428.09,2023-03-30,Failed
T05593,396,574,Deposit,271170.15,2024-10-22,Completed
T05594,84,9,Transfer,428558.41,2025-08-18,Pending
T05595,421,214,Bill Payment,13518.66,2024-10-17,Failed
T05596,249,105,Transfer,1901463.14,2024-10-18,Failed
T05597,24,278,Bill Payment,11694.32,2023-08-28,Failed
T05598,320,236,Transfer,2382843.66,2025-04-09,Completed
T05599,437,590,Bill Payment,57555.76,2023-06-12,Completed
T05600,375,429,Bill Payment,40272.98,2025-07-06,Failed
T05601,196,676,Deposit,1139550.77,2024-07-04,Completed
T05602,376,518,Transfer,2815484.2,2022-11-08,Failed
T05603,376,466,Transfer,2613570.71,2023-10-18,Pending
T05604,405,115,Withdrawal,4155959.6,2022-12-11,Pending
T05605,388,551,Bill Payment,13664.9,2023-04-21,Pending
T05606,295,127,Bill Payment,26661.62,2025-03-13,Completed
T05607,138,22,Bill Payment,80623.81,2025-04-12,Failed
T05608,228,123,Deposit,1515239.14,2023-06-12,Pending
T05609,32,36,Withdrawal,1526029.31,2023-05-02,Completed
T05610,361,605,Deposit,1014760.63,2025-06-08,Completed
T05611,179,562,Bill Payment,44374.43,2024-12-09,Failed
T05612,185,368,Withdrawal,3661758.17,2022-12-04,Completed
T05613,195,415,Transfer,2283062.32,2025-03-11,Pending
T05614,168,15,Transfer,283332.12,2023-05-21,Failed
T05615,84,9,Deposit,1245565.97,2022-12-30,Completed
T05616,35,358,Withdrawal,2563742.77,2023-06-20,Failed
T05617,60,430,Deposit,372986.27,2023-11-10,Completed
T05618,10,406,Withdrawal,1744055.41,2023-07-11,Completed
T05619,39,41,Transfer,203926.32,2024-12-15,Completed
T05620,124,239,Deposit,1222620.6,2024-06-25,Failed
T05621,414,669,Transfer,1350905.64,2025-04-23,Completed
T05622,56,8,Transfer,2274006.77,2025-02-26,Completed
T05623,282,21,Deposit,1414698.55,2025-06-21,Pending
T05624,477,606,Transfer,299564.5,2022-11-02,Completed
T05625,476,164,Transfer,1114008.63,2025-07-28,Completed
T05626,69,565,Deposit,119464.72,2023-12-19,Pending
T05627,261,631,Transfer,296822.65,2023-02-15,Failed
T05628,425,148,Withdrawal,3753513.61,2023-09-06,Failed
T05629,62,477,Deposit,1174969.73,2024-09-01,Failed
T05630,128,572,Bill Payment,15187.23,2025-05-04,Pending
T05631,207,262,Bill Payment,20548.14,2024-10-06,Completed
T05632,82,383,Deposit,1983715.64,2024-10-22,Pending
T05633,425,148,Withdrawal,1448773.42,2023-06-26,Pending
T05634,74,662,Withdrawal,862784.32,2023-09-10,Completed
T05635,267,111,Deposit,71374.35,2024-07-04,Pending
T05636,400,392,Bill Payment,10011.75,2025-04-25,Pending
T05637,384,221,Deposit,950044.84,2023-05-14,Completed
T05638,267,560,Bill Payment,44920.22,2025-03-28,Failed
T05639,388,174,Deposit,1868533.11,2023-07-14,Completed
T05640,32,36,Deposit,1189316.36,2025-05-30,Completed
T05641,63,401,Bill Payment,72172.03,2025-07-25,Completed
T05642,454,585,Transfer,590183.33,2024-12-06,Failed
T05643,59,598,Deposit,20447.81,2023-11-19,Pending
T05644,48,488,Transfer,90560.18,2023-06-22,Completed
T05645,45,507,Withdrawal,683670.9,2025-09-04,Failed
T05646,201,13,Deposit,1597160.86,2024-03-20,Completed
T05647,261,631,Bill Payment,9038.58,2024-09-08,Completed
T05648,13,671,Bill Payment,17249.35,2025-04-18,Completed
T05649,374,112,Withdrawal,2703138.79,2025-04-09,Pending
T05650,234,580,Deposit,1486617.19,2023-01-19,Pending
T05651,404,78,Bill Payment,49611.86,2023-09-27,Completed
T05652,228,123,Deposit,1608627.82,2024-05-14,Pending
T05653,89,324,Transfer,2230572.8,2024-05-25,Completed
T05654,324,508,Deposit,1139174.1,2023-04-28,Failed
T05655,115,71,Bill Payment,83440.04,2023-03-22,Pending
T05656,13,263,Transfer,735012.78,2022-10-30,Completed
T05657,36,149,Withdrawal,3798121.78,2023-08-15,Pending
T05658,274,135,Withdrawal,1803369.01,2024-12-25,Completed
T05659,38,664,Bill Payment,1638.14,2024-11-26,Pending
T05660,216,186,Withdrawal,4556936.09,2025-09-02,Pending
T05661,303,85,Withdrawal,4771794.94,2024-07-18,Failed
T05662,239,18,Transfer,915620.18,2023-05-25,Pending
T05663,262,486,Withdrawal,1879762.29,2025-05-02,Completed
T05664,421,214,Withdrawal,2103910.63,2023-03-03,Failed
T05665,341,362,Transfer,283572.94,2023-07-07,Completed
T05666,57,482,Bill Payment,7982.39,2024-10-13,Pending
T05667,426,618,Transfer,2160740.19,2025-05-16,Completed
T05668,183,694,Withdrawal,1352471.61,2025-04-23,Pending
T05669,185,368,Transfer,336284.3,2022-12-04,Completed
T05670,274,135,Deposit,213048.12,2025-01-07,Failed
T05671,400,114,Transfer,2865270.33,2024-11-24,Failed
T05672,163,596,Deposit,341873.7,2023-04-05,Pending
T05673,498,554,Bill Payment,99337.44,2023-02-26,Failed
T05674,217,293,Bill Payment,25604.4,2024-10-23,Failed
T05675,262,439,Bill Payment,12777.48,2025-07-25,Pending
T05676,41,389,Deposit,1815755.28,2023-04-25,Failed
T05677,296,539,Transfer,936228.67,2025-04-29,Pending
T05678,226,25,Withdrawal,2192171.67,2025-01-19,Failed
T05679,463,571,Deposit,1953453.01,2022-10-06,Completed
T05680,328,586,Deposit,981646.04,2025-08-24,Failed
T05681,497,581,Withdrawal,429684.41,2025-07-09,Pending
T05682,118,45,Deposit,807626.01,2024-08-05,Failed
T05683,56,542,Withdrawal,1965797.57,2024-12-23,Failed
T05684,174,641,Withdrawal,4168195.01,2024-07-19,Pending
T05685,320,236,Transfer,1621227.15,2024-05-02,Failed
T05686,388,448,Transfer,1347417.59,2022-12-11,Completed
T05687,151,517,Withdrawal,587224.51,2025-09-22,Failed
T05688,378,541,Bill Payment,31924.26,2025-01-05,Pending
T05689,35,192,Withdrawal,3572365.08,2024-08-01,Completed
T05690,119,173,Deposit,1995743.21,2023-09-26,Completed
T05691,267,504,Withdrawal,4331233.4,2024-10-22,Pending
T05692,364,337,Deposit,1757359.13,2024-05-19,Completed
T05693,137,3,Deposit,41732.05,2024-04-01,Failed
T05694,193,532,Bill Payment,24941.82,2025-04-07,Pending
T05695,448,413,Bill Payment,24003.34,2025-09-21,Completed
T05696,330,627,Deposit,7215.7,2025-03-17,Failed
T05697,328,586,Deposit,243075.5,2023-03-05,Completed
T05698,72,416,Deposit,46773.74,2024-07-26,Completed
T05699,102,394,Withdrawal,4102179.5,2023-04-30,Completed
T05700,45,507,Withdrawal,4669160.21,2023-11-04,Failed
T05701,163,596,Bill Payment,74027.26,2024-10-15,Failed
T05702,14,46,Bill Payment,989.75,2023-10-01,Failed
T05703,288,345,Transfer,1630208.34,2023-02-12,Completed
T05704,79,561,Bill Payment,48054.89,2023-12-19,Pending
T05705,190,398,Withdrawal,204111.67,2025-04-21,Completed
T05706,360,612,Transfer,2053048.62,2025-01-26,Completed
T05707,339,445,Deposit,1780692.08,2024-06-30,Failed
T05708,429,251,Bill Payment,8339.95,2023-11-09,Completed
T05709,457,536,Deposit,637022.36,2023-07-25,Failed
T05710,333,619,Transfer,2083061.49,2022-10-13,Pending
T05711,492,514,Withdrawal,3796388.68,2022-10-16,Pending
T05712,378,154,Deposit,378630.59,2025-03-20,Pending
T05713,150,681,Deposit,137292.97,2024-12-24,Completed
T05714,220,332,Withdrawal,1389392.71,2023-04-06,Pending
T05715,481,31,Bill Payment,32233,2024-12-20,Failed
T05716,347,622,Transfer,850508.97,2022-10-16,Failed
T05717,499,280,Bill Payment,43251.05,2024-05-09,Completed
T05718,242,55,Deposit,117591.1,2025-07-17,Completed
T05719,344,274,Deposit,1620321.57,2023-08-20,Failed
T05720,73,553,Deposit,1377592.3,2025-09-07,Completed
T05721,355,142,Withdrawal,2567181.29,2024-02-07,Failed
T05722,184,296,Deposit,299008.98,2024-07-01,Pending
T05723,372,145,Deposit,1061991.46,2024-04-19,Failed
T05724,256,72,Bill Payment,26281.79,2023-03-19,Pending
T05725,440,140,Bill Payment,22817.41,2023-06-02,Pending
T05726,416,653,Withdrawal,2058517.58,2024-07-27,Completed
T05727,133,228,Transfer,2987239.45,2025-07-13,Completed
T05728,84,9,Transfer,262026.17,2025-04-01,Failed
T05729,119,97,Withdrawal,2758750.68,2023-11-03,Pending
T05730,393,110,Deposit,1373393.96,2023-11-14,Completed
T05731,65,644,Withdrawal,3931722.61,2025-01-14,Pending
T05732,65,355,Deposit,574085.96,2024-07-23,Pending
T05733,247,118,Deposit,122134.1,2025-02-28,Failed
T05734,259,178,Withdrawal,277851.6,2024-04-25,Pending
T05735,256,419,Deposit,108037.32,2025-05-12,Completed
T05736,214,576,Withdrawal,2612335.58,2023-12-07,Pending
T05737,241,89,Deposit,179917.28,2025-08-27,Failed
T05738,385,180,Withdrawal,4918062.35,2024-06-13,Completed
T05739,8,582,Bill Payment,6957.51,2023-08-17,Completed
T05740,362,129,Deposit,1309900.49,2024-07-07,Pending
T05741,312,546,Transfer,35079.28,2025-02-08,Failed
T05742,205,440,Bill Payment,75167.87,2025-02-17,Completed
T05743,173,265,Transfer,1145816.08,2024-10-23,Completed
T05744,322,313,Withdrawal,4469274.43,2023-07-09,Pending
T05745,60,430,Withdrawal,4260799.03,2024-05-02,Pending
T05746,259,393,Deposit,214588.32,2025-02-19,Completed
T05747,70,341,Withdrawal,35211.04,2025-02-13,Pending
T05748,174,641,Withdrawal,4820230.34,2024-10-25,Pending
T05749,267,504,Withdrawal,1298105.44,2023-11-03,Pending
T05750,128,572,Bill Payment,8399.11,2024-01-24,Pending
T05751,477,548,Withdrawal,816746.32,2025-03-20,Pending
T05752,247,104,Withdrawal,4130424.74,2024-03-22,Failed
T05753,240,188,Bill Payment,45361.01,2025-10-04,Completed
T05754,422,522,Bill Payment,84745.67,2024-06-14,Failed
T05755,296,397,Transfer,2795681,2023-05-07,Pending
T05756,491,157,Withdrawal,1381033.66,2025-07-25,Completed
T05757,145,637,Bill Payment,88399.03,2023-04-07,Pending
T05758,441,559,Bill Payment,51112.61,2023-09-26,Pending
T05759,277,639,Transfer,1420178.3,2024-08-28,Completed
T05760,154,679,Withdrawal,2891327.3,2025-09-25,Failed
T05761,1,213,Transfer,45626.68,2023-06-13,Pending
T05762,374,112,Transfer,1502045.34,2023-03-09,Pending
T05763,85,309,Withdrawal,628644.8,2023-09-03,Pending
T05764,318,279,Withdrawal,1538690.05,2024-12-02,Pending
T05765,60,430,Bill Payment,54813.61,2024-06-18,Completed
T05766,174,155,Deposit,672888.71,2024-03-13,Failed
T05767,199,444,Transfer,1814001.44,2025-02-06,Pending
T05768,153,168,Transfer,770705.34,2025-05-15,Completed
T05769,239,18,Bill Payment,66026.49,2025-09-21,Pending
T05770,288,290,Deposit,1532946.66,2025-09-02,Completed
T05771,460,687,Bill Payment,77433.6,2022-12-24,Failed
T05772,261,564,Deposit,1062627.23,2023-06-11,Pending
T05773,275,256,Deposit,1714420.47,2024-05-31,Pending
T05774,235,240,Transfer,676429.24,2025-06-18,Failed
T05775,267,601,Transfer,1501578.16,2022-10-13,Failed
T05776,474,184,Deposit,1056706.06,2023-02-23,Pending
T05777,267,601,Bill Payment,53730.35,2023-05-18,Pending
T05778,195,415,Transfer,2598580.94,2024-10-06,Completed
T05779,232,356,Deposit,1633209.07,2025-04-24,Completed
T05780,63,187,Deposit,322415.23,2024-08-11,Pending
T05781,234,319,Withdrawal,3282901.09,2023-02-18,Pending
T05782,303,85,Withdrawal,1236425.65,2023-01-12,Completed
T05783,199,122,Bill Payment,5190.67,2023-11-17,Failed
T05784,378,541,Bill Payment,518.71,2023-09-14,Completed
T05785,324,509,Withdrawal,503300.09,2024-05-03,Failed
T05786,246,658,Bill Payment,5381.85,2023-02-06,Completed
T05787,132,208,Withdrawal,313347.4,2025-05-08,Failed
T05788,92,207,Deposit,1189551.67,2022-12-02,Failed
T05789,305,607,Deposit,160823.72,2024-05-24,Pending
T05790,156,34,Deposit,420108.28,2024-06-18,Pending
T05791,446,120,Withdrawal,535582.18,2025-05-15,Failed
T05792,324,509,Deposit,1179593.17,2025-07-20,Pending
T05793,327,668,Bill Payment,4654.16,2024-12-22,Failed
T05794,58,108,Bill Payment,88422.2,2023-12-24,Completed
T05795,429,364,Deposit,1443656.2,2025-04-20,Pending
T05796,59,101,Transfer,2536280.31,2023-01-02,Failed
T05797,250,478,Transfer,2602073.44,2023-07-04,Completed
T05798,65,644,Deposit,154544.11,2025-06-25,Pending
T05799,340,349,Withdrawal,1689147.99,2024-11-10,Completed
T05800,228,123,Deposit,945360.22,2024-08-16,Completed
T05801,128,572,Bill Payment,52306.37,2022-10-21,Completed
T05802,476,483,Withdrawal,3897168.73,2023-08-14,Failed
T05803,41,58,Withdrawal,2340273.35,2025-07-21,Pending
T05804,470,109,Bill Payment,2846.29,2024-12-17,Failed
T05805,489,525,Deposit,1558504.87,2023-12-23,Pending
T05806,483,159,Withdrawal,4468892.63,2023-08-03,Failed
T05807,357,611,Bill Payment,25206.29,2022-11-26,Pending
T05808,181,124,Withdrawal,2426338.13,2025-04-23,Completed
T05809,447,42,Bill Payment,87842.84,2024-12-06,Failed
T05810,470,109,Deposit,364531.33,2024-12-14,Pending
T05811,79,561,Deposit,1347635.96,2025-09-24,Failed
T05812,88,563,Transfer,2353242.2,2023-09-29,Pending
T05813,135,513,Deposit,29953.59,2025-05-17,Failed
T05814,182,264,Transfer,582866.89,2023-06-25,Completed
T05815,121,219,Bill Payment,96404.48,2025-08-17,Completed
T05816,8,125,Bill Payment,58549.51,2022-11-30,Pending
T05817,294,617,Bill Payment,55193.45,2024-04-15,Pending
T05818,146,266,Bill Payment,66671.54,2023-10-11,Completed
T05819,383,399,Bill Payment,68255.8,2025-07-18,Pending
T05820,189,68,Bill Payment,62012.4,2022-10-05,Completed
T05821,142,252,Transfer,2091095.88,2023-06-06,Completed
T05822,418,92,Transfer,165228.68,2023-02-16,Completed
T05823,401,417,Transfer,2470442.57,2023-12-07,Pending
T05824,265,75,Deposit,960945.27,2024-06-16,Completed
T05825,259,223,Withdrawal,1820529.41,2024-04-05,Failed
T05826,457,536,Transfer,2678417.71,2025-08-10,Completed
T05827,173,289,Withdrawal,3514378.56,2024-06-09,Failed
T05828,162,116,Withdrawal,2889858.64,2024-06-25,Pending
T05829,407,555,Transfer,1510415.96,2025-04-02,Completed
T05830,226,25,Deposit,603204.83,2023-08-12,Completed
T05831,86,436,Deposit,1628187.83,2024-12-17,Pending
T05832,123,235,Deposit,295146.52,2022-10-28,Pending
T05833,321,73,Bill Payment,47679.49,2025-10-02,Pending
T05834,261,564,Bill Payment,69858.76,2023-01-19,Pending
T05835,429,251,Withdrawal,3339065.27,2023-02-22,Failed
T05836,135,338,Withdrawal,1549981.1,2025-02-04,Completed
T05837,119,96,Deposit,652040.34,2023-12-20,Completed
T05838,473,283,Bill Payment,42119.05,2025-02-19,Completed
T05839,143,503,Bill Payment,85566.72,2025-03-28,Completed
T05840,84,328,Bill Payment,24753.51,2024-03-28,Pending
T05841,322,329,Deposit,274063.07,2024-03-27,Completed
T05842,290,460,Bill Payment,33018.63,2023-12-08,Completed
T05843,172,138,Withdrawal,2961784.38,2023-09-21,Failed
T05844,466,510,Deposit,683061.64,2025-05-03,Pending
T05845,483,159,Bill Payment,85422.78,2023-08-03,Failed
T05846,324,47,Bill Payment,16161.54,2024-09-10,Failed
T05847,259,393,Deposit,307439.82,2024-06-23,Pending
T05848,37,446,Transfer,2315219.77,2025-03-16,Pending
T05849,285,474,Bill Payment,14220.51,2022-10-12,Pending
T05850,26,67,Bill Payment,10264.39,2023-11-14,Pending
T05851,280,209,Deposit,1653906.68,2023-07-03,Pending
T05852,42,126,Transfer,1153130.1,2024-06-28,Pending
T05853,327,668,Bill Payment,53202.71,2024-11-29,Failed
T05854,320,236,Bill Payment,66491.49,2023-03-19,Completed
T05855,388,222,Deposit,973608.62,2025-02-18,Pending
T05856,141,234,Deposit,1552745.22,2023-01-25,Pending
T05857,47,304,Deposit,1681152.98,2024-11-24,Failed
T05858,164,333,Bill Payment,67204.72,2024-01-05,Pending
T05859,397,52,Withdrawal,2813549.82,2024-03-16,Pending
T05860,146,266,Bill Payment,68556.59,2023-04-04,Pending
T05861,430,152,Bill Payment,18675.06,2024-12-10,Failed
T05862,457,308,Deposit,897665.41,2023-11-09,Pending
T05863,54,257,Withdrawal,52417.7,2025-01-17,Failed
T05864,417,387,Withdrawal,719940.38,2025-03-16,Completed
T05865,300,212,Transfer,625133.33,2023-10-28,Failed
T05866,29,411,Bill Payment,41815.14,2025-09-17,Completed
T05867,47,367,Withdrawal,1090222.65,2024-08-22,Failed
T05868,60,442,Bill Payment,60777.41,2024-05-12,Pending
T05869,90,688,Deposit,1594763.54,2025-02-25,Failed
T05870,457,536,Bill Payment,59173.05,2024-10-25,Completed
T05871,416,181,Deposit,1387996.46,2023-10-17,Pending
T05872,121,241,Transfer,18576.29,2024-03-15,Completed
T05873,111,538,Withdrawal,2371852.58,2024-09-16,Failed
T05874,375,429,Deposit,1914007.69,2025-08-28,Pending
T05875,357,611,Bill Payment,42963.52,2024-09-19,Pending
T05876,213,10,Transfer,575960.23,2025-04-03,Failed
T05877,183,330,Bill Payment,45078.16,2022-11-16,Failed
T05878,262,486,Bill Payment,50031.16,2024-10-22,Pending
T05879,467,353,Transfer,476776.27,2023-04-03,Completed
T05880,267,601,Deposit,482859.5,2023-11-09,Failed
T05881,146,266,Withdrawal,4225546,2023-01-17,Pending
T05882,184,216,Bill Payment,74982.96,2024-05-21,Completed
T05883,450,467,Withdrawal,902131.64,2025-06-15,Failed
T05884,416,181,Withdrawal,4718521.02,2023-09-12,Completed
T05885,37,494,Deposit,213280.49,2025-08-21,Completed
T05886,434,476,Transfer,1953920.86,2025-09-28,Pending
T05887,86,437,Deposit,1937439.66,2023-09-27,Completed
T05888,254,434,Withdrawal,286973.63,2024-02-07,Pending
T05889,131,162,Transfer,342503.12,2024-07-06,Pending
T05890,43,566,Bill Payment,57754.74,2024-04-05,Completed
T05891,156,34,Transfer,527576.4,2024-12-15,Completed
T05892,86,436,Deposit,415057.02,2025-01-14,Completed
T05893,35,192,Deposit,1797028.29,2022-10-20,Failed
T05894,423,424,Deposit,191762.89,2025-09-27,Pending
T05895,16,189,Bill Payment,26936.9,2023-11-18,Completed
T05896,26,63,Bill Payment,54682.08,2023-10-25,Completed
T05897,477,462,Bill Payment,88365.45,2023-12-25,Completed
T05898,388,222,Deposit,800424.2,2023-02-26,Completed
T05899,181,457,Deposit,1776400.43,2024-06-15,Failed
T05900,122,12,Deposit,582764.99,2025-08-16,Completed
T05901,421,214,Withdrawal,2066930.86,2024-03-19,Pending
T05902,240,188,Transfer,2750502.62,2023-01-31,Pending
T05903,184,592,Withdrawal,4264204.88,2025-02-12,Pending
T05904,476,164,Transfer,2347667.98,2023-07-09,Pending
T05905,111,248,Deposit,1080092.51,2024-10-14,Failed
T05906,156,34,Bill Payment,75647.59,2024-02-04,Pending
T05907,478,267,Deposit,312969.38,2024-04-06,Pending
T05908,261,631,Transfer,326622.77,2023-09-09,Failed
T05909,258,225,Withdrawal,636975.58,2025-03-14,Failed
T05910,131,162,Bill Payment,18100.22,2023-11-26,Completed
T05911,476,164,Deposit,1644581.79,2023-07-15,Completed
T05912,73,357,Deposit,597281.05,2025-08-31,Failed
T05913,205,440,Deposit,251314.57,2023-07-27,Pending
T05914,60,430,Bill Payment,39573.77,2024-11-18,Pending
T05915,22,176,Bill Payment,86314.96,2023-08-11,Failed
T05916,487,660,Transfer,1068015.2,2023-10-04,Completed
T05917,386,603,Bill Payment,26551.02,2023-10-16,Failed
T05918,126,642,Transfer,70673.07,2023-11-21,Failed
T05919,305,1,Bill Payment,30205.13,2023-08-22,Completed
T05920,375,429,Bill Payment,99372.36,2023-09-26,Pending
T05921,49,23,Withdrawal,223929.66,2023-08-15,Completed
T05922,74,682,Deposit,1130306.97,2023-10-27,Completed
T05923,7,610,Deposit,332224.95,2025-05-22,Completed
T05924,196,381,Transfer,2646409.08,2024-04-10,Completed
T05925,245,635,Deposit,559345.91,2023-06-04,Failed
T05926,291,587,Deposit,1169770.77,2023-03-19,Completed
T05927,103,161,Transfer,2871376.69,2023-04-09,Completed
T05928,300,212,Withdrawal,33796.15,2023-02-03,Completed
T05929,429,251,Transfer,202173.35,2025-08-19,Completed
T05930,264,384,Transfer,1032485.36,2025-07-31,Completed
T05931,297,117,Withdrawal,4946563.59,2024-11-08,Pending
T05932,364,337,Deposit,452459.63,2025-05-15,Pending
T05933,479,595,Transfer,2085580.24,2022-10-15,Completed
T05934,277,639,Withdrawal,3775510.01,2025-01-23,Completed
T05935,220,198,Withdrawal,1473421.71,2022-12-09,Completed
T05936,484,404,Withdrawal,2960885.39,2024-10-23,Completed
T05937,56,8,Deposit,693965.83,2024-05-03,Failed
T05938,192,552,Withdrawal,613121.79,2025-05-26,Pending
T05939,361,277,Deposit,323803.75,2024-02-06,Failed
T05940,451,59,Bill Payment,78029.57,2024-11-07,Failed
T05941,188,403,Transfer,2723066.73,2025-03-15,Failed
T05942,440,616,Withdrawal,4756942.85,2023-12-05,Completed
T05943,189,147,Withdrawal,4834937.3,2024-11-05,Pending
T05944,142,203,Deposit,962503.67,2023-07-16,Pending
T05945,386,603,Transfer,833926.64,2024-12-07,Completed
T05946,296,16,Bill Payment,18307.01,2023-12-14,Pending
T05947,223,657,Deposit,1132931.24,2024-06-14,Pending
T05948,46,351,Deposit,1172120.74,2023-09-15,Completed
T05949,10,406,Bill Payment,7693.75,2025-03-18,Completed
T05950,481,103,Bill Payment,37300.47,2023-04-22,Failed
T05951,29,411,Withdrawal,4720826.43,2022-12-28,Pending
T05952,108,485,Transfer,453858.74,2024-12-29,Failed
T05953,273,645,Bill Payment,25262.26,2024-07-23,Completed
T05954,200,146,Deposit,1780767.29,2024-10-17,Pending
T05955,181,124,Bill Payment,80884.29,2025-01-22,Completed
T05956,251,28,Deposit,1142378.25,2022-11-24,Completed
T05957,196,676,Transfer,946557.44,2024-11-23,Completed
T05958,361,277,Deposit,382508.2,2024-03-27,Failed
T05959,470,109,Deposit,707988.84,2024-06-07,Completed
T05960,132,340,Transfer,30294.32,2025-09-05,Completed
T05961,24,278,Withdrawal,3599256.93,2023-07-03,Completed
T05962,481,103,Deposit,599375.63,2024-09-14,Failed
T05963,429,51,Bill Payment,48562.93,2023-04-09,Failed
T05964,325,473,Withdrawal,1305380.72,2025-09-23,Failed
T05965,390,130,Transfer,2077426.2,2024-12-18,Pending
T05966,274,135,Withdrawal,4853768.4,2024-09-18,Failed
T05967,441,559,Withdrawal,3541271.72,2024-02-07,Pending
T05968,65,644,Transfer,2101385.72,2025-09-09,Failed
T05969,177,113,Withdrawal,3680032.9,2022-10-18,Completed
T05970,262,310,Bill Payment,49314.55,2022-10-23,Pending
T05971,188,505,Bill Payment,82968.53,2025-08-17,Completed
T05972,421,214,Withdrawal,3788010.9,2023-08-28,Failed
T05973,286,604,Bill Payment,35493.59,2024-05-16,Pending
T05974,122,633,Deposit,332275.35,2025-03-25,Pending
T05975,477,556,Transfer,2880125,2023-03-10,Pending
T05976,451,59,Transfer,1909801.17,2024-02-22,Pending
T05977,347,540,Withdrawal,4147882.1,2024-04-18,Failed
T05978,22,176,Transfer,2098562.48,2025-05-13,Failed
T05979,297,490,Withdrawal,2023249.43,2023-11-12,Completed
T05980,475,19,Transfer,1193996.79,2023-07-22,Completed
T05981,315,675,Withdrawal,1812700.57,2025-02-03,Completed
T05982,416,653,Transfer,2211472.91,2023-11-17,Completed
T05983,59,600,Bill Payment,16960.42,2023-10-08,Completed
T05984,465,177,Withdrawal,4348012.33,2023-11-27,Completed
T05985,470,109,Withdrawal,1763991.09,2024-10-06,Failed
T05986,358,651,Bill Payment,16883.46,2025-05-14,Pending
T05987,402,458,Withdrawal,2762800.7,2024-03-20,Completed
T05988,286,604,Transfer,2642495.25,2024-04-25,Failed
T05989,237,14,Deposit,1702237.77,2023-07-17,Completed
T05990,199,167,Withdrawal,4610368.55,2024-11-17,Completed
T05991,379,295,Withdrawal,2970514.22,2024-07-24,Completed
T05992,166,621,Bill Payment,39502.46,2023-08-28,Failed
T05993,134,455,Deposit,269190.56,2024-07-17,Pending
T05994,305,1,Transfer,2755723.06,2025-09-27,Pending
T05995,433,54,Transfer,1291210.57,2024-05-05,Completed
T05996,114,69,Bill Payment,83611.79,2024-04-24,Failed
T05997,39,41,Deposit,1434494.3,2024-06-18,Failed
T05998,355,77,Deposit,1474779.01,2023-12-13,Completed
T05999,93,589,Withdrawal,1228806,2024-09-04,Completed
T06000,192,552,Withdrawal,673209.43,2023-07-11,Pending
T06001,53,475,Deposit,174143.57,2025-03-10,Failed
T06002,133,228,Bill Payment,85232.58,2023-04-26,Failed
T06003,97,48,Bill Payment,96512.55,2025-03-17,Failed
T06004,425,148,Bill Payment,48636.77,2025-09-04,Completed
T06005,322,329,Bill Payment,28170.56,2023-09-25,Completed
T06006,375,429,Deposit,948266.25,2023-03-09,Pending
T06007,397,133,Bill Payment,28209.88,2023-11-28,Failed
T06008,296,539,Transfer,31464.94,2023-10-06,Failed
T06009,214,334,Withdrawal,2315681.14,2025-02-13,Completed
T06010,24,278,Bill Payment,9104.16,2024-08-06,Pending
T06011,315,675,Withdrawal,4287091.06,2024-05-18,Failed
T06012,400,114,Withdrawal,4915210.91,2023-08-05,Completed
T06013,299,421,Deposit,25355.4,2023-05-19,Failed
T06014,146,266,Transfer,2137797.61,2023-05-25,Pending
T06015,261,307,Withdrawal,4693517.5,2024-10-08,Failed
T06016,115,102,Bill Payment,34961.71,2022-10-20,Pending
T06017,446,120,Withdrawal,2299373.71,2023-07-06,Pending
T06018,57,482,Bill Payment,52383.55,2024-07-20,Pending
T06019,440,431,Deposit,844268.69,2024-11-19,Failed
T06020,421,214,Transfer,1813413.3,2023-05-01,Completed
T06021,277,639,Deposit,1637669.51,2025-06-10,Pending
T06022,256,72,Bill Payment,32846.6,2024-12-16,Pending
T06023,481,103,Bill Payment,2075.3,2025-01-11,Completed
T06024,45,507,Withdrawal,863005.19,2024-02-07,Failed
T06025,240,188,Deposit,1764468.52,2024-10-29,Pending
T06026,396,574,Withdrawal,2227036.34,2024-01-14,Pending
T06027,344,274,Deposit,1537280.58,2023-10-29,Completed
T06028,258,225,Transfer,1036378.69,2025-02-24,Pending
T06029,98,202,Bill Payment,57302.69,2025-03-05,Pending
T06030,399,584,Deposit,331432.84,2022-12-18,Pending
T06031,207,549,Transfer,2236199.15,2024-06-14,Pending
T06032,299,141,Bill Payment,55985.25,2023-03-07,Completed
T06033,422,288,Bill Payment,17378.36,2025-09-11,Failed
T06034,339,445,Transfer,190126.22,2023-06-15,Completed
T06035,400,4,Transfer,681795.99,2023-01-06,Pending
T06036,174,641,Transfer,1445385.52,2023-09-04,Pending
T06037,82,179,Deposit,781934.26,2023-11-04,Pending
T06038,121,241,Transfer,2340799.5,2024-10-14,Failed
T06039,251,17,Deposit,1163311.33,2025-06-09,Completed
T06040,90,489,Deposit,524069.56,2023-03-03,Pending
T06041,397,52,Transfer,1466441.89,2024-09-02,Failed
T06042,358,651,Bill Payment,73730.22,2024-03-07,Pending
T06043,133,228,Bill Payment,50568.36,2023-11-12,Failed
T06044,75,269,Transfer,637229.86,2024-04-17,Completed
T06045,10,406,Bill Payment,8327.2,2024-04-16,Pending
T06046,327,668,Transfer,2635471.57,2025-02-21,Pending
T06047,162,425,Bill Payment,13224.22,2025-02-17,Pending
T06048,235,240,Bill Payment,55389.92,2023-11-09,Completed
T06049,217,377,Transfer,2646863.01,2024-03-22,Completed
T06050,193,532,Transfer,2449521.03,2022-11-04,Failed
T06051,204,624,Deposit,1876795.72,2024-07-05,Completed
T06052,249,464,Bill Payment,92457.83,2023-04-11,Completed
T06053,357,591,Deposit,22680.4,2024-04-02,Failed
T06054,157,316,Transfer,123508.59,2025-08-25,Pending
T06055,224,666,Bill Payment,2141.34,2025-05-02,Completed
T06056,357,373,Bill Payment,75314.59,2023-08-10,Pending
T06057,253,35,Transfer,2698326.12,2025-03-19,Completed
T06058,159,254,Bill Payment,26774.21,2025-03-17,Pending
T06059,305,607,Withdrawal,1057158.87,2025-07-10,Pending
T06060,474,495,Bill Payment,66620.6,2025-07-09,Completed
T06061,195,415,Bill Payment,70114.22,2025-01-18,Completed
T06062,179,562,Withdrawal,915998.93,2023-07-03,Completed
T06063,440,431,Bill Payment,88796.47,2023-12-21,Pending
T06064,93,589,Transfer,2328416.52,2024-04-08,Failed
T06065,251,17,Bill Payment,50857.72,2024-02-22,Failed
T06066,60,442,Transfer,654480.95,2025-08-15,Pending
T06067,202,693,Deposit,774728.05,2024-12-05,Completed
T06068,291,587,Bill Payment,20514.6,2024-10-31,Failed
T06069,388,174,Bill Payment,98742.4,2024-08-29,Completed
T06070,223,323,Transfer,2544557.5,2023-02-03,Failed
T06071,416,653,Transfer,1713219.61,2024-05-18,Completed
T06072,71,121,Bill Payment,5962.4,2025-05-15,Failed
T06073,395,575,Bill Payment,76522.92,2023-12-24,Completed
T06074,441,559,Bill Payment,68311.12,2024-09-24,Pending
T06075,481,31,Bill Payment,39136.34,2025-06-12,Completed
T06076,26,63,Deposit,804737.18,2023-05-18,Completed
T06077,184,592,Deposit,949395.85,2023-06-22,Failed
T06078,163,596,Withdrawal,3833921.72,2025-06-26,Failed
T06079,261,631,Deposit,1345971.35,2024-03-12,Failed
T06080,434,550,Withdrawal,2453199.77,2024-07-21,Failed
T06081,284,158,Bill Payment,70272.55,2025-06-11,Completed
T06082,124,239,Bill Payment,9134.66,2025-05-13,Failed
T06083,480,7,Bill Payment,82253.62,2025-03-11,Pending
T06084,29,626,Transfer,515261.2,2024-06-24,Failed
T06085,233,299,Withdrawal,152004.92,2023-01-23,Failed
T06086,477,606,Withdrawal,4862408.26,2023-02-04,Completed
T06087,22,691,Withdrawal,4788248.74,2023-06-13,Pending
T06088,90,656,Deposit,226352.97,2024-03-21,Pending
T06089,234,580,Bill Payment,45019.15,2023-09-24,Pending
T06090,445,614,Withdrawal,318483.5,2024-02-03,Pending
T06091,192,552,Bill Payment,19066.11,2024-02-09,Pending
T06092,173,265,Withdrawal,4792991.45,2025-07-15,Pending
T06093,139,238,Transfer,1976237.52,2023-12-31,Completed
T06094,62,56,Withdrawal,3914267.2,2023-11-24,Failed
T06095,248,695,Deposit,932083.87,2025-05-02,Failed
T06096,405,115,Bill Payment,47200.45,2025-07-02,Completed
T06097,455,396,Bill Payment,95389.43,2024-06-10,Pending
T06098,341,680,Withdrawal,3389326.34,2023-11-30,Pending
T06099,481,661,Deposit,206360.82,2024-08-26,Failed
T06100,336,259,Withdrawal,4506361.28,2024-04-21,Failed
T06101,306,524,Deposit,657470.86,2025-04-03,Completed
T06102,290,460,Deposit,229318.07,2024-12-22,Completed
T06103,445,614,Withdrawal,2061919.18,2024-09-03,Pending
T06104,259,44,Bill Payment,87995.57,2024-07-09,Completed
T06105,489,32,Deposit,1035403.98,2023-06-21,Completed
T06106,376,466,Withdrawal,2011153.72,2023-07-17,Failed
T06107,497,170,Bill Payment,55071.75,2022-11-09,Failed
T06108,47,304,Transfer,2527420.7,2023-04-17,Pending
T06109,481,31,Deposit,915557.74,2023-10-04,Failed
T06110,282,520,Transfer,2854252.71,2025-07-29,Completed
T06111,223,657,Bill Payment,63171.45,2023-10-30,Completed
T06112,404,78,Bill Payment,54029.71,2025-09-27,Pending
T06113,305,607,Deposit,1438605.08,2023-02-06,Pending
T06114,177,113,Withdrawal,3999245.59,2023-08-28,Pending
T06115,265,402,Withdrawal,78764.39,2023-06-21,Completed
T06116,433,544,Withdrawal,4203518.93,2024-06-12,Completed
T06117,189,640,Deposit,912850.81,2023-03-14,Failed
T06118,385,180,Bill Payment,19542.37,2023-03-02,Pending
T06119,422,288,Transfer,655416.92,2023-01-12,Failed
T06120,188,391,Withdrawal,3209983.19,2024-10-09,Pending
T06121,422,535,Bill Payment,90009.03,2025-02-02,Completed
T06122,332,183,Deposit,1471701.51,2022-12-27,Pending
T06123,498,678,Withdrawal,1491984.7,2022-11-14,Failed
T06124,82,383,Withdrawal,2039701.45,2024-06-12,Completed
T06125,59,600,Deposit,1877606.51,2024-12-26,Completed
T06126,68,229,Bill Payment,36486.76,2023-02-11,Completed
T06127,240,188,Transfer,1709843.7,2023-03-15,Pending
T06128,341,61,Withdrawal,3050614.3,2023-11-16,Failed
T06129,290,460,Deposit,264152.41,2025-05-22,Pending
T06130,459,249,Bill Payment,31892.68,2023-06-03,Failed
T06131,157,316,Deposit,704185.19,2023-02-12,Completed
T06132,86,436,Transfer,1503945.86,2025-07-18,Completed
T06133,312,546,Bill Payment,78998.31,2024-06-01,Pending
T06134,394,696,Deposit,1941809.14,2024-01-28,Pending
T06135,318,279,Withdrawal,595163.34,2023-09-26,Failed
T06136,399,584,Bill Payment,99807.95,2023-10-24,Completed
T06137,36,531,Transfer,829697.47,2023-12-20,Failed
T06138,326,410,Bill Payment,15311.79,2024-08-23,Completed
T06139,199,131,Withdrawal,2140009.76,2025-06-04,Pending
T06140,448,413,Bill Payment,60471.47,2023-04-19,Failed
T06141,56,542,Bill Payment,28442.01,2023-04-26,Completed
T06142,397,133,Transfer,1744639.74,2024-12-31,Failed
T06143,393,497,Withdrawal,675307.34,2023-06-27,Completed
T06144,13,263,Withdrawal,3024556.16,2022-11-18,Pending
T06145,16,189,Withdrawal,4806268.8,2022-11-28,Failed
T06146,245,635,Withdrawal,56387.09,2025-07-31,Pending
T06147,287,408,Deposit,1933013.52,2024-04-11,Failed
T06148,59,598,Bill Payment,17774.38,2024-02-22,Pending
T06149,417,387,Withdrawal,2940350.54,2024-10-13,Failed
T06150,426,618,Withdrawal,1077465.88,2024-09-29,Failed
T06151,90,489,Bill Payment,55642.19,2025-01-21,Pending
T06152,324,508,Bill Payment,61130.41,2023-12-02,Pending
T06153,339,445,Deposit,602565.2,2025-02-03,Completed
T06154,208,261,Withdrawal,245229.81,2024-08-26,Pending
T06155,100,623,Withdrawal,479132.59,2023-05-02,Completed
T06156,426,618,Withdrawal,4880265.21,2025-09-22,Failed
T06157,315,87,Withdrawal,4955219.57,2025-01-19,Pending
T06158,486,11,Deposit,9335.85,2023-07-07,Completed
T06159,25,297,Transfer,149486.2,2025-04-09,Failed
T06160,250,478,Bill Payment,14764.73,2025-04-20,Failed
T06161,114,69,Transfer,2223703.11,2024-09-13,Failed
T06162,89,233,Deposit,1741495.03,2025-06-11,Failed
T06163,454,578,Deposit,435845.45,2025-06-18,Completed
T06164,239,18,Withdrawal,2583414.4,2025-02-27,Failed
T06165,324,508,Transfer,457341.08,2024-08-10,Failed
T06166,414,557,Bill Payment,13326.29,2024-12-26,Failed
T06167,214,628,Bill Payment,64478.29,2025-06-24,Failed
T06168,259,393,Transfer,479726.82,2025-06-24,Failed
T06169,424,139,Transfer,2725817.84,2025-01-11,Pending
T06170,462,636,Withdrawal,279000.41,2024-01-29,Completed
T06171,235,240,Transfer,2495036.67,2024-03-27,Completed
T06172,399,584,Bill Payment,99333.29,2024-10-22,Pending
T06173,204,624,Deposit,1244959.32,2025-01-20,Pending
T06174,7,573,Bill Payment,12597.73,2023-09-22,Failed
T06175,441,559,Deposit,1298245.48,2023-02-21,Pending
T06176,428,412,Withdrawal,4396854.41,2024-08-21,Completed
T06177,262,486,Transfer,738391.69,2024-01-26,Completed
T06178,290,460,Bill Payment,40963.11,2024-04-25,Failed
T06179,419,441,Transfer,2934523.16,2024-07-06,Completed
T06180,327,668,Transfer,2548797.54,2023-11-12,Completed
T06181,191,318,Withdrawal,3977218.05,2023-06-03,Pending
T06182,143,503,Transfer,361987.68,2024-01-19,Completed
T06183,288,326,Withdrawal,4821861.37,2022-10-21,Failed
T06184,93,199,Bill Payment,66081.57,2022-10-05,Pending
T06185,195,415,Deposit,25959.09,2024-12-25,Pending
T06186,375,502,Bill Payment,19725.28,2023-05-04,Completed
T06187,371,76,Bill Payment,99058.88,2024-03-22,Pending
T06188,98,64,Withdrawal,2095799.52,2023-12-24,Failed
T06189,341,680,Withdrawal,4830024.9,2024-10-02,Completed
T06190,88,342,Deposit,1181777.2,2025-01-13,Failed
T06191,51,496,Withdrawal,1050626.03,2022-10-17,Completed
T06192,367,195,Transfer,2195421.33,2025-09-07,Pending
T06193,191,318,Transfer,2539962.65,2024-11-07,Pending
T06194,261,564,Deposit,1559571.58,2024-10-15,Pending
T06195,60,442,Deposit,888140.95,2024-01-13,Failed
T06196,327,426,Withdrawal,3872559.87,2022-10-19,Pending
T06197,189,68,Deposit,1383810.53,2024-08-03,Pending
T06198,423,424,Transfer,229110.91,2024-01-03,Failed
T06199,74,74,Bill Payment,63024.51,2025-04-19,Failed
T06200,463,571,Transfer,269940.35,2023-09-29,Failed
T06201,234,245,Withdrawal,4319526.05,2022-10-16,Failed
T06202,232,356,Deposit,536335.09,2025-02-02,Pending
T06203,220,198,Transfer,111599.69,2024-05-07,Completed
T06204,128,572,Transfer,1526896.01,2023-07-24,Pending
T06205,65,355,Deposit,1457975.05,2024-07-05,Completed
T06206,322,329,Bill Payment,26131.15,2025-02-21,Failed
T06207,245,635,Bill Payment,66940.78,2024-08-14,Completed
T06208,294,617,Deposit,1843690.09,2024-06-09,Completed
T06209,186,663,Bill Payment,82143.69,2023-10-28,Completed
T06210,397,52,Transfer,34418.09,2023-06-15,Completed
T06211,201,13,Transfer,957140.19,2025-07-04,Pending
T06212,71,121,Transfer,2954143.77,2024-06-01,Completed
T06213,333,619,Withdrawal,891877.14,2024-05-14,Failed
T06214,226,25,Withdrawal,2943243.19,2023-09-12,Pending
T06215,289,165,Deposit,477475.53,2023-11-17,Pending
T06216,360,558,Bill Payment,68480.82,2023-02-05,Pending
T06217,65,644,Deposit,1320312.91,2024-07-21,Failed
T06218,498,554,Deposit,303527.75,2025-06-02,Pending
T06219,131,162,Transfer,272083.8,2023-10-12,Pending
T06220,288,290,Bill Payment,70958.47,2024-12-15,Completed
T06221,280,209,Withdrawal,1713386.44,2025-05-14,Pending
T06222,358,136,Withdrawal,278413.36,2025-09-16,Completed
T06223,194,620,Bill Payment,30068.11,2025-09-02,Completed
T06224,342,516,Deposit,1524293.18,2023-12-01,Pending
T06225,425,500,Deposit,1011425.46,2023-12-21,Failed
T06226,128,572,Bill Payment,99240.78,2025-07-08,Completed
T06227,357,611,Withdrawal,206090.33,2025-01-08,Failed
T06228,71,121,Deposit,1081932.36,2023-11-26,Failed
T06229,273,645,Transfer,2597025.33,2024-07-07,Completed
T06230,127,95,Withdrawal,3404066.55,2023-07-24,Completed
T06231,157,400,Bill Payment,10115.97,2023-01-19,Pending
T06232,388,551,Transfer,1660857.72,2023-07-15,Failed
T06233,343,49,Transfer,489446.62,2023-05-05,Pending
T06234,356,247,Withdrawal,3291039.83,2023-12-28,Completed
T06235,301,609,Bill Payment,3331.62,2023-03-25,Pending
T06236,227,689,Withdrawal,734553.54,2025-06-20,Pending
T06237,240,232,Bill Payment,67844.24,2024-09-11,Pending
T06238,90,489,Transfer,1090393.72,2025-05-21,Pending
T06239,47,304,Bill Payment,72668.31,2024-09-07,Completed
T06240,237,545,Withdrawal,4592750.84,2023-12-01,Completed
T06241,331,82,Bill Payment,75096.43,2025-09-27,Pending
T06242,157,400,Deposit,1645837.1,2025-05-29,Failed
T06243,28,348,Withdrawal,2883318.86,2024-11-07,Pending
T06244,381,498,Bill Payment,99780.44,2023-07-23,Completed
T06245,269,418,Withdrawal,1241737.69,2024-02-15,Failed
T06246,357,591,Bill Payment,92292.62,2022-11-04,Pending
T06247,139,238,Deposit,276166.86,2023-05-29,Pending
T06248,371,76,Transfer,49823.42,2022-12-21,Pending
T06249,381,498,Bill Payment,693.17,2025-01-13,Pending
T06250,239,530,Bill Payment,4937.03,2022-11-08,Completed
T06251,188,403,Withdrawal,208608.25,2023-07-20,Pending
T06252,234,245,Bill Payment,82940.58,2023-03-12,Pending
T06253,14,46,Withdrawal,3654939.24,2023-12-17,Failed
T06254,178,90,Bill Payment,26671.59,2023-11-27,Completed
T06255,277,639,Deposit,22392.51,2023-04-17,Completed
T06256,267,601,Deposit,1184934.2,2024-08-16,Completed
T06257,341,61,Withdrawal,3195833.6,2022-10-17,Completed
T06258,99,374,Withdrawal,117504.1,2023-10-01,Pending
T06259,28,348,Withdrawal,3443109.26,2023-02-22,Pending
T06260,388,380,Bill Payment,69641.77,2023-05-27,Pending
T06261,422,237,Deposit,1149168.97,2022-10-27,Completed
T06262,265,402,Deposit,99553.21,2024-11-09,Failed
T06263,198,547,Bill Payment,4395.49,2023-09-07,Pending
T06264,35,358,Bill Payment,93451.03,2024-03-19,Failed
T06265,183,330,Transfer,2434055.1,2024-07-18,Failed
T06266,361,605,Withdrawal,220179.89,2024-02-01,Pending
T06267,463,571,Transfer,2080610.63,2024-11-17,Pending
T06268,481,231,Deposit,249149.27,2024-05-03,Completed
T06269,282,646,Deposit,1436873.34,2024-09-24,Failed
T06270,383,399,Transfer,1887936.83,2025-09-21,Failed
T06271,186,217,Transfer,2659001.92,2022-11-23,Pending
T06272,3,339,Bill Payment,98037.06,2024-03-01,Completed
T06273,344,172,Transfer,448649.47,2023-02-06,Pending
T06274,1,632,Bill Payment,5328.06,2023-05-19,Failed
T06275,269,418,Bill Payment,1305.95,2022-12-31,Pending
T06276,73,106,Bill Payment,84051.61,2023-11-22,Pending
T06277,407,555,Bill Payment,3145.29,2024-06-05,Completed
T06278,47,304,Bill Payment,86382.91,2023-01-23,Completed
T06279,96,432,Bill Payment,1701.94,2025-01-25,Completed
T06280,341,362,Deposit,732261.97,2024-10-04,Pending
T06281,251,28,Deposit,749230.42,2023-07-14,Completed
T06282,420,698,Deposit,136169.17,2023-07-30,Completed
T06283,394,696,Deposit,846609.31,2023-10-28,Completed
T06284,89,324,Bill Payment,5491.46,2024-05-19,Failed
T06285,243,451,Deposit,747152.65,2022-10-24,Completed
T06286,207,262,Transfer,225622.41,2023-04-12,Completed
T06287,361,605,Transfer,923118.43,2023-10-26,Failed
T06288,270,272,Deposit,1419455.55,2024-05-24,Pending
T06289,173,375,Withdrawal,486272.03,2024-08-23,Pending
T06290,43,479,Deposit,638976.15,2023-10-23,Pending
T06291,295,127,Deposit,1517063.3,2022-11-26,Failed
T06292,416,653,Bill Payment,43529.25,2023-08-10,Failed
T06293,457,308,Bill Payment,58115.57,2024-09-19,Pending
T06294,3,339,Bill Payment,88528.95,2023-02-27,Failed
T06295,121,241,Withdrawal,4405652.87,2024-12-22,Failed
T06296,347,622,Bill Payment,26457.93,2025-08-04,Failed
T06297,7,573,Bill Payment,39659.21,2023-08-24,Completed
T06298,264,384,Bill Payment,5012.69,2024-10-08,Completed
T06299,459,249,Bill Payment,84771.74,2024-05-31,Failed
T06300,168,91,Transfer,733459.78,2025-08-28,Completed
T06301,246,658,Deposit,1127542.07,2024-02-01,Completed
T06302,98,27,Transfer,1297743.71,2024-02-18,Completed
T06303,259,223,Withdrawal,4251694.01,2023-06-08,Completed
T06304,333,619,Bill Payment,21348.87,2025-06-08,Failed
T06305,223,137,Withdrawal,2828046.53,2022-12-09,Pending
T06306,25,297,Transfer,120234.42,2025-02-04,Failed
T06307,223,137,Transfer,720599.17,2024-12-22,Completed
T06308,473,405,Bill Payment,37668.6,2023-04-12,Failed
T06309,414,669,Withdrawal,1292178.23,2023-11-02,Pending
T06310,108,485,Withdrawal,3110125.37,2024-10-21,Failed
T06311,476,164,Withdrawal,3604929.33,2025-06-22,Pending
T06312,327,668,Withdrawal,234623.74,2024-01-12,Completed
T06313,63,187,Deposit,1150675.68,2023-08-09,Pending
T06314,305,1,Deposit,846848.03,2024-04-16,Completed
T06315,141,234,Withdrawal,2581812.2,2022-12-24,Pending
T06316,355,142,Withdrawal,4807675.26,2025-08-05,Pending
T06317,196,676,Deposit,1209497.59,2023-09-08,Failed
T06318,266,153,Deposit,1599491,2023-03-29,Pending
T06319,132,340,Transfer,2586122.07,2023-10-06,Pending
T06320,426,276,Transfer,380949.77,2025-06-14,Pending
T06321,451,59,Bill Payment,32428.38,2024-08-09,Failed
T06322,204,624,Deposit,403878.15,2024-02-21,Completed
T06323,206,128,Deposit,8058.46,2022-10-28,Pending
T06324,287,292,Withdrawal,1068007,2023-06-21,Completed
T06325,16,189,Bill Payment,99290.23,2023-12-07,Failed
T06326,174,155,Withdrawal,2464322.91,2025-03-31,Pending
T06327,43,479,Withdrawal,1019556.41,2023-04-08,Completed
T06328,162,425,Deposit,1909905.78,2024-06-10,Pending
T06329,416,306,Bill Payment,2924.89,2023-10-17,Pending
T06330,400,4,Withdrawal,2792999.95,2022-10-18,Completed
T06331,493,244,Bill Payment,79777.29,2022-12-09,Pending
T06332,39,630,Transfer,508812.42,2025-03-25,Failed
T06333,115,312,Withdrawal,3151242.31,2025-09-12,Completed
T06334,83,39,Bill Payment,79129.43,2024-10-12,Pending
T06335,242,55,Withdrawal,4489136.48,2025-09-08,Pending
T06336,475,19,Bill Payment,47376.96,2025-04-18,Pending
T06337,119,519,Withdrawal,2140710.14,2023-06-02,Pending
T06338,355,142,Transfer,1707739.38,2024-05-03,Completed
T06339,419,441,Withdrawal,69953.21,2023-02-21,Completed
T06340,429,251,Bill Payment,19171.94,2023-10-26,Failed
T06341,154,679,Transfer,1903061.08,2023-06-06,Pending
T06342,75,269,Bill Payment,72919.96,2024-11-19,Pending
T06343,477,588,Bill Payment,26799.85,2023-02-23,Failed
T06344,381,498,Withdrawal,523331.47,2025-09-04,Completed
T06345,273,602,Bill Payment,74881.3,2025-05-23,Failed
T06346,3,285,Deposit,515746.08,2024-03-13,Failed
T06347,119,519,Bill Payment,3534.73,2025-06-02,Failed
T06348,462,636,Transfer,2441695.87,2023-01-06,Completed
T06349,173,289,Withdrawal,715469.34,2023-01-05,Pending
T06350,198,447,Transfer,649826.49,2024-04-09,Completed
T06351,133,228,Transfer,2679618.29,2025-07-02,Completed
T06352,243,134,Deposit,314318.48,2023-06-01,Failed
T06353,59,600,Deposit,1321235.52,2025-09-28,Completed
T06354,135,338,Transfer,1687373.45,2025-01-15,Pending
T06355,141,234,Transfer,49342.77,2023-03-20,Failed
T06356,265,75,Withdrawal,3425594.93,2023-04-18,Pending
T06357,153,168,Withdrawal,4548185.74,2024-10-31,Failed
T06358,433,544,Transfer,2817170.96,2023-10-01,Pending
T06359,465,177,Withdrawal,1705698.75,2024-02-09,Failed
T06360,325,473,Bill Payment,6514.98,2025-02-18,Failed
T06361,492,514,Withdrawal,4545058.16,2025-07-02,Completed
T06362,276,210,Bill Payment,52633.37,2024-03-27,Failed
T06363,479,665,Bill Payment,5875.08,2024-08-16,Failed
T06364,267,560,Transfer,202643.92,2023-07-31,Failed
T06365,429,51,Bill Payment,69783.09,2022-11-07,Failed
T06366,462,205,Transfer,1726815.88,2025-09-09,Pending
T06367,29,411,Transfer,1402882.12,2024-05-13,Failed
T06368,445,614,Transfer,1174549.29,2024-04-13,Failed
T06369,164,333,Bill Payment,68701.18,2023-05-02,Failed
T06370,426,276,Bill Payment,19360.5,2023-10-29,Failed
T06371,407,555,Withdrawal,4855355.01,2022-12-05,Failed
T06372,472,456,Withdrawal,1007451.73,2024-10-27,Completed
T06373,397,52,Deposit,1148073.22,2024-08-14,Completed
T06374,105,428,Deposit,768690.07,2025-02-19,Completed
T06375,56,8,Deposit,837679.98,2024-01-05,Pending
T06376,7,327,Bill Payment,68469.94,2025-01-25,Pending
T06377,3,285,Transfer,1498037.09,2025-09-21,Failed
T06378,69,409,Transfer,983670.92,2024-11-04,Pending
T06379,58,506,Transfer,300078.38,2023-07-26,Completed
T06380,208,261,Bill Payment,43152.24,2025-03-03,Completed
T06381,56,8,Deposit,773136.44,2023-07-21,Pending
T06382,135,346,Bill Payment,80854.83,2025-01-26,Completed
T06383,233,299,Deposit,715147.92,2024-03-28,Pending
T06384,400,392,Transfer,766434.31,2024-02-19,Completed
T06385,284,158,Withdrawal,4458978.79,2024-10-01,Pending
T06386,478,267,Deposit,1539795.54,2023-12-06,Failed
T06387,330,627,Bill Payment,93302.04,2025-04-22,Completed
T06388,425,148,Withdrawal,1008753.02,2025-02-12,Pending
T06389,477,548,Bill Payment,1797.16,2023-06-11,Completed
T06390,288,326,Bill Payment,86739.57,2023-01-19,Failed
T06391,59,66,Bill Payment,2086,2025-01-07,Completed
T06392,256,419,Withdrawal,228863.76,2023-06-02,Failed
T06393,416,306,Transfer,462071.8,2024-09-02,Completed
T06394,489,525,Bill Payment,6170.24,2024-01-07,Completed
T06395,70,341,Deposit,1081344.41,2023-11-18,Failed
T06396,477,548,Withdrawal,152953.59,2025-01-23,Failed
T06397,3,285,Deposit,425576.04,2024-04-27,Failed
T06398,348,593,Deposit,1167971.65,2024-09-09,Pending
T06399,123,654,Deposit,1647433.16,2022-10-06,Pending
T06400,357,611,Bill Payment,86813.86,2025-06-22,Failed
T06401,395,499,Withdrawal,4203657.49,2024-11-28,Pending
T06402,491,157,Transfer,328992.87,2024-05-15,Pending
T06403,383,399,Transfer,1580116.98,2023-07-20,Pending
T06404,288,326,Deposit,928345.37,2022-11-03,Pending
T06405,417,387,Bill Payment,29985.6,2025-05-24,Failed
T06406,168,15,Transfer,1495046.95,2024-04-22,Failed
T06407,68,229,Transfer,2030653.33,2025-05-25,Pending
T06408,429,599,Deposit,281141.47,2023-10-10,Pending
T06409,216,2,Withdrawal,3586418.08,2024-02-15,Pending
T06410,361,277,Withdrawal,3253717.39,2023-01-11,Completed
T06411,124,239,Deposit,707871.58,2025-07-23,Failed
T06412,170,615,Withdrawal,1661285.6,2025-01-19,Pending
T06413,29,626,Deposit,937553.34,2024-05-28,Pending
T06414,284,158,Deposit,455101.66,2023-07-26,Failed
T06415,243,451,Bill Payment,47169.38,2024-12-27,Failed
T06416,388,448,Bill Payment,36321.16,2025-08-31,Pending
T06417,297,117,Transfer,200547.72,2024-11-15,Pending
T06418,344,274,Withdrawal,1008131.48,2025-02-07,Failed
T06419,422,535,Withdrawal,4195656.21,2023-06-01,Pending
T06420,223,657,Bill Payment,69663.5,2025-05-14,Pending
T06421,470,109,Bill Payment,16001.43,2023-12-18,Failed
T06422,33,226,Withdrawal,4855399.15,2024-02-18,Pending
T06423,489,32,Transfer,2167853.43,2024-07-02,Pending
T06424,204,638,Transfer,497656.18,2025-06-26,Pending
T06425,387,493,Transfer,2784311.33,2024-02-17,Completed
T06426,115,102,Bill Payment,19327.73,2023-03-25,Completed
T06427,102,394,Bill Payment,18261.15,2023-03-03,Failed
T06428,121,219,Deposit,743375.17,2024-12-25,Failed
T06429,387,93,Bill Payment,54134.15,2025-07-24,Completed
T06430,216,302,Withdrawal,4431883.58,2023-01-16,Pending
T06431,340,349,Transfer,1243251.22,2022-12-12,Failed
T06432,259,608,Deposit,1867161.6,2023-04-24,Completed
T06433,219,242,Withdrawal,2301380.85,2023-07-09,Completed
T06434,33,226,Bill Payment,11992.81,2022-11-22,Failed
T06435,318,515,Deposit,1961401.7,2023-08-14,Completed
T06436,141,234,Bill Payment,67963.03,2023-03-20,Failed
T06437,41,58,Deposit,1417004.65,2024-10-27,Pending
T06438,89,324,Transfer,2618826.84,2023-07-29,Failed
T06439,477,556,Bill Payment,5657.32,2023-03-07,Failed
T06440,422,288,Bill Payment,98444.63,2022-11-23,Failed
T06441,425,331,Transfer,212268.66,2025-03-10,Pending
T06442,440,431,Bill Payment,31464.62,2025-06-27,Completed
T06443,259,608,Deposit,1977671.42,2024-05-30,Failed
T06444,498,554,Deposit,1686064.34,2025-07-23,Failed
T06445,184,216,Bill Payment,51467.41,2024-11-04,Pending
T06446,59,598,Deposit,641150.99,2024-12-29,Failed
T06447,346,60,Transfer,1109096.86,2025-05-31,Failed
T06448,117,643,Bill Payment,16848.06,2025-09-28,Failed
T06449,184,216,Transfer,1651706.85,2025-04-09,Pending
T06450,299,421,Withdrawal,2626093.01,2023-11-06,Completed
T06451,239,18,Bill Payment,39919.51,2022-12-20,Completed
T06452,493,244,Bill Payment,68157.75,2024-04-26,Completed
T06453,247,118,Deposit,1264253.66,2023-09-12,Pending
T06454,168,91,Deposit,309795.26,2025-05-03,Failed
T06455,186,663,Bill Payment,84748.72,2023-01-23,Completed
T06456,306,524,Withdrawal,4077581.24,2022-10-25,Completed
T06457,479,665,Bill Payment,803.58,2023-08-25,Pending
T06458,190,398,Deposit,1746216.13,2025-07-19,Completed
T06459,376,466,Withdrawal,1098010.89,2024-11-06,Completed
T06460,286,604,Withdrawal,1938723.55,2023-02-06,Failed
T06461,422,237,Withdrawal,1375229.89,2024-10-01,Failed
T06462,306,524,Bill Payment,66169.16,2025-06-23,Failed
T06463,376,466,Deposit,485599.51,2023-01-07,Pending
T06464,14,46,Bill Payment,49133.9,2024-04-17,Pending
T06465,306,524,Bill Payment,86238.99,2025-02-17,Failed
T06466,481,231,Withdrawal,1692257.79,2024-07-12,Failed
T06467,181,457,Deposit,1600831.82,2024-04-30,Pending
T06468,219,242,Deposit,1532001.34,2023-01-03,Failed
T06469,489,224,Deposit,646147.76,2025-05-20,Pending
T06470,317,648,Deposit,1362850.44,2023-11-21,Pending
T06471,243,451,Deposit,715274.06,2025-01-03,Failed
T06472,119,96,Bill Payment,61824.94,2022-12-07,Failed
T06473,133,228,Transfer,2132869.58,2023-01-22,Pending
T06474,112,270,Deposit,622703.68,2024-01-20,Failed
T06475,388,551,Withdrawal,524248.47,2023-02-03,Completed
T06476,234,319,Deposit,617483.27,2023-09-05,Pending
T06477,79,53,Deposit,1505209.21,2024-12-19,Completed
T06478,38,664,Transfer,2552569.89,2023-03-04,Completed
T06479,29,411,Bill Payment,11471.7,2023-03-11,Failed
T06480,188,403,Deposit,1487437.33,2023-09-28,Failed
T06481,156,655,Bill Payment,87846.31,2025-01-07,Pending
T06482,122,633,Bill Payment,53818.91,2024-05-25,Completed
T06483,139,238,Transfer,2412987.53,2023-07-26,Failed
T06484,344,274,Transfer,1279341.88,2023-08-01,Pending
T06485,112,270,Bill Payment,97635.04,2024-12-30,Failed
T06486,132,301,Deposit,1830001.38,2025-07-21,Completed
T06487,254,434,Bill Payment,95382.51,2023-10-26,Completed
T06488,189,68,Bill Payment,21871.13,2025-03-08,Completed
T06489,214,628,Transfer,1439557.62,2025-06-02,Pending
T06490,119,519,Withdrawal,4343151.61,2023-07-09,Pending
T06491,363,597,Bill Payment,36668.54,2025-02-18,Failed
T06492,289,165,Withdrawal,3313069.38,2025-02-18,Completed
T06493,196,107,Bill Payment,96177.02,2024-07-10,Failed
T06494,421,214,Deposit,273841.96,2023-03-17,Completed
T06495,132,340,Transfer,2765339.09,2025-06-23,Failed
T06496,115,312,Withdrawal,4979652.91,2025-03-18,Completed
T06497,89,233,Withdrawal,1501129.43,2024-04-13,Pending
T06498,231,382,Deposit,1100205.42,2025-08-17,Failed
T06499,208,261,Withdrawal,2915806.66,2024-09-16,Pending
T06500,226,25,Bill Payment,91047.16,2025-09-30,Pending
T06501,233,299,Bill Payment,84671.25,2025-08-03,Failed
T06502,208,261,Bill Payment,17750.93,2024-07-29,Completed
T06503,170,354,Transfer,1634535.66,2023-03-15,Failed
T06504,303,85,Bill Payment,26846.7,2023-06-21,Failed
T06505,247,118,Bill Payment,6457.84,2023-07-12,Completed
T06506,288,345,Deposit,1896635.02,2025-02-05,Completed
T06507,259,79,Deposit,809276.74,2024-06-19,Failed
T06508,74,74,Transfer,2673775.39,2024-11-27,Completed
T06509,141,234,Transfer,2513412.51,2024-03-12,Failed
T06510,230,492,Bill Payment,69935.14,2025-07-22,Completed
T06511,361,605,Transfer,2451986.65,2023-06-07,Completed
T06512,395,499,Bill Payment,28851.37,2025-01-11,Failed
T06513,153,132,Withdrawal,2680536.67,2025-04-23,Pending
T06514,150,681,Withdrawal,4855496.07,2024-08-23,Completed
T06515,305,156,Bill Payment,96178.15,2024-04-04,Failed
T06516,73,357,Deposit,1150488.37,2024-02-06,Failed
T06517,59,600,Bill Payment,70737.31,2025-02-05,Completed
T06518,446,120,Withdrawal,2078664.99,2024-02-21,Pending
T06519,82,471,Deposit,1199766.48,2024-05-04,Pending
T06520,327,426,Bill Payment,43607.19,2024-07-06,Completed
T06521,216,2,Withdrawal,4986912.07,2025-06-14,Failed
T06522,484,404,Withdrawal,1390146.33,2024-08-03,Completed
T06523,172,138,Withdrawal,669063.92,2024-02-19,Failed
T06524,33,226,Transfer,1841348.82,2025-05-07,Failed
T06525,39,41,Deposit,1799338.93,2023-10-13,Completed
T06526,193,449,Bill Payment,55417.3,2025-02-25,Pending
T06527,425,500,Transfer,1851782.33,2025-01-29,Completed
T06528,119,97,Bill Payment,86438,2023-09-02,Failed
T06529,74,74,Transfer,449584.95,2024-05-09,Pending
T06530,473,283,Bill Payment,12117.73,2025-02-05,Pending
T06531,251,28,Withdrawal,1057232.47,2023-11-03,Pending
T06532,55,65,Bill Payment,30474.14,2024-04-16,Pending
T06533,188,370,Bill Payment,88180.04,2024-09-06,Completed
T06534,145,386,Deposit,220532.32,2024-08-30,Pending
T06535,327,253,Bill Payment,75185.63,2024-06-12,Pending
T06536,489,224,Deposit,1135439.5,2022-10-05,Pending
T06537,67,659,Bill Payment,89373.43,2022-11-27,Failed
T06538,230,343,Transfer,1748152.18,2023-12-20,Completed
T06539,156,655,Withdrawal,2430352.05,2025-04-17,Pending
T06540,214,385,Transfer,2435772.48,2022-10-30,Pending
T06541,100,623,Deposit,53138.45,2024-12-17,Failed
T06542,220,332,Deposit,1945619.07,2023-05-02,Failed
T06543,230,343,Transfer,191105.87,2024-01-16,Failed
T06544,421,214,Transfer,2338572.91,2022-10-15,Failed
T06545,207,262,Bill Payment,48163,2024-01-14,Completed
T06546,198,547,Withdrawal,2863741.9,2023-09-14,Pending
T06547,185,481,Withdrawal,4783553.65,2023-09-03,Completed
T06548,336,259,Transfer,828341.99,2024-02-06,Failed
T06549,108,86,Transfer,2060069.9,2022-11-07,Pending
T06550,479,595,Withdrawal,744935.69,2025-09-10,Completed
T06551,247,118,Transfer,2090198.52,2023-12-07,Failed
T06552,409,469,Bill Payment,59005.58,2025-02-11,Pending
T06553,121,219,Deposit,268459.16,2024-12-07,Failed
T06554,84,9,Transfer,42385.05,2025-02-15,Pending
T06555,217,293,Withdrawal,2204620.47,2025-03-09,Failed
T06556,37,446,Bill Payment,9566.38,2025-03-10,Completed
T06557,433,54,Transfer,1506394.34,2023-06-02,Completed
T06558,481,103,Bill Payment,96506.42,2023-02-28,Completed
T06559,272,320,Withdrawal,2911903.21,2022-12-02,Pending
T06560,127,95,Deposit,500716.18,2024-09-19,Pending
T06561,387,493,Bill Payment,17165.94,2024-04-09,Completed
T06562,296,16,Bill Payment,79863.34,2023-06-04,Completed
T06563,179,562,Bill Payment,9822.05,2023-05-08,Failed
T06564,90,688,Bill Payment,63123.09,2023-11-20,Pending
T06565,254,434,Transfer,387057.31,2024-04-27,Pending
T06566,242,55,Bill Payment,64267.25,2025-03-27,Failed
T06567,137,3,Withdrawal,4318760.5,2023-10-28,Failed
T06568,445,673,Withdrawal,1222711.21,2023-10-01,Failed
T06569,74,74,Transfer,2826226.08,2023-11-07,Completed
T06570,70,201,Deposit,808786.63,2024-01-14,Completed
T06571,490,190,Withdrawal,272094.94,2023-02-24,Failed
T06572,483,443,Transfer,2930432,2025-03-09,Failed
T06573,376,344,Deposit,1350722.6,2024-06-17,Completed
T06574,119,173,Transfer,2222830.88,2025-03-07,Completed
T06575,25,297,Withdrawal,137515.18,2023-09-07,Pending
T06576,230,492,Deposit,206642.04,2023-02-01,Completed
T06577,13,263,Transfer,2215736.76,2024-02-21,Failed
T06578,200,146,Deposit,191349.23,2024-10-23,Pending
T06579,11,435,Withdrawal,1029827.51,2023-06-30,Failed
T06580,193,532,Withdrawal,644496.24,2024-11-01,Completed
T06581,3,285,Deposit,63498.56,2025-09-10,Pending
T06582,139,238,Withdrawal,921761.95,2025-09-30,Completed
T06583,343,49,Transfer,1133653.27,2025-03-18,Failed
T06584,106,29,Deposit,1921780.14,2023-03-02,Failed
T06585,382,629,Deposit,1700747.59,2025-04-16,Completed
T06586,1,213,Transfer,1602788.16,2025-06-28,Completed
T06587,68,229,Deposit,385289.96,2024-01-14,Failed
T06588,82,179,Transfer,545015.62,2022-12-02,Pending
T06589,446,120,Withdrawal,792460.99,2025-03-18,Failed
T06590,219,613,Transfer,1006937.42,2024-05-19,Pending
T06591,394,696,Transfer,1000103.07,2023-02-03,Completed
T06592,115,312,Withdrawal,2503485.91,2022-12-30,Pending
T06593,416,306,Bill Payment,42876.86,2024-03-07,Completed
T06594,259,178,Transfer,1751157.67,2024-03-28,Pending
T06595,205,440,Withdrawal,1338845.82,2024-08-09,Failed
T06596,62,56,Transfer,742927.89,2024-07-13,Pending
T06597,441,652,Bill Payment,62547.73,2023-04-10,Completed
T06598,313,284,Transfer,532452.15,2023-09-22,Pending
T06599,139,238,Transfer,1214595.19,2025-07-15,Completed
T06600,230,343,Withdrawal,4986396.78,2025-04-27,Pending
T06601,388,380,Transfer,1688380.29,2022-10-22,Completed
T06602,344,274,Bill Payment,76426.66,2025-06-15,Pending
T06603,131,162,Transfer,2362708.86,2025-06-13,Failed
T06604,306,524,Deposit,1239367.25,2024-05-21,Pending
T06605,404,427,Transfer,316126.54,2022-12-28,Pending
T06606,287,379,Withdrawal,1246818.76,2024-01-21,Failed
T06607,388,380,Withdrawal,1443429.44,2024-12-27,Pending
T06608,24,278,Bill Payment,43486.79,2022-12-07,Pending
T06609,353,683,Withdrawal,1690981.27,2024-02-13,Failed
T06610,479,595,Bill Payment,12815.45,2025-01-20,Failed
T06611,357,591,Transfer,2243939.03,2025-02-28,Completed
T06612,25,297,Withdrawal,4387271.22,2023-05-25,Failed
T06613,190,398,Bill Payment,92385.52,2024-02-24,Completed
T06614,477,305,Deposit,677840.15,2024-11-23,Completed
T06615,103,161,Bill Payment,86354.79,2025-09-22,Failed
T06616,375,429,Withdrawal,3724988.37,2023-09-12,Failed
T06617,414,230,Transfer,814724.62,2023-05-30,Failed
T06618,394,294,Bill Payment,54898.02,2022-12-22,Failed
T06619,205,440,Withdrawal,3344110.67,2025-08-16,Completed
T06620,242,423,Deposit,786896.11,2024-06-06,Failed
T06621,474,151,Transfer,1696737.53,2024-08-27,Failed
T06622,156,655,Withdrawal,3079939.67,2025-04-16,Failed
T06623,62,674,Deposit,830853.48,2025-03-16,Pending
T06624,414,230,Deposit,203461.47,2024-11-27,Failed
T06625,96,672,Withdrawal,3473496.38,2023-02-21,Completed
T06626,421,30,Withdrawal,116584.02,2023-09-14,Completed
T06627,262,486,Withdrawal,1898318.4,2024-08-05,Pending
T06628,496,171,Deposit,1885998.21,2023-12-29,Pending
T06629,434,550,Bill Payment,81470.37,2024-06-08,Failed
T06630,492,20,Withdrawal,1933600.85,2023-05-22,Pending
T06631,477,588,Withdrawal,590005.33,2023-04-28,Completed
T06632,217,293,Bill Payment,78397.06,2024-03-10,Failed
T06633,477,305,Bill Payment,39746.37,2023-02-10,Pending
T06634,246,658,Transfer,2515066.71,2024-10-13,Failed
T06635,348,593,Withdrawal,1943613.48,2025-03-10,Failed
T06636,47,304,Transfer,2252082.54,2022-12-20,Completed
T06637,405,196,Deposit,920288.97,2025-02-02,Failed
T06638,59,600,Transfer,34538.81,2024-06-16,Pending
T06639,291,587,Transfer,1517128.51,2023-11-16,Failed
T06640,331,82,Deposit,363453.38,2023-02-14,Pending
T06641,259,393,Transfer,1701687.3,2024-06-15,Completed
T06642,462,636,Bill Payment,45204.63,2024-11-22,Failed
T06643,98,27,Bill Payment,68224.61,2024-08-09,Failed
T06644,414,230,Withdrawal,1643854.19,2025-09-23,Failed
T06645,400,114,Deposit,210206.08,2023-04-25,Pending
T06646,267,111,Withdrawal,1750171.84,2023-05-02,Failed
T06647,106,29,Deposit,803003.54,2024-10-21,Failed
T06648,327,253,Transfer,2194279.13,2025-02-19,Completed
T06649,380,84,Withdrawal,1132880.63,2023-08-08,Pending
T06650,318,279,Withdrawal,2381713.97,2024-10-31,Failed
T06651,60,430,Bill Payment,65713.47,2024-06-10,Completed
T06652,265,281,Deposit,563252.97,2025-07-14,Failed
T06653,441,559,Transfer,266288.42,2025-03-10,Completed
T06654,321,73,Bill Payment,49413.02,2023-08-05,Completed
T06655,83,39,Deposit,1987954.04,2025-02-22,Failed
T06656,89,94,Deposit,801213.17,2025-05-18,Pending
T06657,348,593,Deposit,1543432.29,2024-12-27,Completed
T06658,272,320,Withdrawal,4468266.6,2023-10-22,Completed
T06659,174,155,Bill Payment,85336.26,2023-10-16,Completed
T06660,417,414,Deposit,1496105.46,2023-01-24,Completed
T06661,462,636,Deposit,493272.38,2023-11-22,Completed
T06662,8,125,Withdrawal,1289826.98,2024-08-03,Failed
T06663,135,338,Transfer,1660774.91,2024-02-19,Completed
T06664,393,62,Withdrawal,1596938.18,2025-09-02,Completed
T06665,86,436,Deposit,1390870.21,2025-03-17,Failed
T06666,90,688,Deposit,971584.1,2023-02-21,Failed
T06667,481,103,Withdrawal,4603982.72,2023-03-28,Pending
T06668,341,61,Deposit,648189.02,2025-08-13,Pending
T06669,115,102,Deposit,1581536.02,2024-07-08,Completed
T06670,280,209,Withdrawal,3913671.75,2024-07-23,Completed
T06671,363,597,Transfer,2778705.38,2024-04-24,Completed
T06672,424,139,Transfer,2718683.56,2024-03-29,Failed
T06673,286,5,Withdrawal,4853276.57,2023-07-27,Failed
T06674,280,569,Deposit,579011.7,2024-02-15,Completed
T06675,358,136,Bill Payment,85123.33,2024-03-23,Pending
T06676,378,325,Withdrawal,4543286.08,2025-04-14,Failed
T06677,355,77,Withdrawal,4848794.32,2025-07-19,Pending
T06678,7,523,Transfer,1472833.06,2022-11-11,Pending
T06679,262,439,Withdrawal,3026376.33,2024-01-21,Completed
T06680,351,568,Deposit,75499.69,2023-06-24,Failed
T06681,253,512,Transfer,1844191.27,2024-03-31,Completed
T06682,62,674,Bill Payment,12299.21,2025-05-19,Failed
T06683,394,294,Withdrawal,1248268.47,2024-08-21,Completed
T06684,199,122,Transfer,852234.69,2025-05-30,Completed
T06685,404,78,Withdrawal,412923.45,2023-05-19,Pending
T06686,489,224,Transfer,154671.8,2024-08-19,Failed
T06687,341,680,Bill Payment,96584.59,2022-12-13,Completed
T06688,190,398,Deposit,813336.65,2023-10-02,Pending
T06689,467,353,Transfer,502078.48,2023-08-11,Pending
T06690,385,180,Bill Payment,73985.41,2025-09-03,Completed
T06691,137,3,Withdrawal,3165349.92,2024-05-07,Pending
T06692,395,499,Deposit,1868507.35,2023-06-04,Pending
T06693,59,598,Transfer,1562028.94,2023-02-15,Pending
T06694,86,437,Bill Payment,60490.45,2023-03-28,Failed
T06695,399,584,Withdrawal,4905827.11,2022-12-28,Completed
T06696,287,379,Deposit,1181898.73,2023-10-17,Failed
T06697,340,349,Bill Payment,45196.63,2025-05-26,Failed
T06698,428,412,Withdrawal,1828735.97,2023-05-22,Failed
T06699,47,304,Withdrawal,4258837.17,2023-12-25,Completed
T06700,290,460,Deposit,911641.63,2022-10-26,Pending
T06701,417,414,Withdrawal,3802347.81,2024-03-21,Pending
T06702,195,415,Transfer,78158.04,2025-09-16,Pending
T06703,84,9,Bill Payment,2353.28,2023-03-26,Completed
T06704,303,85,Transfer,2577134.77,2024-01-21,Failed
T06705,67,282,Deposit,1677745.03,2024-09-03,Completed
T06706,414,388,Bill Payment,86128.48,2024-10-05,Pending
T06707,447,42,Bill Payment,77825.13,2022-11-09,Completed
T06708,196,6,Deposit,1936845.07,2024-03-03,Pending
T06709,256,419,Deposit,1344795.47,2023-08-25,Completed
T06710,381,498,Withdrawal,2681956.87,2025-01-17,Completed
T06711,310,484,Bill Payment,16933.2,2023-08-30,Failed
T06712,400,114,Deposit,702673.12,2023-08-17,Failed
T06713,261,166,Withdrawal,1147612.99,2025-01-30,Failed
T06714,430,152,Withdrawal,875771.15,2024-12-25,Completed
T06715,149,291,Deposit,1072332.05,2023-11-10,Pending
T06716,463,335,Withdrawal,2630518.18,2025-02-03,Pending
T06717,166,621,Transfer,96333.37,2024-10-24,Pending
T06718,127,95,Deposit,1452716.63,2025-05-29,Failed
T06719,479,275,Bill Payment,60573.42,2023-05-12,Completed
T06720,141,234,Transfer,2669775.6,2025-09-18,Completed
T06721,482,119,Withdrawal,1735799.34,2025-09-24,Completed
T06722,477,322,Withdrawal,1594103.42,2025-08-08,Pending
T06723,239,150,Withdrawal,3830951.2,2022-11-02,Failed
T06724,305,607,Withdrawal,4617755.28,2024-05-12,Completed
T06725,388,448,Transfer,353421.72,2025-03-28,Failed
T06726,150,681,Transfer,2869529.32,2025-07-31,Failed
T06727,447,42,Bill Payment,52466.67,2024-12-31,Completed
T06728,199,131,Deposit,1703048.87,2022-12-11,Completed
T06729,457,308,Deposit,1244308.32,2023-11-05,Failed
T06730,135,338,Withdrawal,1507110.15,2023-06-26,Failed
T06731,70,341,Withdrawal,3933430.02,2023-01-06,Failed
T06732,156,98,Transfer,864089.67,2023-12-20,Failed
T06733,45,420,Bill Payment,28854.92,2023-08-12,Failed
T06734,153,132,Deposit,350984.71,2025-09-21,Failed
T06735,7,523,Withdrawal,113841.52,2025-05-21,Completed
T06736,467,353,Bill Payment,98135.75,2023-11-30,Failed
T06737,246,658,Deposit,1347540.32,2022-12-26,Completed
T06738,434,476,Deposit,1335434.97,2024-09-26,Completed
T06739,133,228,Bill Payment,25133.04,2025-07-18,Completed
T06740,448,413,Deposit,638213.52,2022-10-17,Pending
T06741,43,566,Transfer,2873486.01,2023-01-16,Pending
T06742,231,382,Transfer,2093769.29,2024-05-30,Completed
T06743,360,558,Transfer,560124.14,2025-07-26,Failed
T06744,305,1,Bill Payment,60314.01,2023-11-30,Pending
T06745,497,581,Deposit,1379096.16,2025-07-30,Pending
T06746,491,157,Bill Payment,1575.79,2025-07-26,Completed
T06747,270,50,Bill Payment,33222.79,2024-04-16,Pending
T06748,356,247,Withdrawal,2262283.18,2023-03-21,Pending
T06749,196,381,Bill Payment,89378.62,2022-11-03,Completed
T06750,69,409,Transfer,432132.93,2024-01-02,Pending
T06751,119,96,Withdrawal,2091855.25,2025-07-09,Failed
T06752,115,71,Transfer,1763443.79,2024-05-27,Failed
T06753,346,60,Withdrawal,1789214.03,2023-09-29,Failed
T06754,282,21,Transfer,583756.6,2024-05-18,Failed
T06755,69,409,Withdrawal,3201098.53,2024-12-02,Pending
T06756,427,303,Transfer,904231.29,2023-03-08,Pending
T06757,387,185,Transfer,2408220.74,2024-02-07,Completed
T06758,237,545,Transfer,2026098.7,2024-10-26,Completed
T06759,372,145,Transfer,522739.65,2025-04-19,Pending
T06760,489,525,Deposit,1533701.32,2025-01-07,Pending
T06761,331,82,Bill Payment,70972.86,2023-02-18,Pending
T06762,400,114,Transfer,1026353.03,2023-07-21,Pending
T06763,170,615,Deposit,655592.51,2023-08-09,Pending
T06764,223,323,Bill Payment,28250.68,2024-11-20,Failed
T06765,421,30,Bill Payment,17494.31,2024-09-15,Pending
T06766,308,577,Bill Payment,1593.14,2025-02-21,Pending
T06767,296,169,Transfer,1356809.1,2022-11-07,Completed
T06768,121,219,Withdrawal,3286137.7,2022-12-05,Failed
T06769,17,347,Transfer,1076829.58,2023-10-24,Completed
T06770,303,85,Transfer,1920287.8,2025-01-04,Completed
T06771,111,538,Bill Payment,22713.35,2024-01-21,Pending
T06772,282,21,Withdrawal,3025899.23,2024-03-06,Pending
T06773,16,189,Deposit,885522.41,2024-11-04,Completed
T06774,381,498,Transfer,2853859.8,2024-06-07,Failed
T06775,270,143,Withdrawal,133187.59,2023-06-05,Completed
T06776,269,418,Bill Payment,54203.25,2022-11-02,Completed
T06777,228,123,Transfer,2053648.86,2024-03-26,Failed
T06778,416,181,Bill Payment,38306.73,2025-09-02,Completed
T06779,73,487,Deposit,792732.06,2024-04-03,Completed
T06780,429,364,Deposit,1942367.35,2024-04-09,Completed
T06781,422,237,Withdrawal,2501058.24,2025-06-02,Pending
T06782,237,545,Transfer,23266,2024-01-17,Completed
T06783,324,47,Bill Payment,9612.44,2023-10-06,Failed
T06784,270,50,Deposit,1153120.22,2024-11-21,Failed
T06785,452,250,Withdrawal,1868985.35,2023-12-07,Completed
T06786,375,502,Bill Payment,8566.79,2023-01-09,Completed
T06787,137,3,Deposit,1292432.23,2025-06-03,Completed
T06788,163,596,Transfer,1291145.6,2023-11-09,Pending
T06789,239,150,Withdrawal,4208590.05,2024-05-28,Pending
T06790,183,694,Transfer,2100191.61,2022-11-19,Completed
T06791,398,527,Transfer,1062015.14,2025-02-13,Failed
T06792,207,317,Deposit,1454324.66,2023-12-14,Failed
T06793,145,637,Withdrawal,1135295.58,2023-09-20,Pending
T06794,467,353,Withdrawal,684445.44,2023-05-28,Completed
T06795,303,85,Bill Payment,65123.87,2024-03-18,Pending
T06796,62,477,Deposit,570085.22,2024-06-06,Pending
T06797,25,297,Bill Payment,73418.3,2025-07-21,Completed
T06798,134,455,Deposit,1564851.48,2023-05-06,Completed
T06799,39,630,Transfer,2834970.24,2023-02-18,Pending
T06800,70,201,Deposit,1840033.41,2024-05-20,Failed
T06801,437,463,Bill Payment,42848.03,2024-12-21,Pending
T06802,262,439,Transfer,175710.74,2025-08-23,Completed
T06803,315,675,Bill Payment,64845.45,2025-05-13,Pending
T06804,114,69,Withdrawal,133487.06,2025-06-02,Failed
T06805,476,164,Deposit,1642823.09,2025-09-05,Failed
T06806,322,329,Bill Payment,54789.25,2023-09-23,Pending
T06807,154,679,Deposit,1594408.57,2024-07-14,Failed
T06808,393,62,Withdrawal,661095.09,2023-10-13,Completed
T06809,497,692,Deposit,781887.79,2025-03-12,Failed
T06810,79,561,Bill Payment,2501.64,2023-05-30,Failed
T06811,297,490,Bill Payment,20529.33,2024-07-28,Completed
T06812,424,139,Withdrawal,992914.1,2024-02-02,Pending
T06813,295,127,Transfer,1757528.26,2025-05-02,Completed
T06814,355,142,Bill Payment,81891.67,2024-02-28,Failed
T06815,287,292,Transfer,1242548.17,2024-09-01,Pending
T06816,108,86,Deposit,572490.97,2025-01-24,Completed
T06817,166,621,Transfer,578099.1,2023-04-27,Completed
T06818,421,30,Withdrawal,2268325.81,2023-08-22,Pending
T06819,142,252,Withdrawal,4368633.65,2025-07-14,Failed
T06820,265,75,Withdrawal,716862.93,2023-05-08,Pending
T06821,467,353,Bill Payment,38060.94,2025-03-25,Completed
T06822,390,130,Bill Payment,75521.08,2025-01-22,Failed
T06823,173,265,Deposit,982032.07,2025-09-01,Failed
T06824,92,207,Bill Payment,41332.18,2023-08-15,Failed
T06825,74,74,Transfer,2686602.57,2023-05-07,Failed
T06826,270,143,Deposit,188948.04,2024-01-28,Pending
T06827,441,684,Deposit,1629142.97,2025-09-08,Pending
T06828,153,168,Bill Payment,39352.64,2025-10-04,Completed
T06829,60,442,Bill Payment,86593.28,2024-12-26,Completed
T06830,278,378,Deposit,1611061.54,2023-05-03,Pending
T06831,240,188,Transfer,948110.07,2024-08-03,Pending
T06832,33,226,Withdrawal,2445555.73,2023-05-18,Pending
T06833,227,689,Bill Payment,31470.14,2025-07-20,Pending
T06834,382,629,Bill Payment,97745.04,2025-02-28,Pending
T06835,56,542,Bill Payment,51179.8,2023-06-07,Failed
T06836,86,437,Withdrawal,824268.95,2024-02-10,Failed
T06837,379,295,Transfer,2491467.69,2023-01-18,Completed
T06838,181,315,Bill Payment,62584.88,2025-02-16,Pending
T06839,196,6,Bill Payment,57901.59,2025-01-09,Failed
T06840,375,429,Transfer,1149540.98,2023-04-06,Pending
T06841,177,113,Withdrawal,4092298.74,2023-07-18,Completed
T06842,96,432,Withdrawal,3753718.39,2024-02-10,Pending
T06843,188,505,Withdrawal,2986787.95,2023-05-19,Completed
T06844,84,328,Deposit,1227970.96,2022-11-19,Failed
T06845,384,221,Transfer,2054602.04,2024-02-12,Pending
T06846,355,142,Deposit,262415.33,2024-07-09,Completed
T06847,85,309,Bill Payment,86880.79,2024-07-04,Failed
T06848,196,381,Deposit,372499.9,2024-01-19,Completed
T06849,382,300,Bill Payment,46200.76,2024-08-23,Failed
T06850,72,685,Deposit,574105.55,2025-06-20,Pending
T06851,188,505,Bill Payment,85811.16,2023-12-04,Completed
T06852,82,383,Deposit,1728105.86,2023-05-29,Pending
T06853,96,672,Deposit,918181.46,2023-07-23,Completed
T06854,320,236,Withdrawal,468942.56,2023-03-19,Pending
T06855,280,569,Withdrawal,3871082.15,2023-04-27,Completed
T06856,472,456,Withdrawal,3467384.16,2023-07-18,Failed
T06857,361,277,Transfer,192561.84,2022-11-14,Pending
T06858,425,500,Bill Payment,76617.14,2025-05-12,Pending
T06859,201,13,Bill Payment,19793.32,2025-05-20,Failed
T06860,258,225,Withdrawal,4243663.11,2023-11-23,Failed
T06861,86,437,Withdrawal,22717.12,2025-05-02,Completed
T06862,355,142,Withdrawal,136306.09,2025-03-03,Completed
T06863,202,693,Transfer,1510387.68,2025-05-13,Pending
T06864,390,130,Bill Payment,81728.97,2023-09-28,Failed
T06865,280,209,Withdrawal,4964263.43,2025-04-18,Completed
T06866,254,434,Bill Payment,67601.94,2023-09-30,Pending
T06867,259,24,Withdrawal,4692585.42,2023-09-28,Failed
T06868,498,554,Bill Payment,49926.66,2025-09-06,Failed
T06869,123,654,Deposit,1394775.07,2022-11-14,Pending
T06870,84,9,Transfer,1920524.91,2024-04-15,Pending
T06871,347,622,Transfer,2672012.3,2023-02-05,Failed
T06872,223,137,Deposit,1124801.37,2025-09-07,Pending
T06873,60,430,Transfer,1704993.63,2024-10-14,Completed
T06874,297,117,Withdrawal,728711.12,2023-05-01,Failed
T06875,287,379,Deposit,1816239.5,2024-11-23,Completed
T06876,264,384,Deposit,1649827.9,2025-05-01,Completed
T06877,226,80,Deposit,1797894.52,2024-10-02,Pending
T06878,63,401,Deposit,950649.29,2025-07-10,Failed
T06879,246,658,Deposit,1082016.29,2024-05-07,Completed
T06880,388,222,Deposit,572039.58,2023-07-17,Failed
T06881,151,70,Deposit,564050.13,2024-05-28,Pending
T06882,111,248,Deposit,697467.62,2024-11-06,Pending
T06883,422,522,Transfer,228005.46,2024-10-10,Completed
T06884,3,339,Withdrawal,2612680.98,2023-05-06,Failed
T06885,73,106,Transfer,1545397.25,2023-06-16,Completed
T06886,90,489,Transfer,1374515.4,2023-08-01,Pending
T06887,376,518,Deposit,394571.44,2023-09-21,Failed
T06888,156,655,Deposit,206667.04,2022-11-24,Pending
T06889,375,529,Transfer,1144608.81,2024-06-30,Pending
T06890,177,113,Bill Payment,84095.41,2022-10-28,Pending
T06891,88,563,Transfer,108757.03,2023-11-28,Failed
T06892,83,39,Withdrawal,4442997.7,2024-07-07,Failed
T06893,73,106,Bill Payment,89756.03,2023-09-15,Failed
T06894,7,573,Withdrawal,2419180.47,2025-08-12,Completed
T06895,198,447,Deposit,213852.83,2023-08-16,Failed
T06896,383,399,Bill Payment,98097.17,2023-08-18,Failed
T06897,117,433,Deposit,170832.31,2023-01-15,Failed
T06898,57,482,Bill Payment,43910.22,2023-07-07,Failed
T06899,338,534,Withdrawal,3320313.94,2024-08-17,Completed
T06900,423,424,Deposit,953242.55,2025-05-20,Completed
T06901,322,329,Deposit,666012.5,2024-11-04,Failed
T06902,1,213,Transfer,569179.14,2025-09-07,Pending
T06903,487,660,Deposit,1176330.87,2024-02-21,Pending
T06904,218,336,Bill Payment,70588.37,2024-09-14,Failed
T06905,287,379,Withdrawal,1824365.42,2023-10-23,Completed
T06906,159,254,Withdrawal,1412161.03,2024-07-30,Pending
T06907,326,410,Withdrawal,472227.47,2024-06-24,Failed
T06908,37,494,Transfer,1678894.41,2022-12-08,Completed
T06909,420,698,Transfer,1618507.86,2025-05-06,Pending
T06910,86,436,Bill Payment,54850.5,2024-05-17,Failed
T06911,421,214,Deposit,1629667.11,2024-02-03,Completed
T06912,480,7,Withdrawal,3943676.86,2024-06-08,Pending
T06913,276,210,Withdrawal,4504849.75,2025-05-11,Pending
T06914,474,184,Bill Payment,75419.58,2025-03-11,Pending
T06915,305,607,Withdrawal,1275976.28,2025-04-14,Completed
T06916,123,654,Transfer,2433112.88,2025-01-14,Failed
T06917,26,63,Withdrawal,1600356.05,2024-12-28,Failed
T06918,388,380,Transfer,1279694.08,2025-06-27,Completed
T06919,286,5,Bill Payment,81836.63,2025-10-02,Completed
T06920,207,549,Bill Payment,12593.66,2022-12-03,Failed
T06921,84,9,Bill Payment,76576.02,2024-12-21,Completed
T06922,280,569,Withdrawal,4750705.11,2023-03-23,Pending
T06923,185,481,Bill Payment,91993.4,2024-09-05,Completed
T06924,181,124,Transfer,421055.55,2024-09-13,Completed
T06925,387,493,Bill Payment,19922.11,2022-12-09,Failed
T06926,26,63,Deposit,885449.46,2023-10-21,Completed
T06927,239,150,Deposit,96575.89,2024-12-18,Completed
T06928,499,286,Withdrawal,968117.1,2025-01-17,Failed
T06929,304,298,Bill Payment,21738.97,2024-06-10,Failed
T06930,433,54,Transfer,2216708.7,2022-12-04,Pending
T06931,154,679,Bill Payment,98547.02,2025-02-17,Completed
T06932,256,634,Bill Payment,93474.09,2024-05-28,Failed
T06933,406,594,Bill Payment,10922.81,2024-12-14,Pending
T06934,297,625,Bill Payment,35051.71,2025-06-10,Pending
T06935,448,413,Bill Payment,40731.29,2022-12-20,Completed
T06936,347,622,Bill Payment,52449.12,2023-07-26,Completed
T06937,342,200,Transfer,2337046.57,2023-12-31,Completed
T06938,239,18,Transfer,457441.25,2024-08-17,Pending
T06939,355,142,Bill Payment,68246.86,2024-06-14,Pending
T06940,70,201,Bill Payment,62451.89,2024-01-21,Failed
T06941,63,187,Withdrawal,4189105.09,2023-12-23,Failed
T06942,404,78,Transfer,732009.8,2024-09-20,Failed
T06943,237,14,Bill Payment,2222.99,2023-06-20,Failed
T06944,287,292,Bill Payment,67209.01,2024-07-22,Pending
T06945,397,52,Deposit,669482.58,2024-01-05,Failed
T06946,267,601,Deposit,165690.75,2025-05-14,Pending
T06947,83,39,Deposit,88190.51,2022-12-28,Pending
T06948,305,156,Bill Payment,990.44,2025-09-10,Failed
T06949,156,34,Withdrawal,2007227.24,2024-12-16,Failed
T06950,328,586,Withdrawal,3347453.78,2023-05-13,Pending
T06951,288,345,Bill Payment,86365.35,2024-09-24,Completed
T06952,33,226,Transfer,867422.64,2025-07-04,Failed
T06953,300,212,Transfer,1476243.83,2024-09-05,Completed
T06954,170,615,Withdrawal,539876.97,2023-02-22,Failed
T06955,448,413,Bill Payment,57056.42,2024-11-20,Pending
T06956,102,394,Withdrawal,4851525.66,2023-03-29,Failed
T06957,376,518,Bill Payment,98496.62,2023-07-11,Pending
T06958,149,291,Withdrawal,4061752.91,2025-04-01,Completed
T06959,1,213,Deposit,1884851.3,2025-09-20,Pending
T06960,270,143,Bill Payment,42385.93,2025-01-30,Completed
T06961,36,531,Withdrawal,1552579.34,2023-05-03,Failed
T06962,88,342,Transfer,2575005.15,2024-06-06,Failed
T06963,496,171,Bill Payment,67014.07,2024-07-08,Pending
T06964,137,3,Deposit,1621782.59,2024-02-19,Failed
T06965,497,692,Withdrawal,104934.8,2024-09-04,Pending
T06966,150,681,Deposit,173178.21,2022-11-12,Failed
T06967,417,387,Deposit,639599.27,2023-07-09,Failed
T06968,226,25,Transfer,839770.18,2024-09-08,Completed
T06969,324,508,Deposit,801588.46,2025-04-09,Failed
T06970,132,208,Deposit,1758276.94,2023-08-14,Failed
T06971,142,203,Withdrawal,1602020.98,2024-09-10,Pending
T06972,96,672,Withdrawal,1907565.72,2023-02-22,Failed
T06973,86,206,Deposit,179273.62,2023-10-28,Completed
T06974,451,59,Deposit,1178871.14,2024-02-20,Failed
T06975,7,610,Withdrawal,330766.53,2025-09-13,Pending
T06976,338,534,Deposit,1454373.31,2025-07-08,Pending
T06977,237,545,Deposit,347393.6,2023-06-16,Failed
T06978,422,237,Transfer,2097211.42,2023-04-14,Pending
T06979,26,67,Transfer,1631493.53,2023-02-23,Failed
T06980,387,185,Deposit,1243464.25,2023-03-31,Completed
T06981,429,51,Transfer,2118978.22,2024-09-02,Failed
T06982,134,455,Bill Payment,42527.28,2025-06-15,Completed
T06983,105,428,Bill Payment,17122.33,2024-04-20,Failed
T06984,48,26,Deposit,281090.9,2023-02-14,Completed
T06985,22,691,Bill Payment,52039.29,2024-12-26,Pending
T06986,328,586,Transfer,2339539.49,2024-05-23,Failed
T06987,13,263,Bill Payment,84695.74,2024-12-07,Pending
T06988,33,226,Deposit,1987019.59,2025-05-12,Completed
T06989,29,38,Transfer,2042801.52,2023-06-10,Completed
T06990,22,691,Withdrawal,42826.6,2024-05-15,Failed
T06991,199,444,Bill Payment,92993.87,2025-02-05,Failed
T06992,410,459,Transfer,2936206.58,2024-05-18,Completed
T06993,128,572,Deposit,1494118.58,2022-12-12,Completed
T06994,441,684,Bill Payment,60679.77,2023-06-27,Pending
T06995,269,418,Transfer,1943092.64,2024-03-08,Failed
T06996,196,107,Bill Payment,81248.22,2025-03-01,Pending
T06997,250,491,Deposit,1018419.68,2025-07-25,Pending
T06998,287,408,Withdrawal,3291352.04,2023-05-26,Failed
T06999,388,222,Bill Payment,92691.01,2023-06-13,Pending
T07000,360,558,Transfer,74212.1,2023-05-17,Failed
T07001,13,671,Bill Payment,87921.87,2023-07-09,Failed
T07002,261,166,Bill Payment,92439.41,2022-12-23,Completed
T07003,305,607,Withdrawal,921193.17,2024-07-17,Pending
T07004,37,446,Bill Payment,51520.85,2024-01-26,Failed
T07005,121,528,Deposit,1139967.01,2024-01-28,Failed
T07006,342,200,Bill Payment,64393.78,2024-08-28,Completed
T07007,473,405,Transfer,507439.73,2023-12-27,Failed
T07008,223,657,Deposit,927867.21,2025-06-04,Failed
T07009,59,598,Withdrawal,4042309.04,2023-07-12,Failed
T07010,207,549,Deposit,271590.33,2023-04-05,Pending
T07011,204,638,Bill Payment,48079.2,2023-04-27,Completed
T07012,339,445,Transfer,2923607.21,2023-08-16,Pending
T07013,346,390,Transfer,75300.14,2022-10-10,Completed
T07014,463,571,Transfer,2878796.2,2025-05-29,Failed
T07015,48,26,Transfer,88464.09,2023-11-02,Completed
T07016,304,298,Deposit,1546526.78,2022-10-23,Completed
T07017,296,397,Transfer,1448796.41,2024-09-16,Failed
T07018,24,193,Deposit,1906818.07,2024-11-16,Completed
T07019,361,605,Transfer,2602273.99,2024-11-17,Pending
T07020,119,96,Bill Payment,8119.85,2025-01-26,Completed
T07021,157,316,Bill Payment,4033.84,2022-10-13,Failed
T07022,188,370,Deposit,9223.41,2025-05-06,Failed
T07023,16,189,Transfer,809674.25,2024-11-09,Failed
T07024,123,654,Withdrawal,2614742.15,2023-10-09,Pending
T07025,395,575,Bill Payment,35023.12,2023-09-06,Pending
T07026,429,51,Withdrawal,3213159.66,2025-04-06,Completed
T07027,286,604,Withdrawal,91071.24,2025-07-25,Completed
T07028,378,154,Transfer,1901043.46,2024-10-12,Completed
T07029,487,660,Bill Payment,83577.76,2024-09-08,Completed
T07030,58,506,Transfer,513160.63,2024-07-03,Completed
T07031,428,412,Transfer,448129.99,2024-08-21,Completed
T07032,261,166,Withdrawal,4255059.37,2023-02-05,Pending
T07033,194,620,Withdrawal,4104378.24,2025-04-25,Failed
T07034,395,575,Deposit,769191.34,2025-04-24,Completed
T07035,237,14,Bill Payment,63929.97,2022-10-15,Completed
T07036,440,140,Transfer,2356596.34,2023-10-20,Pending
T07037,132,667,Bill Payment,13975.39,2025-02-01,Failed
T07038,477,588,Bill Payment,36411.66,2023-12-11,Pending
T07039,358,651,Transfer,2982429.9,2025-05-24,Failed
T07040,463,335,Bill Payment,88424.55,2025-06-07,Failed
T07041,127,95,Transfer,915574.05,2025-02-17,Failed
T07042,360,612,Transfer,2703923.72,2023-08-23,Failed
T07043,324,508,Transfer,149574.25,2022-12-19,Pending
T07044,477,556,Bill Payment,78919.68,2023-07-19,Pending
T07045,74,662,Transfer,759829.51,2023-05-23,Pending
T07046,258,225,Transfer,991253.92,2022-12-29,Completed
T07047,422,288,Bill Payment,65566.11,2025-07-15,Failed
T07048,434,550,Bill Payment,35458.19,2024-03-30,Failed
T07049,394,204,Transfer,1520276.22,2022-12-01,Pending
T07050,214,576,Withdrawal,3307090.94,2023-05-18,Pending
T07051,13,671,Bill Payment,63035.11,2022-11-24,Pending
T07052,45,507,Withdrawal,2171448.76,2025-08-06,Pending
T07053,261,307,Transfer,721392.55,2025-03-21,Completed
T07054,154,679,Bill Payment,47328.95,2025-04-29,Failed
T07055,476,483,Deposit,1848661.16,2024-01-11,Failed
T07056,304,298,Withdrawal,796181.46,2024-03-02,Failed
T07057,256,419,Withdrawal,3284779.2,2023-02-18,Failed
T07058,185,258,Transfer,731943.22,2022-12-20,Failed
T07059,419,441,Transfer,2599628.5,2023-03-23,Completed
T07060,93,365,Deposit,1526436.36,2024-07-13,Pending
T07061,7,327,Deposit,722675.72,2023-07-08,Failed
T07062,315,33,Withdrawal,2660526.33,2023-06-12,Pending
T07063,53,475,Withdrawal,3664348.98,2025-08-14,Completed
T07064,79,53,Bill Payment,19787.67,2023-12-20,Completed
T07065,426,618,Withdrawal,2836155.65,2025-05-11,Failed
T07066,43,479,Bill Payment,22804.92,2025-07-27,Failed
T07067,375,502,Withdrawal,4222837.17,2025-09-13,Failed
T07068,223,323,Transfer,1904991.19,2025-09-26,Pending
T07069,353,683,Deposit,483757.4,2025-04-16,Completed
T07070,55,65,Bill Payment,13856.96,2025-03-12,Failed
T07071,466,360,Deposit,709017.54,2025-02-24,Failed
T07072,358,136,Deposit,600144.8,2023-07-07,Pending
T07073,259,24,Withdrawal,4797147.8,2024-09-11,Completed
T07074,272,320,Withdrawal,1717745,2025-03-22,Completed
T07075,270,143,Bill Payment,59702.84,2024-04-16,Failed
T07076,227,689,Withdrawal,4121996.46,2022-11-29,Pending
T07077,462,636,Transfer,564678.07,2023-02-26,Failed
T07078,481,103,Deposit,284901.35,2024-01-12,Failed
T07079,341,362,Deposit,549905.07,2024-02-18,Completed
T07080,29,411,Transfer,554359.4,2024-04-29,Pending
T07081,104,271,Withdrawal,2757251.95,2024-05-15,Failed
T07082,346,390,Withdrawal,4030815.66,2023-01-18,Pending
T07083,400,114,Deposit,1047383.38,2024-07-29,Pending
T07084,68,229,Withdrawal,2770482.03,2025-02-06,Failed
T07085,162,359,Transfer,878020.55,2023-01-13,Completed
T07086,146,266,Bill Payment,97682.23,2024-01-02,Failed
T07087,174,641,Deposit,1169408.33,2024-10-05,Pending
T07088,119,97,Deposit,953534.62,2023-05-02,Pending
T07089,467,353,Transfer,938337.14,2023-04-12,Failed
T07090,33,226,Bill Payment,69883.91,2025-09-18,Pending
T07091,424,139,Bill Payment,18729.05,2023-12-05,Completed
T07092,327,426,Bill Payment,20059.65,2024-02-28,Pending
T07093,54,257,Bill Payment,9637.29,2024-12-31,Completed
T07094,241,89,Transfer,2491450.78,2024-07-08,Pending
T07095,254,434,Withdrawal,3805491.69,2024-12-28,Pending
T07096,247,104,Withdrawal,3766533.95,2023-08-26,Completed
T07097,398,527,Transfer,1577394.33,2025-09-19,Failed
T07098,13,671,Bill Payment,39286.27,2023-08-25,Completed
T07099,286,604,Deposit,848080.92,2025-05-12,Completed
T07100,108,86,Bill Payment,24125.84,2023-01-03,Completed
T07101,256,634,Transfer,2849486.22,2023-03-23,Pending
T07102,58,506,Deposit,621873.95,2025-03-10,Completed
T07103,135,338,Withdrawal,4588508.81,2025-06-08,Completed
T07104,183,694,Bill Payment,44127.25,2025-01-03,Failed
T07105,481,103,Withdrawal,4761389.05,2023-02-18,Completed
T07106,422,288,Withdrawal,4139095.49,2024-10-25,Failed
T07107,325,570,Deposit,617498.65,2025-09-08,Pending
T07108,387,93,Transfer,1950813.57,2025-05-01,Completed
T07109,36,149,Transfer,1823616.23,2023-12-25,Completed
T07110,29,411,Transfer,1099120.2,2024-07-29,Failed
T07111,36,149,Withdrawal,3927381.06,2025-05-07,Completed
T07112,393,110,Withdrawal,1277503.15,2024-02-08,Pending
T07113,440,371,Transfer,1324969.46,2023-11-12,Pending
T07114,490,190,Deposit,220843.13,2024-12-29,Pending
T07115,382,300,Deposit,1497099.66,2025-03-16,Failed
T07116,173,265,Withdrawal,4476605.3,2025-05-30,Failed
T07117,132,208,Transfer,746570.42,2024-04-06,Failed
T07118,231,382,Withdrawal,4576842.19,2023-04-24,Completed
T07119,20,40,Withdrawal,3322697.76,2025-05-16,Failed
T07120,51,496,Bill Payment,11958.36,2025-02-25,Failed
T07121,393,110,Transfer,47891.06,2024-11-14,Completed
T07122,463,700,Deposit,1897473.12,2024-12-20,Pending
T07123,194,620,Withdrawal,1949744.45,2025-06-12,Pending
T07124,59,66,Bill Payment,21441.58,2024-11-16,Completed
T07125,422,522,Deposit,1683784.89,2024-11-08,Completed
T07126,39,630,Deposit,1487406.72,2023-07-11,Failed
T07127,342,516,Bill Payment,22935.94,2025-05-08,Failed
T07128,92,160,Withdrawal,490653.17,2023-10-01,Failed
T07129,327,253,Bill Payment,56763.29,2023-12-30,Completed
T07130,183,330,Bill Payment,21861.34,2023-08-01,Pending
T07131,37,446,Bill Payment,11479.44,2022-10-07,Completed
T07132,185,368,Withdrawal,2824835.36,2023-04-06,Failed
T07133,437,463,Bill Payment,197.78,2022-11-11,Failed
T07134,382,300,Transfer,2551402.76,2024-09-26,Failed
T07135,256,634,Deposit,746633.64,2025-06-02,Completed
T07136,41,58,Transfer,822855.06,2023-04-06,Completed
T07137,486,11,Withdrawal,30386.11,2023-08-23,Failed
T07138,417,387,Withdrawal,2802746.16,2025-05-17,Failed
T07139,214,628,Deposit,1774165.18,2024-07-10,Failed
T07140,191,318,Transfer,2641553.04,2024-07-09,Completed
T07141,301,609,Transfer,1509245.26,2022-12-14,Pending
T07142,430,407,Deposit,475860.55,2024-03-06,Completed
T07143,318,279,Deposit,1209371.67,2024-03-31,Failed
T07144,309,211,Transfer,1224556.79,2025-02-21,Failed
T07145,82,471,Transfer,893143.53,2025-06-21,Completed
T07146,434,550,Withdrawal,1201227.95,2023-08-30,Pending
T07147,407,555,Deposit,89784.68,2022-10-22,Completed
T07148,88,563,Withdrawal,2232589.67,2025-06-26,Completed
T07149,270,50,Transfer,300836,2023-08-13,Completed
T07150,422,288,Bill Payment,6104.63,2025-09-10,Failed
T07151,191,318,Withdrawal,745337.37,2023-12-16,Completed
T07152,121,241,Withdrawal,1808948.59,2023-11-04,Completed
T07153,259,178,Deposit,1542011,2023-01-18,Failed
T07154,98,202,Deposit,1763026.95,2024-01-26,Failed
T07155,296,397,Deposit,1447467.82,2024-01-14,Failed
T07156,299,421,Withdrawal,2077264.28,2024-11-30,Completed
T07157,493,244,Deposit,1297201.41,2025-02-05,Failed
T07158,250,491,Withdrawal,3691658.49,2024-02-20,Failed
T07159,201,13,Bill Payment,74933.71,2022-10-14,Failed
T07160,183,314,Bill Payment,42898.23,2023-03-30,Completed
T07161,97,48,Deposit,46757.96,2025-09-04,Completed
T07162,175,83,Transfer,2096398.75,2024-03-05,Completed
T07163,397,52,Bill Payment,91341.14,2024-03-18,Pending
T07164,297,117,Bill Payment,24220.27,2024-06-11,Failed
T07165,99,374,Deposit,1589014.48,2025-03-06,Failed
T07166,312,546,Transfer,313046.58,2025-05-18,Completed
T07167,297,470,Deposit,1058408.11,2022-11-19,Completed
T07168,177,113,Deposit,1244620.45,2023-07-04,Failed
T07169,115,312,Transfer,778995.37,2023-08-02,Pending
T07170,440,431,Bill Payment,14262.63,2024-03-01,Pending
T07171,467,353,Transfer,1168761.17,2024-03-12,Completed
T07172,170,615,Withdrawal,2268144.11,2025-08-14,Pending
T07173,192,81,Withdrawal,2196514.81,2024-10-18,Failed
T07174,446,120,Bill Payment,75033.35,2024-10-11,Pending
T07175,356,247,Transfer,1202675.61,2022-11-29,Completed
T07176,428,412,Bill Payment,92374.29,2025-07-03,Pending
T07177,414,557,Withdrawal,4699838.19,2023-05-03,Pending
T07178,357,373,Bill Payment,20826.58,2024-10-21,Completed
T07179,70,201,Bill Payment,74769.23,2023-06-03,Completed
T07180,497,170,Withdrawal,1087859.61,2025-06-05,Failed
T07181,184,296,Bill Payment,96145.34,2024-09-19,Pending
T07182,477,305,Bill Payment,88586.06,2025-01-16,Completed
T07183,45,507,Bill Payment,20558.87,2024-03-08,Completed
T07184,305,1,Transfer,2854308.51,2024-09-22,Completed
T07185,74,74,Bill Payment,41667.99,2024-07-09,Completed
T07186,416,306,Withdrawal,3131421.12,2022-12-31,Completed
T07187,264,384,Withdrawal,1478312.43,2024-12-22,Completed
T07188,162,116,Bill Payment,99035.96,2024-01-13,Failed
T07189,96,432,Withdrawal,4435988.46,2025-02-28,Pending
T07190,75,269,Bill Payment,2818.59,2025-08-23,Pending
T07191,190,398,Transfer,1131634.48,2024-02-07,Failed
T07192,296,397,Bill Payment,92704.57,2025-02-13,Completed
T07193,417,387,Withdrawal,15946.56,2025-01-14,Pending
T07194,407,555,Withdrawal,2432620.34,2022-11-03,Failed
T07195,223,657,Withdrawal,2008421.23,2023-08-24,Completed
T07196,192,81,Transfer,1730171.09,2025-03-19,Completed
T07197,36,149,Deposit,1322810.62,2025-09-03,Completed
T07198,474,495,Deposit,766911.9,2024-03-03,Failed
T07199,68,229,Transfer,193709.58,2024-04-06,Pending
T07200,397,52,Bill Payment,74308.4,2023-01-15,Failed
T07201,36,149,Deposit,164371.04,2023-05-24,Pending
T07202,166,175,Withdrawal,2568301.33,2023-12-14,Pending
T07203,230,492,Deposit,1037428.48,2022-11-22,Completed
T07204,178,90,Deposit,892976.88,2024-03-14,Failed
T07205,29,411,Deposit,1696040.64,2024-05-09,Pending
T07206,230,343,Bill Payment,52629.45,2025-06-04,Failed
T07207,338,534,Transfer,2497975.96,2025-01-11,Pending
T07208,287,292,Bill Payment,62465.78,2023-06-19,Completed
T07209,89,324,Withdrawal,4649362.55,2025-03-09,Completed
T07210,393,110,Bill Payment,12511.46,2025-05-02,Pending
T07211,267,560,Bill Payment,79073.69,2024-06-01,Pending
T07212,93,365,Deposit,1106007.44,2023-07-23,Failed
T07213,154,679,Deposit,1989804.33,2025-04-16,Completed
T07214,199,444,Deposit,985285.77,2023-04-04,Failed
T07215,476,321,Bill Payment,86170.9,2024-01-26,Completed
T07216,269,418,Withdrawal,4145623.52,2025-10-04,Completed
T07217,357,611,Bill Payment,98108.88,2024-02-05,Pending
T07218,228,361,Bill Payment,81815.81,2022-11-23,Failed
T07219,162,425,Deposit,837395.54,2023-11-30,Pending
T07220,204,624,Bill Payment,21870.07,2024-07-08,Failed
T07221,282,520,Deposit,177815.58,2023-02-16,Completed
T07222,296,539,Deposit,784231.75,2024-11-15,Completed
T07223,343,49,Deposit,1527337.81,2023-10-09,Failed
T07224,237,14,Bill Payment,7778.29,2024-05-04,Pending
T07225,73,357,Withdrawal,3976927.71,2024-09-06,Failed
T07226,22,176,Deposit,778340.43,2024-01-18,Failed
T07227,342,200,Bill Payment,92100.23,2023-09-05,Completed
T07228,259,79,Bill Payment,61430.63,2024-12-28,Failed
T07229,135,338,Transfer,1735397.89,2024-01-17,Completed
T07230,191,318,Deposit,485723.89,2023-07-03,Failed
T07231,153,168,Transfer,2249330.38,2023-03-28,Pending
T07232,375,529,Transfer,1510814.67,2024-05-08,Pending
T07233,96,432,Withdrawal,3400732.33,2022-12-02,Failed
T07234,179,562,Deposit,306720.62,2023-08-14,Pending
T07235,489,224,Withdrawal,728354.15,2023-02-25,Pending
T07236,46,351,Deposit,876171.76,2024-08-24,Pending
T07237,256,72,Withdrawal,1614033.63,2024-11-29,Completed
T07238,273,645,Transfer,2496298.25,2022-11-12,Pending
T07239,474,184,Deposit,1637891.52,2024-10-23,Completed
T07240,24,193,Bill Payment,81128.7,2024-11-19,Completed
T07241,477,556,Bill Payment,23403.77,2023-06-01,Failed
T07242,169,268,Transfer,774994.9,2023-07-27,Completed
T07243,280,569,Transfer,955357.92,2024-03-16,Completed
T07244,477,322,Bill Payment,21841.04,2024-10-25,Completed
T07245,426,618,Withdrawal,44376.12,2024-12-26,Pending
T07246,219,613,Bill Payment,52179.51,2024-01-30,Failed
T07247,135,346,Deposit,1301399.05,2024-02-25,Pending
T07248,498,678,Transfer,1087406.22,2023-05-15,Failed
T07249,192,552,Bill Payment,13647.57,2023-03-06,Pending
T07250,315,33,Withdrawal,3513388.41,2024-12-14,Pending
T07251,51,496,Withdrawal,1643781.58,2025-08-21,Completed
T07252,375,429,Bill Payment,50871.41,2023-04-29,Completed
T07253,300,212,Withdrawal,4814992.51,2023-08-19,Pending
T07254,379,197,Bill Payment,45336.84,2022-11-30,Pending
T07255,440,140,Deposit,957904.18,2024-09-17,Completed
T07256,132,301,Deposit,1412841.23,2024-05-29,Completed
T07257,322,313,Withdrawal,3252630.76,2024-12-24,Failed
T07258,166,175,Transfer,282625.82,2023-04-02,Failed
T07259,111,538,Withdrawal,4053981.26,2022-10-11,Completed
T07260,71,422,Withdrawal,924952.66,2024-01-31,Completed
T07261,339,445,Transfer,925969.17,2022-12-12,Completed
T07262,119,97,Deposit,1297802.62,2025-09-06,Pending
T07263,304,298,Transfer,505003.57,2025-04-15,Failed
T07264,24,278,Withdrawal,3347340.91,2023-02-17,Failed
T07265,489,32,Withdrawal,3465943.14,2024-03-05,Completed
T07266,217,377,Deposit,1395564.46,2024-09-29,Pending
T07267,318,450,Bill Payment,35168.62,2022-12-15,Completed
T07268,71,121,Bill Payment,65771.26,2023-03-14,Pending
T07269,404,427,Transfer,24689.1,2024-12-21,Failed
T07270,287,292,Deposit,618204.15,2025-07-24,Pending
T07271,220,198,Deposit,1794561.11,2024-02-02,Pending
T07272,20,40,Transfer,933482.69,2022-11-08,Failed
T07273,172,138,Transfer,2516392.73,2025-03-20,Completed
T07274,194,649,Deposit,1017387.46,2024-02-01,Completed
T07275,363,395,Deposit,1334960.79,2025-06-23,Completed
T07276,251,28,Withdrawal,1592211.96,2023-08-26,Pending
T07277,1,632,Transfer,544125.17,2024-02-15,Failed
T07278,259,608,Withdrawal,177127.99,2023-08-12,Completed
T07279,111,248,Bill Payment,38284.88,2023-07-31,Pending
T07280,199,444,Bill Payment,60034.84,2023-12-24,Completed
T07281,399,584,Transfer,701566.07,2023-12-08,Failed
T07282,259,393,Deposit,1137577.93,2025-01-08,Completed
T07283,26,67,Withdrawal,3044540.14,2024-02-12,Completed
T07284,145,637,Withdrawal,3917424.79,2024-08-20,Pending
T07285,390,130,Transfer,1961288.16,2025-08-12,Completed
T07286,216,302,Deposit,757404.13,2023-04-05,Failed
T07287,29,182,Withdrawal,1351524.37,2023-12-02,Completed
T07288,92,207,Transfer,2023800.19,2023-05-24,Failed
T07289,194,620,Withdrawal,4761407.61,2023-06-06,Pending
T07290,421,214,Bill Payment,37155.61,2023-12-04,Failed
T07291,347,540,Bill Payment,43674.38,2023-03-31,Failed
T07292,208,261,Deposit,1015706.83,2022-10-28,Pending
T07293,379,295,Withdrawal,1422109.71,2025-05-29,Failed
T07294,214,576,Withdrawal,1919211.45,2025-02-20,Failed
T07295,223,137,Transfer,1030904.47,2024-12-11,Pending
T07296,426,276,Withdrawal,1700789.07,2023-03-13,Completed
T07297,184,592,Transfer,489686.1,2023-08-21,Failed
T07298,194,649,Transfer,1826531.43,2025-01-24,Pending
T07299,234,647,Deposit,497852.98,2024-04-01,Pending
T07300,194,620,Bill Payment,28409.59,2025-02-04,Completed
T07301,425,331,Deposit,1679093.97,2024-02-11,Pending
T07302,195,415,Transfer,134882.32,2023-11-30,Pending
T07303,206,128,Withdrawal,23646.58,2023-05-12,Failed
T07304,386,603,Transfer,822269.18,2025-10-03,Failed
T07305,250,521,Bill Payment,21305.43,2023-12-19,Pending
T07306,287,292,Bill Payment,66729.5,2025-03-14,Failed
T07307,339,445,Bill Payment,45052.39,2023-10-20,Failed
T07308,29,626,Transfer,1371226.95,2023-06-28,Pending
T07309,393,110,Bill Payment,70057.98,2023-01-23,Failed
T07310,49,23,Bill Payment,58465.78,2024-01-31,Completed
T07311,169,268,Bill Payment,90827.68,2025-05-14,Completed
T07312,98,27,Withdrawal,3992305.61,2024-03-14,Pending
T07313,410,459,Deposit,673776.33,2025-01-21,Pending
T07314,185,368,Bill Payment,43270.3,2024-08-24,Pending
T07315,305,1,Transfer,230182.47,2022-12-22,Failed
T07316,376,518,Bill Payment,94373.91,2023-04-25,Failed
T07317,44,99,Bill Payment,49190.34,2022-11-19,Pending
T07318,169,268,Withdrawal,1022846.54,2024-10-05,Failed
T07319,1,213,Transfer,1832283.44,2025-08-19,Failed
T07320,37,446,Transfer,56430.31,2022-12-22,Pending
T07321,220,332,Deposit,1291603.17,2023-03-18,Pending
T07322,256,419,Withdrawal,2422878.29,2024-05-22,Pending
T07323,324,47,Withdrawal,4124295.23,2022-12-27,Failed
T07324,104,271,Withdrawal,3977228.54,2023-02-15,Pending
T07325,74,74,Bill Payment,83160.73,2024-07-28,Failed
T07326,273,602,Withdrawal,4497643.82,2024-06-04,Pending
T07327,206,128,Transfer,2876918.48,2023-07-10,Completed
T07328,3,339,Deposit,1960685.11,2025-10-03,Failed
T07329,356,247,Transfer,2613944.22,2025-04-18,Pending
T07330,262,439,Withdrawal,3778093.89,2025-04-12,Pending
T07331,398,527,Deposit,1258555.43,2025-06-08,Completed
T07332,239,530,Transfer,1719124.22,2025-09-11,Failed
T07333,401,417,Deposit,1342510.79,2025-09-25,Completed
T07334,425,331,Transfer,662593.76,2024-08-27,Failed
T07335,315,87,Deposit,1539676.08,2025-05-19,Completed
T07336,318,450,Bill Payment,60148.11,2024-04-09,Completed
T07337,29,626,Withdrawal,8667.41,2024-02-02,Pending
T07338,67,659,Transfer,442715.51,2024-03-04,Failed
T07339,375,502,Bill Payment,35092.79,2023-08-08,Pending
T07340,73,487,Deposit,1783121.37,2025-08-12,Pending
T07341,218,336,Bill Payment,14753.43,2025-01-10,Completed
T07342,117,433,Withdrawal,1269393.45,2023-02-04,Failed
T07343,173,289,Withdrawal,3144711.26,2024-09-27,Pending
T07344,448,413,Bill Payment,74746.12,2025-03-05,Failed
T07345,429,251,Withdrawal,525653.06,2023-04-27,Completed
T07346,22,691,Withdrawal,981685.14,2023-02-26,Pending
T07347,243,451,Bill Payment,8968.85,2025-09-24,Failed
T07348,343,49,Bill Payment,88291.25,2024-10-01,Completed
T07349,402,458,Transfer,840181.33,2023-03-05,Pending
T07350,325,473,Bill Payment,88625.58,2024-09-11,Completed
T07351,497,692,Bill Payment,89030.2,2024-01-30,Pending
T07352,429,251,Bill Payment,44505.17,2025-09-02,Pending
T07353,38,43,Bill Payment,81390.36,2025-07-02,Pending
T07354,324,508,Transfer,1840020.56,2024-09-26,Failed
T07355,394,294,Withdrawal,4704804.06,2024-10-04,Failed
T07356,230,343,Withdrawal,2937578.38,2023-09-29,Completed
T07357,181,457,Bill Payment,78742.43,2023-09-17,Completed
T07358,470,246,Bill Payment,38990.41,2023-05-16,Pending
T07359,463,571,Bill Payment,28211.12,2025-05-20,Pending
T07360,378,154,Deposit,1916616.03,2023-11-09,Pending
T07361,96,432,Bill Payment,35533.68,2024-04-21,Pending
T07362,360,612,Bill Payment,35138.15,2024-06-05,Pending
T07363,168,91,Deposit,634521.56,2023-07-16,Pending
T07364,1,213,Withdrawal,297915.48,2025-09-25,Failed
T07365,346,60,Deposit,1286877.78,2025-08-03,Completed
T07366,454,585,Transfer,2215555.26,2024-03-01,Pending
T07367,231,382,Bill Payment,35771.13,2024-02-21,Failed
T07368,378,154,Withdrawal,3724581.12,2024-09-08,Failed
T07369,112,270,Transfer,732876.4,2024-10-31,Pending
T07370,13,671,Bill Payment,36609.15,2022-11-21,Pending
T07371,387,185,Withdrawal,4324731.03,2023-01-14,Completed
T07372,71,422,Bill Payment,98386.95,2024-10-12,Failed
T07373,463,700,Deposit,1723471.04,2023-03-29,Completed
T07374,478,267,Bill Payment,2987.43,2024-04-02,Failed
T07375,192,81,Deposit,120330.04,2024-10-17,Completed
T07376,157,316,Transfer,2473503.27,2024-09-20,Completed
T07377,192,81,Bill Payment,83371.45,2023-06-27,Completed
T07378,241,89,Deposit,1365853.14,2023-12-17,Pending
T07379,318,515,Withdrawal,3744629.96,2024-03-29,Pending
T07380,313,284,Bill Payment,42695.88,2025-04-30,Pending
T07381,183,314,Bill Payment,44922.86,2025-03-15,Completed
T07382,7,523,Bill Payment,51161.06,2023-04-20,Failed
T07383,305,1,Transfer,2161781.33,2024-12-02,Failed
T07384,59,598,Bill Payment,40049.54,2023-03-13,Failed
T07385,259,393,Withdrawal,3541140.79,2024-06-26,Completed
T07386,231,382,Withdrawal,1844931.67,2023-03-20,Pending
T07387,170,615,Transfer,50819.21,2024-02-23,Failed
T07388,256,634,Deposit,552814.66,2025-02-14,Completed
T07389,124,239,Withdrawal,19040.87,2025-07-09,Completed
T07390,93,589,Withdrawal,2482401.59,2023-01-23,Pending
T07391,239,18,Transfer,835079.32,2024-01-17,Pending
T07392,433,697,Withdrawal,3116085.52,2025-01-09,Pending
T07393,82,179,Withdrawal,336359.59,2024-09-20,Completed
T07394,429,364,Deposit,432954.77,2024-06-18,Completed
T07395,237,545,Bill Payment,37672.03,2025-04-09,Pending
T07396,393,497,Transfer,1353476.16,2024-07-08,Completed
T07397,121,219,Deposit,507034.22,2023-10-10,Failed
T07398,135,513,Transfer,503395.01,2025-05-26,Pending
T07399,261,307,Transfer,2482927.62,2023-10-18,Completed
T07400,24,193,Transfer,1817320.04,2025-02-02,Pending
T07401,73,106,Deposit,1860081.06,2023-06-09,Failed
T07402,227,689,Withdrawal,4581703.24,2024-10-23,Completed
T07403,151,517,Bill Payment,64549.46,2024-05-23,Pending
T07404,303,85,Bill Payment,41420.62,2023-01-15,Pending
T07405,250,491,Transfer,286988.35,2024-03-17,Completed
T07406,280,209,Transfer,229526.42,2023-08-24,Failed
T07407,24,193,Deposit,283137.81,2025-09-17,Failed
T07408,82,383,Withdrawal,1338411.19,2025-04-10,Pending
T07409,288,326,Deposit,698848.94,2024-08-04,Failed
T07410,347,540,Transfer,1913267.52,2024-08-11,Failed
T07411,199,122,Bill Payment,55082.7,2025-03-04,Pending
T07412,235,352,Deposit,1617787.4,2024-03-19,Failed
T07413,458,311,Deposit,1833389.12,2025-01-27,Failed
T07414,214,385,Transfer,1083337.31,2025-09-17,Failed
T07415,400,114,Bill Payment,46125.48,2023-10-06,Failed
T07416,332,183,Withdrawal,2690646.65,2023-06-30,Completed
T07417,273,602,Withdrawal,1555933.86,2025-07-30,Failed
T07418,89,94,Deposit,1464813.01,2025-08-10,Completed
T07419,312,546,Deposit,1638338.92,2023-02-03,Pending
T07420,19,194,Transfer,381842.26,2025-03-14,Failed
T07421,259,178,Transfer,2744226.33,2024-10-29,Completed
T07422,100,623,Transfer,1722912.73,2023-03-31,Failed
T07423,111,248,Deposit,1680912.77,2025-04-11,Failed
T07424,249,105,Withdrawal,317507.78,2025-04-17,Pending
T07425,483,159,Bill Payment,90469.81,2024-09-23,Pending
T07426,387,93,Deposit,591798.01,2024-02-22,Pending
T07427,168,91,Withdrawal,1248043.45,2025-02-13,Pending
T07428,223,657,Transfer,1087648.41,2023-03-05,Completed
T07429,55,65,Transfer,670759.32,2024-08-26,Completed
T07430,341,61,Transfer,890849.27,2023-07-05,Pending
T07431,181,452,Deposit,1343601.42,2024-01-26,Completed
T07432,343,49,Bill Payment,36120.2,2024-06-26,Failed
T07433,458,311,Transfer,959640.14,2023-01-21,Pending
T07434,483,443,Withdrawal,3746812.54,2025-04-21,Pending
T07435,214,334,Transfer,359478.22,2023-03-22,Failed
T07436,16,189,Deposit,283147.46,2025-09-03,Failed
T07437,219,613,Transfer,1024058.98,2025-04-18,Completed
T07438,404,427,Transfer,2053465.54,2024-05-15,Failed
T07439,73,106,Deposit,838992.35,2024-02-25,Completed
T07440,400,392,Bill Payment,69033.17,2024-11-10,Completed
T07441,239,18,Deposit,1790395.5,2025-07-02,Failed
T07442,347,540,Withdrawal,801026.46,2025-07-26,Pending
T07443,172,138,Deposit,809293.44,2023-01-08,Completed
T07444,105,428,Withdrawal,760572.87,2023-02-22,Completed
T07445,194,649,Bill Payment,35648.38,2023-09-08,Failed
T07446,428,412,Withdrawal,3252267.08,2023-05-08,Pending
T07447,256,634,Bill Payment,95464.89,2025-03-25,Completed
T07448,56,542,Withdrawal,3157504.54,2025-06-19,Pending
T07449,291,587,Deposit,1491637.75,2022-10-05,Completed
T07450,170,354,Withdrawal,696622.39,2023-05-20,Failed
T07451,194,649,Transfer,1477083.71,2025-07-27,Completed
T07452,69,565,Bill Payment,5010.72,2023-05-24,Completed
T07453,131,162,Withdrawal,153497.19,2024-09-07,Failed
T07454,163,677,Bill Payment,91295.61,2025-01-07,Pending
T07455,7,573,Transfer,1847245.94,2023-12-31,Failed
T07456,153,132,Transfer,2415281.87,2024-06-01,Failed
T07457,53,475,Deposit,289923.73,2025-05-18,Pending
T07458,168,91,Transfer,1004364.01,2025-03-20,Failed
T07459,14,46,Transfer,2030835.8,2024-08-29,Failed
T07460,246,658,Deposit,1413140.84,2023-08-04,Completed
T07461,234,647,Bill Payment,1691.97,2023-08-20,Pending
T07462,118,45,Transfer,1657478.02,2025-08-28,Completed
T07463,63,187,Transfer,38874.77,2024-02-08,Pending
T07464,457,308,Bill Payment,26422.65,2024-01-13,Pending
T07465,347,622,Transfer,125453.32,2025-03-08,Failed
T07466,259,24,Transfer,2611938.67,2025-08-25,Failed
T07467,318,515,Transfer,1307236.94,2024-01-21,Failed
T07468,146,266,Withdrawal,177350.52,2024-08-10,Pending
T07469,135,338,Transfer,1294529.82,2024-03-22,Completed
T07470,33,226,Bill Payment,53131.23,2023-02-20,Failed
T07471,135,454,Bill Payment,34824.71,2025-03-28,Failed
T07472,382,629,Withdrawal,371270.38,2022-10-17,Pending
T07473,315,675,Deposit,833672.59,2025-05-11,Completed
T07474,355,142,Deposit,1769499.39,2024-12-05,Completed
T07475,93,199,Bill Payment,1011.24,2024-06-23,Pending
T07476,37,494,Transfer,1996394.73,2023-04-21,Pending
T07477,331,82,Deposit,429030.95,2024-01-04,Completed
T07478,1,213,Transfer,364198.97,2023-01-09,Failed
T07479,13,263,Transfer,2189693.04,2024-04-30,Failed
T07480,119,173,Transfer,924465.11,2025-02-03,Failed
T07481,8,125,Transfer,1379074.54,2022-12-26,Failed
T07482,343,49,Transfer,700458.63,2022-10-06,Pending
T07483,153,132,Withdrawal,2943031.26,2025-10-01,Completed
T07484,256,419,Bill Payment,21583.78,2025-02-20,Completed
T07485,454,578,Transfer,2186274.2,2024-04-15,Completed
T07486,62,674,Bill Payment,49393.1,2023-03-24,Failed
T07487,207,262,Bill Payment,81487.78,2023-12-17,Failed
T07488,423,424,Transfer,1140303.54,2022-11-22,Failed
T07489,266,153,Withdrawal,1838432.24,2023-10-05,Failed
T07490,154,679,Withdrawal,4363315.39,2024-08-05,Completed
T07491,296,539,Withdrawal,3584803.82,2025-09-29,Completed
T07492,400,114,Withdrawal,772157.79,2025-04-08,Pending
T07493,35,215,Deposit,873860.79,2024-06-08,Failed
T07494,398,527,Transfer,1281568.19,2025-06-02,Failed
T07495,416,306,Bill Payment,48547.35,2024-02-11,Pending
T07496,156,655,Bill Payment,50287.94,2024-05-21,Failed
T07497,69,409,Transfer,972181.34,2024-06-26,Failed
T07498,258,225,Bill Payment,97359.24,2024-05-19,Failed
T07499,422,288,Transfer,2492937.22,2024-08-11,Pending
T07500,230,343,Withdrawal,397667.73,2025-01-28,Pending
T07501,441,652,Withdrawal,406723.58,2023-08-29,Pending
T07502,425,331,Transfer,2051195.38,2025-07-30,Failed
T07503,135,338,Withdrawal,4618905.11,2023-07-01,Failed
T07504,204,638,Bill Payment,27526.34,2024-10-11,Failed
T07505,409,469,Transfer,261413.29,2023-05-09,Failed
T07506,59,66,Transfer,2912212.06,2023-07-24,Pending
T07507,103,161,Bill Payment,44431.9,2025-02-13,Completed
T07508,327,668,Deposit,1579922.92,2024-05-24,Failed
T07509,188,505,Bill Payment,25791.47,2024-04-16,Completed
T07510,479,275,Bill Payment,35623.71,2024-07-14,Pending
T07511,74,74,Transfer,2336059.86,2023-06-01,Pending
T07512,234,319,Deposit,1222948.99,2023-12-27,Pending
T07513,403,543,Bill Payment,23834.53,2025-08-10,Failed
T07514,84,9,Deposit,1131666.2,2023-04-18,Completed
T07515,466,360,Withdrawal,306066.77,2023-05-01,Completed
T07516,10,406,Withdrawal,4185780.93,2022-10-23,Completed
T07517,218,336,Bill Payment,65255.55,2023-01-24,Completed
T07518,465,177,Transfer,434178.24,2025-07-08,Failed
T07519,422,288,Withdrawal,1527242.95,2022-10-29,Failed
T07520,170,615,Withdrawal,2398507.18,2023-05-16,Pending
T07521,214,567,Deposit,1135667.37,2024-10-30,Failed
T07522,208,261,Bill Payment,65525.19,2025-07-23,Completed
T07523,303,85,Deposit,549551.3,2024-08-13,Completed
T07524,98,202,Transfer,1660869.55,2023-05-03,Completed
T07525,88,342,Withdrawal,2193729.24,2023-02-13,Completed
T07526,264,384,Bill Payment,40084.49,2023-05-06,Failed
T07527,381,498,Deposit,1857123.49,2025-06-28,Pending
T07528,169,268,Transfer,1250778.2,2024-07-12,Completed
T07529,170,354,Withdrawal,2929266.97,2024-09-12,Pending
T07530,447,42,Bill Payment,48507.12,2025-09-19,Pending
T07531,448,413,Withdrawal,2479367.27,2025-04-30,Completed
T07532,273,645,Transfer,2248285.7,2024-07-27,Pending
T07533,261,307,Deposit,214617.52,2025-05-30,Failed
T07534,491,157,Transfer,1226599.69,2023-07-11,Failed
T07535,126,642,Withdrawal,4015294.8,2024-09-09,Pending
T07536,259,44,Withdrawal,4905594.77,2024-12-04,Pending
T07537,322,329,Withdrawal,2785856.94,2024-07-24,Completed
T07538,299,690,Bill Payment,45453.48,2025-02-08,Pending
T07539,88,563,Withdrawal,447614.72,2024-09-03,Completed
T07540,455,396,Withdrawal,2084508.16,2024-05-24,Completed
T07541,347,622,Transfer,1193296.05,2024-04-08,Failed
T07542,489,525,Transfer,866069.8,2023-09-20,Pending
T07543,137,3,Bill Payment,56161.75,2023-07-20,Completed
T07544,387,493,Transfer,247017.14,2024-07-25,Failed
T07545,399,584,Deposit,1214496.17,2025-05-01,Completed
T07546,68,468,Bill Payment,37526.97,2022-10-16,Completed
T07547,491,157,Transfer,897156.53,2025-03-20,Pending
T07548,333,619,Withdrawal,1695927.02,2024-11-16,Failed
T07549,481,103,Bill Payment,91773.52,2023-10-07,Failed
T07550,407,555,Withdrawal,2600547.35,2024-11-22,Failed
T07551,429,251,Transfer,1989059.28,2023-11-27,Pending
T07552,318,279,Bill Payment,44549.63,2024-07-04,Pending
T07553,41,389,Transfer,1747255.58,2025-01-30,Completed
T07554,387,493,Deposit,723608.67,2025-03-18,Pending
T07555,214,628,Transfer,1946102.2,2024-04-27,Failed
T07556,184,216,Transfer,668354,2022-11-25,Pending
T07557,434,550,Bill Payment,65758.55,2022-12-02,Completed
T07558,288,345,Bill Payment,80090.24,2025-03-05,Completed
T07559,372,145,Deposit,1660221.82,2024-10-24,Pending
T07560,214,628,Deposit,974010.33,2025-10-03,Failed
T07561,356,247,Transfer,2595454.24,2024-04-29,Pending
T07562,184,216,Transfer,1781430.21,2023-03-29,Pending
T07563,206,128,Deposit,1328148.33,2025-03-24,Completed
T07564,295,127,Transfer,1930525.28,2024-10-22,Pending
T07565,376,466,Withdrawal,3832732.26,2025-09-11,Failed
T07566,112,270,Withdrawal,3316398.4,2023-02-06,Failed
T07567,75,269,Bill Payment,13435.84,2023-05-13,Pending
T07568,173,375,Bill Payment,96196.23,2024-12-30,Pending
T07569,29,411,Transfer,312035.24,2023-12-13,Pending
T07570,361,277,Bill Payment,30971.16,2024-09-26,Pending
T07571,198,547,Transfer,2626670.88,2024-12-16,Pending
T07572,43,479,Withdrawal,3098252.92,2023-02-03,Pending
T07573,305,156,Withdrawal,4303656.38,2024-12-26,Failed
T07574,303,376,Transfer,1048879.57,2025-05-09,Completed
T07575,22,691,Transfer,1458210.25,2023-02-19,Failed
T07576,85,309,Bill Payment,36276.32,2023-10-20,Failed
T07577,59,101,Bill Payment,40304.95,2024-10-07,Completed
T07578,433,544,Transfer,1884395.48,2025-06-10,Completed
T07579,93,199,Bill Payment,16847.66,2025-08-01,Completed
T07580,13,671,Transfer,1332396.75,2025-08-08,Pending
T07581,475,19,Bill Payment,10266.02,2023-02-03,Pending
T07582,259,608,Bill Payment,63396.49,2025-09-01,Completed
T07583,208,261,Bill Payment,66977.15,2025-06-15,Pending
T07584,142,252,Transfer,373894.43,2025-01-19,Pending
T07585,84,328,Transfer,2984084.64,2025-03-23,Failed
T07586,388,222,Bill Payment,93889.12,2024-02-02,Pending
T07587,448,413,Deposit,245761.08,2025-05-14,Completed
T07588,405,196,Bill Payment,10167.22,2022-12-25,Completed
T07589,372,472,Transfer,1847516.16,2024-03-21,Completed
T07590,315,675,Deposit,1516078,2025-01-13,Pending
T07591,184,37,Bill Payment,46055.19,2022-10-21,Failed
T07592,361,277,Deposit,978017.97,2024-10-02,Pending
T07593,360,612,Withdrawal,4720852.06,2024-09-09,Pending
T07594,477,322,Deposit,796038,2024-12-09,Failed
T07595,92,160,Deposit,1498647.6,2024-10-02,Pending
T07596,348,593,Withdrawal,3323247.78,2025-03-14,Failed
T07597,11,435,Bill Payment,40240.24,2024-03-02,Completed
T07598,341,362,Withdrawal,3953142.98,2024-07-20,Pending
T07599,470,246,Transfer,2637634.82,2024-04-05,Pending
T07600,347,540,Bill Payment,4643,2024-01-05,Completed
T07601,376,466,Withdrawal,665064.24,2023-12-28,Failed
T07602,175,220,Transfer,2337381.67,2023-06-22,Completed
T07603,422,237,Transfer,2460908.37,2022-11-28,Completed
T07604,330,627,Deposit,149284.11,2025-09-18,Completed
T07605,343,49,Bill Payment,91086.48,2025-04-20,Pending
T07606,296,169,Bill Payment,63561.76,2024-01-20,Failed
T07607,89,233,Bill Payment,40578.34,2025-02-26,Failed
T07608,481,231,Transfer,1439612.32,2023-11-13,Failed
T07609,8,582,Bill Payment,44218.78,2023-01-08,Completed
T07610,479,275,Deposit,392436.41,2025-06-08,Failed
T07611,122,12,Deposit,1828388.87,2024-10-09,Failed
T07612,141,234,Transfer,2322651.12,2025-03-21,Pending
T07613,99,374,Withdrawal,1949769.7,2023-06-24,Completed
T07614,320,526,Withdrawal,4871572.83,2025-03-12,Pending
T07615,216,186,Bill Payment,23804.73,2022-12-24,Failed
T07616,476,483,Transfer,2122772.21,2025-07-20,Completed
T07617,372,145,Bill Payment,42973.51,2024-01-01,Failed
T07618,196,107,Deposit,1620590.61,2025-05-31,Failed
T07619,153,132,Withdrawal,3984022.71,2022-11-16,Completed
T07620,404,78,Transfer,1880055.65,2023-12-24,Completed
T07621,425,331,Withdrawal,4025714.96,2024-10-27,Completed
T07622,267,111,Bill Payment,78992.84,2023-02-10,Failed
T07623,8,582,Withdrawal,4214666.5,2023-04-20,Failed
T07624,183,314,Bill Payment,97676.9,2024-11-28,Pending
T07625,437,463,Transfer,1887716.28,2023-02-01,Pending
T07626,417,387,Transfer,2100349.38,2023-12-10,Completed
T07627,264,384,Transfer,840852.02,2023-10-31,Completed
T07628,177,113,Deposit,1594686.56,2023-04-28,Failed
T07629,312,546,Transfer,256441.54,2025-05-18,Pending
T07630,494,461,Withdrawal,2556535.78,2023-12-15,Completed
T07631,17,347,Withdrawal,290635.51,2023-12-06,Failed
T07632,38,664,Deposit,1380188.45,2023-11-08,Completed
T07633,472,456,Bill Payment,51347.81,2022-10-27,Completed
T07634,434,550,Transfer,2585935.05,2023-03-27,Completed
T07635,478,267,Bill Payment,67108.99,2025-04-30,Completed
T07636,106,29,Deposit,522440.44,2023-07-03,Failed
T07637,452,250,Withdrawal,1215427.39,2025-04-11,Pending
T07638,393,62,Deposit,223028.56,2023-05-27,Pending
T07639,388,174,Withdrawal,4557179.97,2025-07-24,Completed
T07640,70,201,Deposit,1016562.34,2024-08-28,Pending
T07641,233,299,Bill Payment,90802.97,2024-05-01,Completed
T07642,291,587,Deposit,1982773.46,2023-07-04,Failed
T07643,150,681,Bill Payment,43605.51,2023-11-14,Failed
T07644,477,243,Bill Payment,37783.92,2025-09-27,Failed
T07645,333,619,Transfer,8249.65,2023-10-06,Pending
T07646,241,670,Bill Payment,68935.38,2024-10-27,Completed
T07647,441,652,Bill Payment,18635.62,2023-07-12,Completed
T07648,494,511,Withdrawal,209941.41,2025-01-01,Failed
T07649,245,537,Bill Payment,56135.32,2022-11-25,Failed
T07650,261,307,Deposit,1002257.24,2024-03-20,Failed
T07651,133,228,Deposit,452763.33,2023-02-13,Failed
T07652,261,166,Bill Payment,84510.57,2023-05-18,Failed
T07653,364,337,Bill Payment,25744.59,2025-04-17,Pending
T07654,43,479,Transfer,328010.17,2023-06-01,Failed
T07655,108,86,Bill Payment,3796.8,2024-11-13,Failed
T07656,422,237,Deposit,774113.91,2024-07-07,Pending
T07657,159,583,Deposit,1930529.6,2024-05-22,Failed
T07658,395,499,Deposit,459321.38,2023-10-09,Completed
T07659,288,345,Deposit,1410482.52,2025-07-27,Failed
T07660,477,462,Deposit,247203.96,2024-08-18,Completed
T07661,82,383,Deposit,376062.5,2025-06-21,Failed
T07662,200,146,Bill Payment,46508.23,2023-06-21,Completed
T07663,285,474,Transfer,525867.01,2023-08-28,Pending
T07664,327,253,Deposit,1196923.05,2025-03-20,Failed
T07665,287,408,Withdrawal,3905013.3,2024-03-24,Pending
T07666,22,176,Bill Payment,79609.44,2022-12-28,Completed
T07667,82,179,Deposit,847175.5,2025-06-28,Failed
T07668,48,26,Bill Payment,36747.16,2023-11-19,Pending
T07669,398,527,Deposit,283558.33,2023-04-03,Failed
T07670,139,238,Withdrawal,3863740.36,2022-12-25,Pending
T07671,441,559,Withdrawal,3780270.67,2023-06-22,Pending
T07672,379,197,Deposit,9021.32,2024-09-24,Pending
T07673,290,460,Withdrawal,4427062.14,2024-06-15,Pending
T07674,315,87,Bill Payment,31218.69,2024-10-13,Pending
T07675,417,387,Withdrawal,3857670.16,2024-01-16,Failed
T07676,170,354,Deposit,52483.6,2024-10-13,Completed
T07677,380,84,Transfer,141731.17,2025-01-09,Completed
T07678,174,155,Withdrawal,947802.31,2023-10-02,Failed
T07679,3,339,Transfer,1539925.06,2024-05-16,Failed
T07680,363,597,Bill Payment,56669.51,2025-08-31,Completed
T07681,33,226,Transfer,2424174.39,2024-06-01,Failed
T07682,332,465,Deposit,985817.45,2024-10-11,Pending
T07683,380,84,Bill Payment,69955.96,2023-11-16,Completed
T07684,156,34,Transfer,1232711.13,2023-05-18,Pending
T07685,451,59,Transfer,221604.73,2025-01-06,Pending
T07686,400,392,Deposit,660254.22,2024-08-10,Pending
T07687,466,260,Withdrawal,3804070.07,2022-10-23,Failed
T07688,280,569,Transfer,626897.28,2023-12-27,Pending
T07689,363,395,Transfer,346352.29,2024-09-01,Failed
T07690,332,465,Bill Payment,45804.76,2024-05-20,Failed
T07691,198,447,Deposit,19275.18,2025-08-24,Pending
T07692,414,230,Transfer,974129.91,2024-02-07,Failed
T07693,273,602,Bill Payment,67664.6,2025-01-05,Failed
T07694,124,239,Deposit,1278285.98,2025-08-30,Pending
T07695,477,243,Deposit,455679.4,2022-12-07,Completed
T07696,104,271,Bill Payment,74866.84,2023-03-05,Failed
T07697,437,463,Transfer,2737270.46,2025-01-07,Pending
T07698,104,271,Transfer,349373.03,2025-06-21,Completed
T07699,262,310,Transfer,2690766.66,2024-04-06,Completed
T07700,267,601,Transfer,2102878.1,2024-08-05,Pending
T07701,259,223,Deposit,1083031.89,2025-05-10,Pending
T07702,296,397,Deposit,1712963.29,2025-07-13,Pending
T07703,199,167,Bill Payment,5241.29,2023-12-02,Failed
T07704,59,598,Transfer,2452976.53,2024-03-08,Failed
T07705,261,307,Bill Payment,41414.3,2023-11-28,Completed
T07706,58,108,Deposit,102924.36,2023-11-23,Failed
T07707,108,485,Bill Payment,30736.67,2023-03-06,Pending
T07708,440,371,Transfer,2020995.94,2023-11-05,Pending
T07709,375,429,Transfer,1384273.47,2025-07-17,Failed
T07710,256,579,Bill Payment,15254.9,2025-03-30,Pending
T07711,463,700,Withdrawal,1480920.4,2024-06-03,Pending
T07712,479,275,Deposit,1516544.44,2024-09-20,Failed
T07713,486,11,Transfer,2869936.46,2025-08-19,Pending
T07714,56,542,Transfer,2225058.16,2023-10-15,Completed
T07715,339,445,Bill Payment,72384.13,2025-08-13,Failed
T07716,360,612,Withdrawal,4610922.53,2025-04-06,Failed
T07717,269,418,Deposit,437358.5,2023-08-03,Completed
T07718,45,420,Bill Payment,3473.62,2024-12-20,Pending
T07719,181,452,Bill Payment,43959.38,2024-03-12,Pending
T07720,431,480,Deposit,1513859.24,2025-08-22,Completed
T07721,399,584,Bill Payment,14517.08,2025-09-11,Completed
T07722,324,509,Bill Payment,58967.03,2023-07-11,Failed
T07723,134,455,Deposit,1340324.86,2024-02-03,Completed
T07724,241,57,Bill Payment,75953.01,2025-02-01,Pending
T07725,295,127,Withdrawal,2769939.29,2022-10-21,Pending
T07726,465,177,Withdrawal,3303783.69,2025-08-15,Completed
T07727,401,417,Withdrawal,1437810.71,2022-10-18,Completed
T07728,139,238,Withdrawal,3422370.01,2023-01-18,Completed
T07729,433,54,Withdrawal,1079159.96,2022-10-23,Failed
T07730,320,236,Transfer,840129,2024-07-04,Completed
T07731,29,411,Deposit,1669119.68,2023-03-05,Pending
T07732,234,580,Transfer,2123299.99,2024-12-28,Failed
T07733,137,3,Bill Payment,61236.01,2023-03-15,Failed
T07734,243,134,Withdrawal,1705776.59,2025-09-03,Failed
T07735,265,402,Transfer,2335694.75,2024-08-27,Failed
T07736,322,313,Deposit,273512.06,2024-04-03,Pending
T07737,459,249,Bill Payment,71568.71,2023-09-10,Completed
T07738,156,34,Bill Payment,86162.44,2023-12-19,Pending
T07739,466,260,Transfer,862161.6,2023-10-31,Pending
T07740,340,349,Withdrawal,534062.43,2023-07-31,Failed
T07741,234,647,Deposit,512222.17,2022-11-26,Pending
T07742,162,359,Transfer,2713590.55,2022-11-10,Failed
T07743,480,7,Transfer,743120.07,2025-05-24,Pending
T07744,299,421,Transfer,2911883.61,2023-02-24,Pending
T07745,88,342,Deposit,959602.71,2023-01-01,Pending
T07746,261,564,Bill Payment,54481.21,2025-04-14,Completed
T07747,394,696,Withdrawal,211174.12,2025-07-21,Failed
T07748,361,605,Withdrawal,844750.21,2023-09-06,Completed
T07749,355,77,Bill Payment,3514.85,2025-04-23,Completed
T07750,145,637,Transfer,1680767.88,2025-06-22,Pending
T07751,421,214,Withdrawal,2700187.98,2023-04-12,Pending
T07752,234,580,Bill Payment,16032.01,2023-04-09,Failed
T07753,324,509,Withdrawal,4132005.45,2023-02-16,Failed
T07754,259,79,Transfer,2404415.6,2025-05-01,Pending
T07755,8,582,Transfer,2391712.05,2023-04-24,Completed
T07756,357,591,Deposit,948041.96,2024-05-11,Failed
T07757,184,592,Bill Payment,31039.98,2025-07-20,Completed
T07758,357,438,Deposit,469292.34,2025-07-07,Completed
T07759,407,555,Deposit,942279.27,2025-03-02,Completed
T07760,220,332,Deposit,1403316.84,2023-07-19,Completed
T07761,347,540,Bill Payment,31290.72,2023-03-26,Failed
T07762,331,82,Withdrawal,4695044.52,2025-09-19,Completed
T07763,420,698,Withdrawal,3653382.02,2023-07-18,Failed
T07764,400,4,Deposit,1446455.42,2023-11-02,Pending
T07765,188,370,Transfer,1100038.79,2024-01-05,Pending
T07766,114,69,Bill Payment,27615.14,2024-09-29,Pending
T07767,245,635,Withdrawal,3293084.08,2025-07-27,Failed
T07768,151,70,Deposit,1736953.26,2023-01-30,Pending
T07769,72,416,Bill Payment,13247.64,2025-06-23,Pending
T07770,84,328,Deposit,1559947.92,2024-09-08,Pending
T07771,22,176,Bill Payment,68126.5,2023-12-08,Failed
T07772,410,459,Transfer,827686.92,2024-07-29,Completed
T07773,320,236,Bill Payment,5634.68,2025-09-14,Failed
T07774,174,350,Transfer,2204966.08,2025-08-07,Completed
T07775,92,207,Deposit,1145943.36,2024-02-19,Pending
T07776,282,520,Bill Payment,14261.7,2023-11-08,Completed
T07777,280,569,Withdrawal,1990084.28,2023-06-13,Failed
T07778,487,660,Deposit,852776.2,2023-01-27,Completed
T07779,146,266,Transfer,1336579.94,2023-12-09,Failed
T07780,284,158,Withdrawal,673776.24,2023-01-09,Pending
T07781,404,78,Transfer,2224709.08,2024-05-21,Failed
T07782,46,351,Deposit,1242111.12,2024-05-30,Pending
T07783,56,8,Deposit,730282.67,2024-03-04,Failed
T07784,393,110,Bill Payment,49685.51,2023-01-06,Pending
T07785,119,686,Withdrawal,139516.23,2023-11-10,Completed
T07786,162,359,Deposit,1143128.84,2023-11-20,Completed
T07787,228,123,Withdrawal,2748993.75,2023-07-08,Failed
T07788,341,362,Withdrawal,1192136.39,2024-08-19,Failed
T07789,266,153,Bill Payment,84193.54,2023-01-20,Pending
T07790,437,590,Withdrawal,3770000.28,2024-11-06,Failed
T07791,340,349,Withdrawal,2967355.62,2023-08-12,Completed
T07792,235,352,Transfer,2743499.53,2025-05-10,Completed
T07793,226,80,Bill Payment,84247.55,2024-06-05,Failed
T07794,74,662,Bill Payment,8419.86,2023-07-09,Failed
T07795,296,169,Deposit,1808123.5,2025-07-03,Pending
T07796,230,343,Bill Payment,30340.12,2024-11-07,Completed
T07797,191,318,Withdrawal,1495834.6,2023-03-22,Pending
T07798,493,244,Bill Payment,15929.29,2023-05-16,Completed
T07799,65,355,Deposit,1034504.37,2025-01-21,Failed
T07800,493,244,Deposit,356045.56,2024-08-04,Failed
T07801,93,589,Bill Payment,72788.96,2023-09-09,Completed
T07802,74,662,Bill Payment,70857.18,2025-05-15,Pending
T07803,230,492,Withdrawal,4409460.64,2025-06-30,Pending
T07804,477,305,Withdrawal,3177146.56,2023-03-19,Completed
T07805,273,645,Transfer,2579853.88,2024-08-20,Failed
T07806,285,474,Bill Payment,16562.61,2023-11-11,Pending
T07807,440,371,Bill Payment,11120.73,2023-03-14,Pending
T07808,181,315,Withdrawal,4471741.32,2022-11-28,Failed
T07809,38,664,Deposit,1669918.2,2023-01-26,Failed
T07810,328,586,Deposit,1525916.96,2023-01-22,Completed
T07811,361,277,Deposit,1281594.47,2025-03-10,Completed
T07812,132,301,Bill Payment,58160.12,2023-10-29,Pending
T07813,397,52,Deposit,1442129.48,2024-08-27,Failed
T07814,394,294,Deposit,1203014.26,2022-11-03,Pending
T07815,132,363,Bill Payment,22882.65,2024-11-16,Pending
T07816,199,131,Transfer,2637003.9,2023-05-24,Pending
T07817,400,392,Withdrawal,630327.86,2025-07-15,Pending
T07818,301,609,Withdrawal,4614290.86,2025-06-25,Completed
T07819,242,423,Withdrawal,266203.66,2022-10-06,Completed
T07820,479,275,Deposit,1824785.43,2022-12-02,Failed
T07821,70,341,Withdrawal,2334338.14,2025-08-02,Completed
T07822,297,117,Bill Payment,18516.23,2024-06-02,Completed
T07823,10,406,Transfer,2734372.28,2023-11-22,Pending
T07824,267,504,Transfer,1263601.97,2023-05-28,Completed
T07825,122,12,Deposit,1043645.86,2025-09-26,Completed
T07826,29,626,Withdrawal,1087920.81,2024-02-29,Pending
T07827,29,626,Transfer,1345401.17,2024-06-03,Pending
T07828,153,168,Withdrawal,2876467.61,2025-03-15,Failed
T07829,459,249,Transfer,1849562.16,2022-10-10,Failed
T07830,327,426,Bill Payment,78772.91,2024-12-13,Completed
T07831,341,362,Withdrawal,4315359.89,2024-11-05,Completed
T07832,119,173,Withdrawal,2156949.76,2024-10-16,Completed
T07833,85,309,Bill Payment,72886.55,2024-08-12,Completed
T07834,448,413,Transfer,32288.02,2024-06-23,Failed
T07835,132,208,Withdrawal,3025964.34,2023-01-21,Completed
T07836,93,589,Deposit,1406490.43,2025-01-21,Failed
T07837,241,57,Bill Payment,30131.34,2023-09-20,Pending
T07838,401,417,Deposit,1729398.22,2022-10-10,Failed
T07839,272,320,Transfer,437374.12,2024-05-24,Failed
T07840,334,501,Withdrawal,4210331.41,2025-09-09,Failed
T07841,164,333,Transfer,779792.92,2024-10-22,Completed
T07842,149,291,Withdrawal,3206846.9,2023-04-11,Completed
T07843,29,411,Bill Payment,59909.23,2025-03-04,Failed
T07844,26,63,Bill Payment,44343.18,2025-01-13,Pending
T07845,479,275,Withdrawal,3110242.07,2024-04-14,Pending
T07846,422,237,Bill Payment,58789.46,2024-03-05,Pending
T07847,84,328,Withdrawal,3696969.29,2025-08-29,Failed
T07848,361,605,Withdrawal,3956131.39,2024-01-18,Failed
T07849,232,356,Withdrawal,2567407.41,2024-06-18,Failed
T07850,133,228,Transfer,1370292.47,2022-12-29,Completed
T07851,306,524,Deposit,1783927.37,2025-06-13,Completed
T07852,282,21,Bill Payment,23321.1,2025-07-06,Pending
T07853,100,255,Withdrawal,253317.65,2023-02-22,Completed
T07854,254,434,Transfer,304861.86,2024-04-24,Completed
T07855,491,157,Transfer,2274579.86,2025-01-12,Pending
T07856,49,23,Transfer,573036.82,2024-03-16,Pending
T07857,131,162,Deposit,483834.17,2023-02-06,Pending
T07858,14,46,Transfer,2747605.64,2024-09-18,Pending
T07859,270,50,Withdrawal,1243442.03,2023-12-29,Completed
T07860,463,335,Deposit,1637797.72,2025-07-07,Pending
T07861,418,92,Transfer,2841656.11,2023-08-16,Pending
T07862,477,548,Bill Payment,5508.48,2023-07-06,Failed
T07863,344,274,Deposit,547128.98,2025-02-12,Completed
T07864,38,664,Transfer,2838936.8,2022-12-05,Pending
T07865,322,313,Deposit,157853.12,2024-05-23,Failed
T07866,103,161,Transfer,2439130.16,2025-07-27,Completed
T07867,274,135,Transfer,698094.37,2023-07-28,Completed
T07868,381,498,Deposit,1172971.9,2024-01-12,Completed
T07869,170,354,Deposit,698918.4,2025-09-20,Failed
T07870,68,229,Transfer,1833915.5,2024-06-02,Pending
T07871,115,71,Bill Payment,11096.51,2023-03-19,Failed
T07872,466,510,Transfer,1074147.98,2025-06-10,Completed
T07873,265,402,Bill Payment,79774.43,2025-09-09,Completed
T07874,121,528,Withdrawal,4903327.24,2024-04-15,Pending
T07875,142,252,Deposit,1679871.16,2024-10-29,Pending
T07876,181,124,Bill Payment,13499.37,2023-02-13,Completed
T07877,90,688,Transfer,2675386.03,2025-06-14,Failed
T07878,483,443,Withdrawal,1580397.73,2024-08-15,Completed
T07879,305,1,Bill Payment,43638.26,2023-07-26,Completed
T07880,476,321,Deposit,578678.96,2023-05-10,Completed
T07881,477,322,Bill Payment,50147.39,2022-11-29,Pending
T07882,441,684,Bill Payment,59605.08,2023-07-31,Pending
T07883,226,80,Transfer,569947.48,2022-11-13,Completed
T07884,117,433,Deposit,1825851.36,2025-04-13,Failed
T07885,259,44,Deposit,219053.92,2023-10-10,Completed
T07886,287,292,Bill Payment,73300.14,2024-11-02,Completed
T07887,388,222,Withdrawal,2428475.33,2024-05-30,Failed
T07888,111,538,Deposit,1076125,2023-01-10,Completed
T07889,20,40,Transfer,2397846.44,2025-01-21,Pending
T07890,445,673,Deposit,772054.53,2025-06-30,Completed
T07891,280,569,Deposit,815559.74,2024-01-26,Failed
T07892,108,485,Transfer,266240.66,2024-11-19,Failed
T07893,341,362,Bill Payment,93103.27,2025-01-11,Completed
T07894,162,359,Deposit,1321846.31,2024-09-01,Pending
T07895,230,343,Bill Payment,75898.67,2022-10-30,Failed
T07896,289,165,Bill Payment,47915.43,2022-12-01,Failed
T07897,32,36,Deposit,958595.23,2024-03-15,Completed
T07898,425,500,Withdrawal,4120785.86,2022-12-31,Failed
T07899,123,654,Deposit,1346622.52,2024-03-12,Pending
T07900,410,459,Withdrawal,3161735.84,2022-12-10,Pending
T07901,184,216,Transfer,1260214.9,2024-06-25,Completed
T07902,250,478,Withdrawal,3636031.56,2023-04-06,Failed
T07903,421,30,Withdrawal,249534.65,2023-08-29,Pending
T07904,333,619,Bill Payment,95234.77,2025-07-16,Failed
T07905,219,613,Transfer,310169.01,2025-08-06,Pending
T07906,65,355,Transfer,1822890.83,2024-12-25,Completed
T07907,71,422,Bill Payment,89180.71,2024-09-16,Pending
T07908,296,397,Bill Payment,26417.2,2025-08-23,Completed
T07909,37,446,Bill Payment,52732.83,2025-01-15,Failed
T07910,105,428,Bill Payment,37320.17,2023-05-24,Failed
T07911,135,346,Bill Payment,89332.22,2025-03-22,Completed
T07912,86,436,Transfer,1063293.1,2023-10-01,Completed
T07913,466,360,Transfer,2463169.9,2023-01-24,Completed
T07914,458,311,Withdrawal,4630715.5,2022-12-01,Completed
T07915,342,516,Deposit,1832251.99,2023-05-12,Failed
T07916,318,450,Withdrawal,2943267.79,2024-11-02,Completed
T07917,251,17,Deposit,269838.08,2025-07-16,Failed
T07918,65,355,Bill Payment,33194.52,2022-11-03,Completed
T07919,470,246,Bill Payment,70380.23,2024-10-06,Pending
T07920,111,248,Deposit,1354175.26,2025-05-22,Completed
T07921,414,388,Bill Payment,68782.53,2022-12-15,Pending
T07922,267,111,Withdrawal,4198406.67,2023-10-16,Completed
T07923,196,381,Transfer,1642744,2025-09-28,Failed
T07924,284,158,Deposit,1704301.78,2025-07-08,Completed
T07925,75,269,Deposit,277422.18,2023-04-25,Pending
T07926,304,298,Transfer,964089.06,2022-10-27,Failed
T07927,346,60,Transfer,887714.3,2023-06-29,Completed
T07928,282,520,Deposit,1331783.06,2025-06-13,Failed
T07929,261,564,Withdrawal,2840574.44,2022-12-21,Pending
T07930,428,412,Bill Payment,23766.47,2024-01-25,Failed
T07931,297,490,Withdrawal,1549971.97,2023-03-05,Completed
T07932,265,402,Withdrawal,66934.78,2024-09-12,Pending
T07933,100,255,Withdrawal,3862462.57,2025-05-11,Completed
T07934,106,29,Deposit,1160736.09,2023-06-27,Pending
T07935,68,229,Transfer,472586.76,2025-04-10,Pending
T07936,256,634,Withdrawal,4929593.13,2023-01-12,Pending
T07937,3,285,Deposit,875646.97,2023-03-19,Failed
T07938,234,580,Bill Payment,31477.78,2023-03-31,Pending
T07939,423,424,Bill Payment,15345.13,2024-11-15,Failed
T07940,324,509,Withdrawal,1796772.25,2025-04-16,Failed
T07941,166,621,Bill Payment,15760.55,2025-05-18,Pending
T07942,483,159,Bill Payment,77821.11,2023-09-12,Failed
T07943,417,414,Deposit,8853.05,2023-01-11,Completed
T07944,275,256,Deposit,259713.73,2023-08-15,Pending
T07945,20,40,Transfer,1147033.81,2024-07-28,Pending
T07946,437,463,Deposit,369312.18,2024-03-12,Completed
T07947,196,676,Transfer,1556211.95,2025-08-23,Failed
T07948,118,45,Transfer,307315.81,2024-06-20,Failed
T07949,273,645,Withdrawal,3861241.82,2024-02-20,Failed
T07950,201,13,Transfer,208814.48,2023-04-10,Pending
T07951,60,442,Deposit,1419420.95,2025-09-01,Completed
T07952,387,185,Withdrawal,2895994.53,2025-03-17,Pending
T07953,347,540,Transfer,2314086.68,2025-01-30,Pending
T07954,358,651,Deposit,1167614.58,2023-05-06,Pending
T07955,93,199,Bill Payment,8381.47,2024-02-16,Completed
T07956,262,486,Bill Payment,61188.74,2023-09-01,Failed
T07957,173,289,Transfer,909141.46,2022-12-14,Completed
T07958,36,149,Withdrawal,3996424.41,2025-04-13,Pending
T07959,280,569,Withdrawal,1256059.47,2023-07-01,Failed
T07960,188,403,Withdrawal,3621210.34,2024-03-09,Completed
T07961,325,473,Withdrawal,2310655.98,2023-01-11,Pending
T07962,303,376,Deposit,453114.34,2023-04-10,Completed
T07963,177,113,Deposit,1391052.52,2023-12-04,Pending
T07964,394,696,Bill Payment,63166.72,2023-05-12,Completed
T07965,112,270,Deposit,1208763.42,2024-07-10,Completed
T07966,119,686,Bill Payment,739.47,2023-06-23,Completed
T07967,48,26,Transfer,1362873.17,2025-09-20,Completed
T07968,492,514,Deposit,1661723.13,2024-05-01,Failed
T07969,261,631,Withdrawal,3668454.83,2025-02-10,Pending
T07970,62,674,Withdrawal,4442065.89,2023-06-18,Failed
T07971,381,498,Bill Payment,56063.87,2024-08-16,Failed
T07972,186,217,Transfer,190639.92,2023-10-18,Completed
T07973,33,226,Transfer,235936.65,2025-03-27,Completed
T07974,142,203,Deposit,1031579.52,2022-12-07,Completed
T07975,214,576,Deposit,624444.91,2023-04-30,Pending
T07976,380,88,Withdrawal,783705.3,2023-03-09,Failed
T07977,482,119,Bill Payment,87400.04,2025-06-13,Failed
T07978,137,3,Transfer,935801.49,2025-05-13,Completed
T07979,318,515,Transfer,1242504.47,2024-05-11,Failed
T07980,67,282,Deposit,1613440.98,2023-06-07,Pending
T07981,332,465,Deposit,592176.42,2022-10-29,Failed
T07982,297,470,Withdrawal,346975.62,2024-10-30,Completed
T07983,58,108,Transfer,2428067.99,2023-02-07,Pending
T07984,157,400,Transfer,944450.1,2022-10-14,Completed
T07985,491,157,Bill Payment,32879.41,2022-10-16,Pending
T07986,170,615,Transfer,2371783.16,2023-07-10,Pending
T07987,479,275,Deposit,445356.98,2023-02-20,Pending
T07988,270,272,Transfer,1854901.53,2025-07-13,Failed
T07989,382,629,Bill Payment,470.63,2025-04-14,Completed
T07990,327,253,Deposit,1416183.87,2023-12-19,Pending
T07991,39,630,Transfer,267340.26,2024-07-12,Failed
T07992,195,415,Transfer,212889.72,2025-09-16,Pending
T07993,239,18,Withdrawal,839980.57,2024-10-13,Pending
T07994,466,360,Withdrawal,4701575.55,2025-09-14,Failed
T07995,74,662,Deposit,695692.04,2023-04-20,Pending
T07996,111,248,Deposit,1371047.48,2023-08-21,Completed
T07997,380,84,Deposit,1992903.36,2023-05-15,Failed
T07998,72,416,Transfer,886320.43,2025-06-24,Completed
T07999,497,170,Transfer,677965.29,2023-11-29,Completed
T08000,190,398,Transfer,64444.29,2024-12-25,Pending
T08001,181,452,Transfer,2851774.4,2024-09-03,Pending
T08002,434,476,Transfer,2630503.52,2024-07-06,Pending
T08003,358,651,Transfer,1526542.36,2023-10-11,Failed
T08004,256,72,Bill Payment,1310.49,2023-07-03,Failed
T08005,327,253,Bill Payment,80831.55,2025-05-10,Completed
T08006,242,55,Bill Payment,79813.45,2025-09-13,Completed
T08007,74,74,Bill Payment,48680.03,2022-12-02,Completed
T08008,241,670,Bill Payment,31388.54,2025-04-18,Pending
T08009,7,610,Withdrawal,4044914.65,2023-07-11,Completed
T08010,134,455,Deposit,221740.82,2024-11-19,Completed
T08011,401,453,Deposit,1147681.96,2025-05-12,Pending
T08012,433,54,Deposit,556424.97,2023-02-18,Completed
T08013,166,175,Deposit,536465.03,2025-06-05,Pending
T08014,241,89,Transfer,1002895.69,2024-01-15,Failed
T08015,254,434,Bill Payment,28003.67,2024-03-28,Completed
T08016,124,239,Transfer,1990943.91,2024-07-16,Failed
T08017,401,417,Transfer,1122389.8,2022-10-12,Completed
T08018,123,235,Deposit,960349.82,2025-02-17,Failed
T08019,251,28,Withdrawal,3634736.74,2023-10-06,Pending
T08020,452,250,Deposit,1752929.94,2023-07-30,Completed
T08021,234,319,Withdrawal,1924249.33,2023-04-05,Pending
T08022,73,357,Withdrawal,3596985.28,2025-01-05,Failed
T08023,405,115,Bill Payment,64794.69,2023-03-02,Pending
T08024,219,242,Deposit,1988902,2025-05-23,Completed
T08025,8,582,Transfer,2290164.63,2024-04-19,Failed
T08026,483,159,Transfer,1519947.04,2025-01-20,Failed
T08027,305,156,Withdrawal,3964106.45,2024-12-01,Failed
T08028,35,358,Bill Payment,85796.48,2023-09-10,Failed
T08029,452,250,Withdrawal,4328917.97,2024-09-25,Failed
T08030,190,398,Bill Payment,66411.76,2025-06-04,Pending
T08031,192,81,Withdrawal,1368124.41,2025-07-25,Completed
T08032,206,128,Bill Payment,91749.36,2023-08-24,Pending
T08033,243,451,Deposit,861126.97,2023-12-08,Pending
T08034,357,373,Deposit,955643.05,2022-12-26,Completed
T08035,84,328,Bill Payment,60791.74,2023-08-01,Completed
T08036,8,125,Bill Payment,13711.12,2023-03-29,Completed
T08037,188,403,Withdrawal,4672379.42,2023-05-24,Pending
T08038,112,270,Bill Payment,30295.74,2025-09-03,Completed
T08039,305,607,Bill Payment,1655.99,2024-10-10,Pending
T08040,154,679,Transfer,1082177.35,2024-11-15,Completed
T08041,422,237,Withdrawal,1253436.54,2023-07-05,Completed
T08042,73,487,Deposit,1448735.05,2023-06-10,Pending
T08043,287,408,Withdrawal,1811217.2,2025-08-11,Completed
T08044,333,619,Deposit,658869.52,2022-12-10,Failed
T08045,259,178,Bill Payment,98492.71,2022-12-27,Completed
T08046,270,50,Deposit,1567651.37,2025-07-02,Completed
T08047,441,684,Deposit,166786.8,2024-04-22,Pending
T08048,11,435,Deposit,830848.67,2023-12-21,Failed
T08049,82,471,Withdrawal,2809678.68,2023-08-26,Pending
T08050,277,639,Deposit,279060.48,2024-08-10,Completed
T08051,422,237,Deposit,94234.13,2023-10-30,Failed
T08052,325,570,Withdrawal,3276087.67,2024-03-07,Completed
T08053,433,544,Transfer,1998195.25,2025-05-20,Pending
T08054,291,587,Deposit,1528441.98,2024-09-07,Failed
T08055,395,575,Bill Payment,47859.32,2022-12-11,Completed
T08056,22,691,Withdrawal,368808.27,2023-03-16,Pending
T08057,74,682,Transfer,1587911.3,2022-12-25,Pending
T08058,202,693,Bill Payment,94873.88,2025-01-16,Completed
T08059,65,644,Bill Payment,85622.22,2023-07-05,Pending
T08060,378,325,Bill Payment,7113.71,2023-06-07,Completed
T08061,390,130,Deposit,1544314.12,2022-11-19,Failed
T08062,79,561,Withdrawal,4394053.48,2024-10-27,Completed
T08063,299,421,Withdrawal,3753513.86,2024-12-12,Failed
T08064,287,408,Transfer,365131.97,2023-04-03,Pending
T08065,55,65,Withdrawal,4142521.42,2023-01-23,Completed
T08066,367,195,Bill Payment,26253.66,2023-10-05,Completed
T08067,117,643,Bill Payment,60794.31,2024-08-26,Pending
T08068,119,519,Withdrawal,1585003.95,2025-04-12,Failed
T08069,297,625,Deposit,827947.31,2025-03-23,Pending
T08070,339,445,Transfer,45344.13,2024-02-23,Completed
T08071,474,151,Withdrawal,3907980.3,2024-07-16,Failed
T08072,151,70,Withdrawal,3293287.45,2023-08-09,Pending
T08073,153,144,Withdrawal,4427670.43,2025-08-21,Failed
T08074,428,412,Bill Payment,91159.78,2024-02-22,Completed
T08075,346,390,Withdrawal,2306015.78,2023-09-27,Pending
T08076,194,620,Transfer,2537056.01,2023-03-25,Completed
T08077,263,191,Transfer,555434.77,2024-02-23,Failed
T08078,162,425,Transfer,774785.52,2023-09-23,Failed
T08079,472,533,Transfer,2280481.78,2023-03-06,Completed
T08080,273,645,Bill Payment,76697.72,2023-10-08,Failed
T08081,477,556,Bill Payment,50778.83,2024-07-06,Completed
T08082,355,77,Transfer,2349569.45,2023-08-11,Completed
T08083,250,227,Deposit,852458.32,2024-05-10,Completed
T08084,194,620,Deposit,641288.9,2023-09-12,Pending
T08085,250,491,Deposit,1681901.83,2023-01-27,Pending
T08086,73,357,Deposit,1541961.39,2024-10-05,Pending
T08087,496,171,Bill Payment,53111.6,2025-03-31,Failed
T08088,433,54,Withdrawal,4611549.42,2024-10-26,Failed
T08089,59,101,Withdrawal,80041.13,2022-12-28,Failed
T08090,334,273,Bill Payment,95376.24,2024-08-12,Pending
T08091,119,173,Deposit,825206.38,2023-05-18,Failed
T08092,430,407,Bill Payment,72512.11,2023-09-05,Completed
T08093,239,150,Withdrawal,1620680.42,2025-05-08,Pending
T08094,265,75,Deposit,350830.58,2024-09-10,Pending
T08095,467,353,Bill Payment,46893.87,2023-07-08,Completed
T08096,450,467,Withdrawal,3008619.92,2024-05-28,Pending
T08097,334,501,Transfer,2291040.81,2024-05-07,Completed
T08098,454,578,Withdrawal,1275024.56,2023-05-04,Pending
T08099,426,276,Deposit,147444.15,2024-09-15,Pending
T08100,497,692,Withdrawal,4938207.39,2023-08-02,Pending
T08101,201,13,Withdrawal,3552709.53,2025-06-12,Pending
T08102,430,152,Transfer,1179138.14,2024-04-14,Failed
T08103,53,475,Bill Payment,10496.89,2023-11-27,Completed
T08104,99,374,Transfer,2190984.81,2023-08-15,Completed
T08105,309,211,Withdrawal,154115.41,2024-03-09,Completed
T08106,414,557,Deposit,723306.75,2023-04-20,Completed
T08107,315,33,Withdrawal,2890604.47,2022-11-23,Completed
T08108,65,644,Transfer,2982681.75,2025-09-14,Failed
T08109,270,143,Bill Payment,22394.85,2025-03-06,Completed
T08110,400,114,Deposit,1776008.09,2023-01-05,Failed
T08111,422,535,Withdrawal,417039.49,2023-12-14,Failed
T08112,181,452,Withdrawal,3581629.24,2023-05-05,Pending
T08113,304,298,Transfer,448463.02,2023-03-26,Completed
T08114,310,484,Withdrawal,33910.9,2024-09-27,Failed
T08115,290,460,Deposit,1101051.17,2024-09-16,Completed
T08116,360,558,Bill Payment,25413.09,2024-07-15,Failed
T08117,256,72,Bill Payment,68219.65,2023-06-27,Completed
T08118,375,502,Bill Payment,76227.04,2024-03-21,Completed
T08119,273,645,Bill Payment,32692.09,2023-09-11,Completed
T08120,189,640,Transfer,1060770.61,2024-01-06,Completed
T08121,492,20,Deposit,1914011.62,2025-04-29,Completed
T08122,156,34,Deposit,1237077.64,2023-06-05,Failed
T08123,388,551,Transfer,2130160.87,2025-06-22,Completed
T08124,205,440,Withdrawal,1040748.17,2025-05-11,Completed
T08125,237,14,Withdrawal,2092289.58,2023-06-25,Pending
T08126,172,138,Withdrawal,1203894.93,2025-03-21,Completed
T08127,284,158,Withdrawal,15100,2025-02-09,Completed
T08128,119,686,Transfer,2048567.15,2023-09-26,Failed
T08129,67,282,Withdrawal,4978827.32,2023-02-16,Pending
T08130,276,210,Deposit,1961231.57,2024-07-05,Failed
T08131,372,145,Deposit,1729005.37,2024-12-23,Completed
T08132,327,426,Bill Payment,22189.24,2024-11-02,Pending
T08133,86,437,Bill Payment,83631.22,2023-09-06,Pending
T08134,202,693,Transfer,28244.6,2025-04-10,Completed
T08135,216,2,Transfer,1121762.05,2024-10-09,Pending
T08136,59,66,Deposit,779374.79,2024-09-22,Pending
T08137,63,401,Transfer,1741064.44,2023-12-12,Completed
T08138,489,32,Transfer,870804.52,2022-10-27,Failed
T08139,132,340,Deposit,200154.83,2024-07-31,Failed
T08140,96,672,Deposit,979857.98,2023-10-23,Pending
T08141,189,147,Bill Payment,83030.54,2023-10-24,Completed
T08142,375,529,Deposit,1172903.89,2024-02-25,Pending
T08143,44,99,Deposit,717650.24,2024-08-09,Pending
T08144,475,19,Bill Payment,61565.86,2025-03-23,Failed
T08145,327,426,Deposit,1461750.38,2023-09-15,Completed
T08146,42,126,Transfer,2509453.55,2025-04-11,Failed
T08147,132,340,Transfer,479811.78,2023-05-24,Completed
T08148,199,167,Withdrawal,3303633.92,2025-03-14,Failed
T08149,270,50,Transfer,1509891.4,2022-10-12,Failed
T08150,220,198,Bill Payment,64827.37,2024-07-14,Failed
T08151,115,312,Withdrawal,1749857.46,2022-12-12,Pending
T08152,451,59,Transfer,1491083.54,2022-12-06,Pending
T08153,82,179,Transfer,2238583.01,2024-10-05,Failed
T08154,394,204,Transfer,140645.21,2024-11-26,Completed
T08155,178,90,Deposit,1829313.57,2022-11-26,Completed
T08156,164,333,Transfer,1519873.81,2024-07-27,Pending
T08157,216,186,Bill Payment,44587.61,2025-01-07,Failed
T08158,43,566,Withdrawal,2009927.86,2024-06-08,Completed
T08159,303,85,Bill Payment,27708.4,2024-10-18,Failed
T08160,492,20,Withdrawal,100340.37,2025-09-21,Pending
T08161,198,547,Deposit,1413543.97,2023-03-06,Failed
T08162,476,483,Deposit,1673621.69,2024-09-06,Pending
T08163,151,70,Transfer,2480538.5,2024-11-12,Completed
T08164,332,183,Withdrawal,1840512.97,2023-10-13,Failed
T08165,364,337,Transfer,1982422.26,2023-02-11,Pending
T08166,357,611,Withdrawal,226932.68,2025-02-18,Failed
T08167,341,362,Bill Payment,44351.17,2022-10-24,Pending
T08168,324,508,Deposit,214396.04,2025-09-15,Completed
T08169,290,460,Withdrawal,92588.9,2024-06-27,Pending
T08170,132,340,Bill Payment,41226.55,2023-09-08,Completed
T08171,401,453,Transfer,975752.91,2023-04-29,Failed
T08172,196,107,Deposit,1994642.04,2024-04-13,Completed
T08173,88,563,Transfer,2903955.48,2024-01-07,Failed
T08174,434,476,Deposit,1596085.3,2023-10-11,Completed
T08175,73,357,Withdrawal,908488.8,2025-07-07,Completed
T08176,92,207,Bill Payment,70961.06,2023-02-22,Failed
T08177,214,385,Deposit,16020.92,2022-10-29,Failed
T08178,70,201,Transfer,1375789.93,2024-10-19,Failed
T08179,321,73,Withdrawal,3358423.46,2025-08-09,Failed
T08180,184,592,Withdrawal,36155.3,2024-01-21,Pending
T08181,422,288,Bill Payment,90260.14,2023-06-13,Failed
T08182,446,120,Withdrawal,3652882.6,2025-10-01,Failed
T08183,333,619,Bill Payment,57773.88,2024-09-17,Failed
T08184,390,130,Bill Payment,10602.74,2025-03-09,Pending
T08185,484,404,Deposit,1824774.49,2025-03-29,Completed
T08186,186,217,Bill Payment,74842.01,2022-11-11,Failed
T08187,202,693,Transfer,2647603.17,2024-09-10,Completed
T08188,320,526,Transfer,2201774.16,2024-09-24,Failed
T08189,39,630,Bill Payment,51301.7,2023-05-08,Completed
T08190,267,560,Transfer,2327939.01,2025-10-01,Failed
T08191,43,479,Bill Payment,69697.99,2024-06-25,Completed
T08192,159,583,Deposit,1290277.23,2023-07-19,Pending
T08193,477,243,Bill Payment,58779.81,2024-05-02,Failed
T08194,363,597,Transfer,2345610.44,2025-06-04,Pending
T08195,285,474,Transfer,2608710.14,2024-09-25,Pending
T08196,313,284,Deposit,1700073.04,2025-10-02,Completed
T08197,437,463,Bill Payment,58194.89,2025-06-14,Completed
T08198,86,437,Withdrawal,1928621.28,2022-10-07,Pending
T08199,287,292,Withdrawal,1489293.37,2025-06-05,Pending
T08200,429,364,Deposit,1378893.84,2023-01-22,Completed
T08201,146,266,Withdrawal,1705071.91,2024-05-24,Failed
T08202,121,528,Withdrawal,4604586.99,2025-09-12,Failed
T08203,135,338,Deposit,924391.45,2024-03-05,Failed
T08204,291,587,Bill Payment,36451.04,2025-01-06,Pending
T08205,477,462,Withdrawal,4609742.17,2022-11-24,Pending
T08206,135,338,Bill Payment,66632.72,2024-01-08,Failed
T08207,74,74,Bill Payment,47747.44,2024-07-27,Pending
T08208,489,224,Transfer,2031732.9,2023-11-28,Pending
T08209,184,216,Deposit,1992159.35,2025-09-23,Failed
T08210,460,687,Deposit,1612837.48,2025-05-13,Pending
T08211,62,477,Bill Payment,9482.55,2025-01-24,Failed
T08212,416,653,Withdrawal,1582198.42,2025-03-16,Completed
T08213,246,658,Deposit,984113.1,2023-08-22,Failed
T08214,489,224,Bill Payment,58428.43,2025-09-02,Completed
T08215,405,196,Withdrawal,3577767.27,2023-02-07,Failed
T08216,183,330,Transfer,41455.29,2025-05-25,Completed
T08217,256,419,Transfer,390122.56,2024-03-09,Failed
T08218,88,342,Deposit,1456226.8,2022-12-29,Completed
T08219,178,90,Withdrawal,4648553.51,2024-12-12,Failed
T08220,188,403,Transfer,587104.53,2025-08-18,Pending
T08221,493,244,Transfer,2083220.08,2024-04-22,Failed
T08222,3,339,Deposit,569844.58,2022-12-24,Pending
T08223,92,160,Transfer,1782909.47,2023-03-26,Completed
T08224,24,193,Withdrawal,4842925.95,2024-05-21,Completed
T08225,479,275,Bill Payment,48781.16,2024-04-24,Pending
T08226,11,435,Transfer,2658746.48,2024-09-26,Failed
T08227,459,249,Transfer,942232.95,2025-05-23,Pending
T08228,437,463,Deposit,1826537.37,2022-12-07,Completed
T08229,29,38,Deposit,822441,2024-04-24,Pending
T08230,185,258,Deposit,389525.87,2024-04-26,Pending
T08231,270,272,Transfer,1691020.61,2023-07-04,Pending
T08232,265,402,Deposit,1532059.67,2025-07-07,Completed
T08233,69,565,Withdrawal,4635930.57,2025-02-19,Failed
T08234,119,96,Withdrawal,2388567.83,2025-10-03,Failed
T08235,168,15,Bill Payment,32560.28,2023-01-17,Pending
T08236,195,415,Deposit,1812300.4,2025-02-22,Completed
T08237,378,154,Withdrawal,3281420.03,2023-08-19,Failed
T08238,251,28,Transfer,1158916.77,2023-05-08,Pending
T08239,60,430,Transfer,745372.97,2024-03-08,Completed
T08240,13,263,Transfer,1109465.62,2023-10-10,Pending
T08241,479,595,Transfer,153639.76,2025-01-20,Pending
T08242,248,218,Transfer,1286397.36,2023-03-30,Pending
T08243,494,511,Bill Payment,76839.22,2025-07-09,Failed
T08244,227,689,Transfer,2768834.37,2024-10-17,Completed
T08245,139,238,Withdrawal,2441304.96,2025-03-24,Completed
T08246,357,591,Deposit,526074.47,2025-09-30,Pending
T08247,184,37,Deposit,1039337.4,2023-08-26,Failed
T08248,429,251,Bill Payment,56599.96,2023-09-20,Failed
T08249,163,677,Withdrawal,4740252.78,2024-02-14,Pending
T08250,308,577,Deposit,367891.54,2024-04-04,Failed
T08251,16,189,Withdrawal,311282.28,2023-11-24,Pending
T08252,264,384,Transfer,2029765.49,2024-11-25,Pending
T08253,196,107,Bill Payment,77348.57,2025-08-26,Completed
T08254,483,443,Bill Payment,2473.32,2024-07-22,Failed
T08255,114,69,Transfer,2034806.6,2023-12-09,Completed
T08256,20,40,Deposit,414809.16,2022-12-28,Completed
T08257,336,259,Transfer,1834998.41,2023-01-11,Pending
T08258,198,447,Bill Payment,89415.27,2024-05-06,Completed
T08259,400,392,Withdrawal,3640851.1,2024-03-24,Failed
T08260,479,665,Withdrawal,3429649.53,2024-09-06,Failed
T08261,422,237,Deposit,1481394.91,2024-10-29,Completed
T08262,184,592,Bill Payment,78341.34,2024-11-21,Failed
T08263,474,151,Deposit,5387.7,2024-12-31,Pending
T08264,414,230,Deposit,961027.69,2023-04-13,Completed
T08265,259,178,Bill Payment,4308.16,2024-10-04,Completed
T08266,7,573,Withdrawal,4422418.31,2025-01-08,Failed
T08267,124,239,Bill Payment,44502.7,2025-08-23,Pending
T08268,63,187,Bill Payment,77962.44,2025-01-09,Pending
T08269,217,293,Transfer,1473241.16,2024-01-02,Failed
T08270,207,549,Bill Payment,78949.67,2024-09-06,Failed
T08271,36,149,Deposit,800758.59,2025-05-26,Completed
T08272,100,163,Deposit,1919991.46,2024-04-28,Completed
T08273,96,432,Deposit,1803122.78,2025-08-15,Pending
T08274,327,426,Bill Payment,36630.92,2025-09-15,Failed
T08275,220,332,Withdrawal,3703517.57,2023-01-14,Pending
T08276,143,503,Bill Payment,1412.78,2023-07-24,Failed
T08277,404,427,Deposit,1293641.39,2024-09-15,Pending
T08278,243,451,Withdrawal,3474177.68,2023-02-17,Pending
T08279,46,351,Withdrawal,1809574.04,2023-02-06,Completed
T08280,249,464,Bill Payment,69518.2,2024-06-02,Pending
T08281,45,507,Transfer,42774.97,2023-07-09,Completed
T08282,166,621,Transfer,1250014.28,2023-12-26,Pending
T08283,431,480,Bill Payment,77566.07,2023-02-01,Completed
T08284,339,445,Deposit,284987.26,2023-03-23,Failed
T08285,398,527,Bill Payment,95354.23,2023-06-17,Completed
T08286,441,559,Transfer,465612.09,2023-12-07,Failed
T08287,26,63,Withdrawal,2563734.95,2023-03-28,Completed
T08288,29,411,Deposit,1415033.81,2025-09-21,Pending
T08289,182,264,Deposit,875374.91,2023-05-22,Completed
T08290,174,350,Withdrawal,4328567.98,2024-11-14,Completed
T08291,481,661,Bill Payment,3424.21,2023-05-26,Pending
T08292,287,408,Deposit,1589899.51,2023-08-18,Completed
T08293,223,657,Bill Payment,37862.09,2024-12-21,Pending
T08294,184,592,Transfer,1908114.26,2025-06-05,Completed
T08295,250,478,Withdrawal,4487937.38,2022-11-09,Completed
T08296,75,269,Withdrawal,2783665.32,2024-01-03,Pending
T08297,493,244,Transfer,2016917.88,2024-07-13,Pending
T08298,108,86,Bill Payment,79201.15,2025-08-30,Completed
T08299,357,591,Deposit,1954219.68,2025-01-23,Failed
T08300,420,698,Transfer,1668715.32,2023-04-28,Failed
T08301,243,451,Deposit,1861958.52,2024-10-10,Completed
T08302,476,483,Deposit,1384432.3,2024-03-26,Failed
T08303,326,410,Bill Payment,87235.04,2024-07-18,Completed
T08304,303,376,Withdrawal,198008.53,2024-08-24,Pending
T08305,479,665,Deposit,1449200.02,2025-07-02,Completed
T08306,476,483,Transfer,175116.37,2022-11-07,Completed
T08307,481,231,Bill Payment,97506.69,2023-12-31,Failed
T08308,231,382,Bill Payment,59750.55,2023-07-25,Pending
T08309,305,156,Transfer,1237145.46,2023-01-10,Failed
T08310,242,55,Transfer,2923349.46,2022-11-08,Completed
T08311,32,36,Deposit,102957.68,2023-09-30,Pending
T08312,79,53,Deposit,992976.14,2024-12-20,Failed
T08313,440,371,Deposit,1453162.27,2025-07-02,Completed
T08314,231,382,Deposit,297620.23,2024-03-09,Failed
T08315,184,296,Bill Payment,16430.88,2024-07-05,Failed
T08316,320,236,Withdrawal,164827.78,2025-03-21,Completed
T08317,22,691,Withdrawal,3100900.15,2024-03-20,Pending
T08318,99,374,Bill Payment,26976.14,2025-07-19,Pending
T08319,22,691,Transfer,1920191.11,2025-07-04,Failed
T08320,117,433,Transfer,1785211.59,2024-02-23,Failed
T08321,437,463,Transfer,763587.57,2024-10-29,Completed
T08322,65,355,Withdrawal,1918505.68,2025-04-13,Failed
T08323,433,697,Transfer,2007012.7,2025-08-04,Completed
T08324,41,58,Transfer,250600.13,2025-09-21,Pending
T08325,162,116,Transfer,2335791.65,2025-01-05,Completed
T08326,181,452,Transfer,118528.46,2025-02-03,Failed
T08327,303,376,Deposit,1800962.96,2024-08-26,Completed
T08328,234,245,Bill Payment,93749.45,2024-09-15,Failed
T08329,320,236,Bill Payment,78962.53,2024-01-20,Pending
T08330,477,588,Bill Payment,37994.12,2025-03-04,Completed
T08331,202,693,Bill Payment,76735.54,2023-04-27,Completed
T08332,403,543,Transfer,1030843.38,2024-01-24,Completed
T08333,409,469,Transfer,1796335.69,2023-06-28,Completed
T08334,488,372,Transfer,1846323.31,2023-11-12,Pending
T08335,375,529,Deposit,550427.38,2023-09-22,Failed
T08336,330,627,Deposit,1031258.36,2024-10-26,Completed
T08337,135,346,Bill Payment,17174.45,2024-05-04,Failed
T08338,324,47,Transfer,1332904.06,2023-12-26,Pending
T08339,3,339,Deposit,1130092.38,2022-12-17,Failed
T08340,128,572,Bill Payment,20989.06,2023-05-23,Pending
T08341,82,383,Withdrawal,1587372.32,2024-04-05,Pending
T08342,477,606,Deposit,194793.83,2023-12-20,Completed
T08343,387,93,Deposit,1822132.58,2024-09-12,Failed
T08344,196,381,Deposit,1924338.64,2023-06-20,Pending
T08345,299,421,Bill Payment,89717.06,2025-05-23,Failed
T08346,351,568,Transfer,1789564.66,2023-06-11,Completed
T08347,259,79,Withdrawal,1785472.3,2025-01-13,Failed
T08348,71,422,Deposit,1000410.16,2023-12-22,Completed
T08349,433,54,Bill Payment,72348.98,2023-07-15,Completed
T08350,132,667,Transfer,2079693.33,2023-07-04,Failed
T08351,84,9,Deposit,1769557.11,2025-09-15,Completed
T08352,445,673,Bill Payment,26543.25,2025-08-05,Pending
T08353,261,631,Bill Payment,66303.51,2023-05-31,Completed
T08354,84,9,Transfer,2554760.81,2023-06-12,Pending
T08355,267,560,Withdrawal,4113357.17,2023-10-09,Failed
T08356,51,496,Deposit,1436664.15,2023-04-04,Completed
T08357,59,66,Transfer,1411705.86,2022-12-07,Failed
T08358,207,262,Transfer,1340845.9,2024-02-08,Pending
T08359,196,6,Transfer,523927.52,2025-03-15,Completed
T08360,450,467,Deposit,963817.05,2023-04-19,Failed
T08361,336,259,Bill Payment,98668,2024-08-19,Completed
T08362,175,83,Transfer,1289625.33,2023-11-13,Pending
T08363,240,188,Bill Payment,33661.31,2024-05-01,Completed
T08364,24,278,Transfer,2401928.84,2023-07-18,Failed
T08365,216,186,Bill Payment,44656.82,2023-08-19,Pending
T08366,245,635,Bill Payment,59009.06,2025-02-24,Failed
T08367,111,538,Bill Payment,94076.76,2022-11-27,Pending
T08368,132,301,Transfer,988503.56,2025-08-03,Pending
T08369,437,463,Transfer,2899445.26,2024-02-09,Completed
T08370,3,285,Deposit,231535.57,2024-03-22,Failed
T08371,440,140,Withdrawal,2080328.32,2023-05-22,Completed
T08372,364,337,Bill Payment,18281.31,2024-05-06,Pending
T08373,70,341,Deposit,1975748.44,2024-08-31,Failed
T08374,421,214,Transfer,1130942.25,2025-01-20,Completed
T08375,375,529,Deposit,222204.39,2023-06-14,Pending
T08376,378,541,Transfer,2362984.1,2025-01-10,Pending
T08377,333,619,Withdrawal,2110239.68,2024-01-16,Failed
T08378,35,358,Bill Payment,11970.96,2023-04-11,Completed
T08379,121,369,Bill Payment,55483,2022-11-12,Pending
T08380,440,140,Withdrawal,3506451.62,2024-06-24,Completed
T08381,98,64,Bill Payment,2919.46,2024-11-18,Pending
T08382,376,344,Transfer,1555620.92,2023-05-18,Pending
T08383,139,238,Deposit,757845.34,2024-09-15,Completed
T08384,243,134,Bill Payment,63603,2024-02-14,Pending
T08385,111,248,Withdrawal,265234.82,2023-06-04,Pending
T08386,497,692,Withdrawal,4042322.95,2022-10-11,Failed
T08387,267,504,Deposit,1074022.97,2025-01-30,Failed
T08388,479,665,Withdrawal,1422059.8,2024-12-01,Pending
T08389,228,361,Bill Payment,18886.5,2024-03-02,Completed
T08390,58,108,Withdrawal,3128091.13,2025-07-06,Completed
T08391,414,557,Deposit,983339.69,2025-10-04,Completed
T08392,463,571,Bill Payment,54004.67,2024-01-07,Completed
T08393,473,405,Bill Payment,7849.67,2024-10-10,Failed
T08394,416,306,Transfer,1867937.4,2023-12-29,Failed
T08395,132,340,Bill Payment,37733.23,2025-03-14,Pending
T08396,199,444,Transfer,2126098.29,2025-08-05,Pending
T08397,331,82,Deposit,330912.07,2023-05-21,Failed
T08398,433,697,Withdrawal,1693604.1,2025-03-01,Completed
T08399,22,176,Bill Payment,43335.85,2024-08-21,Completed
T08400,89,324,Transfer,1170644.77,2024-03-14,Failed
T08401,166,621,Transfer,527221.55,2025-09-09,Failed
T08402,103,161,Transfer,1347298.07,2023-03-28,Completed
T08403,364,337,Withdrawal,223235.62,2024-10-18,Completed
T08404,119,686,Withdrawal,4198835.67,2022-12-06,Completed
T08405,1,632,Bill Payment,9207.97,2023-05-09,Failed
T08406,344,172,Withdrawal,3729214.97,2025-08-23,Completed
T08407,1,213,Bill Payment,94470.06,2025-02-06,Failed
T08408,198,447,Transfer,380764.66,2023-04-04,Pending
T08409,387,493,Bill Payment,13704.78,2024-01-26,Failed
T08410,341,680,Transfer,558864.73,2022-11-12,Completed
T08411,56,542,Bill Payment,73904.22,2024-06-19,Completed
T08412,452,250,Withdrawal,32454.55,2025-05-21,Pending
T08413,290,460,Withdrawal,4155978.02,2023-09-12,Pending
T08414,331,82,Deposit,813696.44,2024-08-27,Failed
T08415,434,550,Withdrawal,4119571.26,2024-04-12,Pending
T08416,123,654,Transfer,2439890.86,2023-02-25,Failed
T08417,278,378,Bill Payment,24347.52,2024-02-23,Pending
T08418,259,178,Withdrawal,4770245.04,2022-12-29,Completed
T08419,249,464,Bill Payment,64467.24,2025-05-06,Completed
T08420,41,58,Transfer,992109.68,2025-06-27,Pending
T08421,433,544,Transfer,2117303.78,2023-08-04,Pending
T08422,489,224,Deposit,1883065.84,2025-03-29,Pending
T08423,33,226,Withdrawal,851906.16,2024-12-30,Pending
T08424,410,459,Deposit,624688.84,2023-09-15,Completed
T08425,208,261,Deposit,1526722.71,2023-12-10,Completed
T08426,132,340,Transfer,1013584.58,2023-08-05,Pending
T08427,338,534,Withdrawal,4905538.85,2022-11-09,Pending
T08428,297,470,Deposit,586696.78,2023-02-11,Completed
T08429,327,426,Bill Payment,97109.49,2025-01-18,Failed
T08430,115,71,Transfer,2366250.56,2024-08-26,Pending
T08431,416,653,Transfer,1199492.87,2025-08-21,Failed
T08432,372,472,Withdrawal,2638689.51,2025-08-13,Pending
T08433,346,390,Deposit,594391.44,2023-02-17,Pending
T08434,121,528,Transfer,2238510.64,2024-12-08,Pending
T08435,253,512,Withdrawal,1036938.24,2024-06-08,Failed
T08436,332,183,Deposit,1929703.08,2023-08-03,Completed
T08437,149,291,Transfer,1057071.7,2024-11-04,Pending
T08438,193,449,Deposit,21629.61,2024-02-10,Pending
T08439,261,166,Withdrawal,3387273.65,2025-04-28,Pending
T08440,476,321,Transfer,2876681.61,2025-05-01,Pending
T08441,67,282,Deposit,976635.31,2024-12-07,Completed
T08442,441,652,Transfer,619383.78,2022-12-31,Completed
T08443,153,132,Deposit,451165.16,2025-08-05,Completed
T08444,437,590,Deposit,1387771.27,2024-04-17,Completed
T08445,151,517,Bill Payment,9202.63,2024-06-13,Pending
T08446,425,148,Withdrawal,1239507.81,2023-05-22,Pending
T08447,88,563,Deposit,641276.73,2024-07-30,Failed
T08448,404,78,Deposit,1081905.82,2024-05-01,Completed
T08449,446,120,Transfer,2455919.15,2024-05-26,Completed
T08450,409,469,Transfer,2513196.73,2024-05-06,Completed
T08451,214,334,Bill Payment,45892.58,2022-10-23,Completed
T08452,441,652,Bill Payment,49151.12,2023-12-21,Failed
T08453,372,472,Deposit,1995969.97,2024-03-23,Pending
T08454,173,375,Bill Payment,66039.02,2024-04-02,Pending
T08455,285,474,Transfer,1060682.95,2024-01-26,Pending
T08456,340,349,Transfer,1835010.43,2024-08-27,Pending
T08457,217,377,Deposit,1782119.09,2025-02-22,Pending
T08458,479,665,Withdrawal,3441956.34,2023-02-18,Pending
T08459,172,138,Deposit,886499.33,2023-09-05,Pending
T08460,398,527,Transfer,2626057.45,2024-08-25,Pending
T08461,355,77,Withdrawal,3121703.88,2024-07-11,Completed
T08462,476,321,Withdrawal,3695603.65,2024-08-22,Failed
T08463,303,376,Withdrawal,4045216.55,2023-12-27,Completed
T08464,332,465,Withdrawal,3874435.34,2023-06-16,Completed
T08465,484,404,Transfer,289293.94,2024-07-24,Completed
T08466,297,625,Withdrawal,463564.32,2024-07-09,Pending
T08467,267,504,Transfer,2131742.36,2023-05-09,Pending
T08468,266,153,Deposit,1607760.12,2025-04-04,Completed
T08469,150,681,Withdrawal,2368447.84,2025-04-20,Pending
T08470,204,638,Transfer,1389956.6,2023-02-15,Completed
T08471,320,526,Withdrawal,1501627.4,2023-05-16,Completed
T08472,19,194,Transfer,2049764.39,2023-08-23,Completed
T08473,465,177,Deposit,1571654.92,2024-01-19,Failed
T08474,287,292,Transfer,29315.97,2024-10-11,Failed
T08475,259,178,Withdrawal,4993343,2024-12-29,Pending
T08476,235,240,Transfer,1932135.25,2024-03-09,Completed
T08477,437,590,Transfer,271217.42,2023-01-15,Failed
T08478,168,91,Deposit,723713.97,2025-04-09,Failed
T08479,296,169,Transfer,1434846.51,2024-05-10,Pending
T08480,363,597,Deposit,1414950.4,2023-02-19,Pending
T08481,297,490,Transfer,266077.62,2022-10-15,Failed
T08482,477,243,Withdrawal,1625262.53,2024-07-02,Pending
T08483,84,9,Deposit,1107599.49,2025-06-23,Failed
T08484,178,90,Deposit,408290.74,2023-12-03,Pending
T08485,124,239,Transfer,2403233.46,2024-07-09,Failed
T08486,303,376,Bill Payment,6958.87,2023-07-03,Completed
T08487,440,616,Bill Payment,69221.26,2025-02-14,Pending
T08488,357,438,Bill Payment,8809.7,2024-09-21,Pending
T08489,234,245,Transfer,2458250,2025-03-05,Completed
T08490,446,120,Withdrawal,130573.64,2023-05-05,Completed
T08491,245,635,Deposit,1765760.86,2023-08-10,Failed
T08492,280,209,Deposit,1987867.1,2023-07-20,Completed
T08493,127,95,Transfer,1776393.04,2024-05-20,Pending
T08494,396,574,Deposit,325940.93,2023-12-28,Failed
T08495,294,617,Deposit,1112337.97,2025-02-11,Failed
T08496,378,541,Deposit,1157002.17,2024-11-05,Failed
T08497,242,423,Transfer,2428803.72,2022-12-09,Completed
T08498,24,193,Deposit,1649090.94,2024-01-17,Completed
T08499,202,693,Deposit,1026517.33,2025-04-01,Completed
T08500,460,687,Withdrawal,961774.17,2024-01-20,Pending
T08501,214,576,Withdrawal,471406.8,2024-11-10,Completed
T08502,235,240,Bill Payment,88112.05,2025-02-19,Failed
T08503,69,409,Bill Payment,5478.07,2024-09-23,Pending
T08504,115,71,Bill Payment,8599.11,2023-09-18,Failed
T08505,259,223,Deposit,1236952.11,2022-11-15,Failed
T08506,250,491,Transfer,107776.25,2022-10-08,Completed
T08507,405,115,Withdrawal,3611162.64,2023-06-01,Completed
T08508,259,24,Withdrawal,1362881.75,2023-11-17,Pending
T08509,305,607,Transfer,1289857.06,2024-01-14,Pending
T08510,259,79,Transfer,2683150.44,2025-06-26,Pending
T08511,63,401,Transfer,174565.12,2025-06-19,Failed
T08512,324,508,Bill Payment,34740.57,2024-10-08,Failed
T08513,284,158,Transfer,2122604.96,2023-04-15,Failed
T08514,82,471,Withdrawal,1131242.16,2025-07-16,Pending
T08515,421,214,Deposit,789050.69,2025-08-04,Completed
T08516,154,679,Bill Payment,95972.13,2023-12-25,Failed
T08517,259,79,Deposit,1304819.93,2024-07-14,Failed
T08518,241,57,Transfer,2311744.38,2023-07-10,Failed
T08519,243,451,Deposit,1908235.66,2024-11-07,Failed
T08520,330,627,Bill Payment,85985.39,2025-09-07,Completed
T08521,393,62,Bill Payment,39953.84,2025-07-02,Pending
T08522,259,24,Deposit,691067.28,2023-10-20,Failed
T08523,422,288,Bill Payment,91408.34,2022-11-18,Pending
T08524,430,407,Withdrawal,4306622.82,2023-04-08,Completed
T08525,159,254,Withdrawal,3450418.91,2023-12-09,Completed
T08526,421,30,Bill Payment,10898.69,2024-11-08,Failed
T08527,288,326,Deposit,1562811.12,2023-01-16,Failed
T08528,324,508,Deposit,549059.35,2025-04-22,Completed
T08529,7,573,Bill Payment,19870.28,2024-04-18,Completed
T08530,388,222,Transfer,646869.98,2025-03-25,Completed
T08531,72,416,Transfer,2668712.3,2024-10-20,Pending
T08532,132,301,Transfer,2645114.05,2025-03-01,Failed
T08533,296,539,Withdrawal,3115633.07,2024-08-12,Failed
T08534,22,176,Withdrawal,2341133.39,2023-11-09,Failed
T08535,196,6,Bill Payment,18731.76,2025-06-06,Failed
T08536,164,333,Withdrawal,3429797.81,2025-09-04,Failed
T08537,135,346,Transfer,1068534.13,2024-10-13,Completed
T08538,186,217,Deposit,1788383.67,2025-09-17,Pending
T08539,226,25,Withdrawal,4596770.2,2023-04-08,Failed
T08540,497,170,Withdrawal,2142399.41,2024-05-06,Failed
T08541,395,575,Withdrawal,2739472.85,2024-12-09,Pending
T08542,70,201,Bill Payment,87815.64,2025-03-16,Failed
T08543,220,198,Withdrawal,4764284.64,2022-11-01,Failed
T08544,239,18,Deposit,516566.18,2023-11-12,Completed
T08545,71,422,Transfer,1317207.69,2023-06-14,Failed
T08546,234,319,Bill Payment,42167.05,2025-03-26,Pending
T08547,239,530,Bill Payment,73831.62,2023-01-03,Failed
T08548,334,273,Deposit,786093.21,2023-05-20,Pending
T08549,168,91,Withdrawal,193917.04,2024-02-13,Completed
T08550,470,109,Bill Payment,33358.34,2024-09-20,Completed
T08551,93,589,Bill Payment,48130.51,2025-09-15,Completed
T08552,8,125,Transfer,1075371.58,2023-05-03,Pending
T08553,286,5,Deposit,222260.83,2024-04-12,Pending
T08554,466,260,Deposit,740057.98,2023-06-15,Completed
T08555,360,558,Deposit,1413613.87,2022-12-26,Failed
T08556,175,220,Bill Payment,89174.08,2023-12-02,Completed
T08557,162,425,Bill Payment,11914.45,2024-04-18,Pending
T08558,455,396,Deposit,1719565.44,2024-07-17,Pending
T08559,404,78,Deposit,1033035.85,2025-06-19,Completed
T08560,326,410,Deposit,1565496.86,2024-04-10,Pending
T08561,28,348,Transfer,1137561.98,2022-12-19,Pending
T08562,173,265,Withdrawal,3707850.95,2023-12-29,Failed
T08563,327,253,Bill Payment,50705.06,2024-01-01,Pending
T08564,139,238,Bill Payment,45262.49,2025-01-04,Pending
T08565,251,28,Withdrawal,1451048.96,2025-06-23,Failed
T08566,499,280,Transfer,842788.94,2023-02-01,Pending
T08567,497,581,Transfer,2023864.26,2024-12-11,Pending
T08568,421,30,Deposit,462119.29,2023-08-02,Completed
T08569,241,89,Deposit,1202146.86,2025-06-06,Pending
T08570,67,659,Withdrawal,761786.58,2023-07-16,Completed
T08571,33,226,Bill Payment,80006.19,2023-02-28,Pending
T08572,344,274,Withdrawal,3452637.24,2025-04-22,Failed
T08573,472,456,Withdrawal,1953503.74,2023-06-21,Failed
T08574,139,238,Transfer,1974531.54,2025-01-26,Completed
T08575,479,595,Transfer,2513277.42,2024-02-18,Failed
T08576,477,462,Deposit,1959690.66,2024-02-08,Failed
T08577,93,199,Transfer,88615.3,2025-09-03,Failed
T08578,194,620,Deposit,813071.88,2024-01-15,Pending
T08579,156,34,Deposit,139731.56,2023-11-30,Pending
T08580,146,266,Deposit,481475.89,2025-09-03,Failed
T08581,65,644,Transfer,1686137.77,2025-09-23,Completed
T08582,262,486,Bill Payment,3489.22,2025-09-08,Failed
T08583,440,431,Withdrawal,4052544.13,2024-04-20,Failed
T08584,3,339,Transfer,2628880.56,2023-03-02,Completed
T08585,322,313,Withdrawal,2969995.02,2025-01-12,Pending
T08586,207,262,Transfer,1839363.58,2025-03-24,Pending
T08587,262,439,Transfer,881404.19,2024-04-03,Completed
T08588,48,488,Transfer,2534300.18,2023-05-16,Completed
T08589,73,487,Transfer,506083.93,2022-10-25,Completed
T08590,201,13,Deposit,830104.6,2023-05-05,Failed
T08591,114,69,Bill Payment,20548.9,2024-12-17,Pending
T08592,325,473,Transfer,2091504.45,2023-12-16,Pending
T08593,59,600,Withdrawal,1171940.24,2024-05-06,Failed
T08594,71,121,Bill Payment,71188.72,2024-10-27,Failed
T08595,141,234,Withdrawal,2113390.44,2024-07-06,Failed
T08596,398,527,Bill Payment,71871.35,2024-03-16,Failed
T08597,463,700,Deposit,106515.12,2023-06-15,Pending
T08598,237,14,Bill Payment,55662.95,2023-03-13,Completed
T08599,362,129,Transfer,1908955.73,2023-09-08,Pending
T08600,290,460,Bill Payment,95208.67,2023-06-02,Failed
T08601,470,246,Deposit,1712941.59,2024-11-24,Failed
T08602,85,309,Transfer,270041.63,2023-09-13,Pending
T08603,259,178,Withdrawal,1567582.86,2023-07-24,Pending
T08604,378,154,Withdrawal,3199893.77,2025-02-18,Pending
T08605,388,174,Bill Payment,71322.89,2025-05-14,Pending
T08606,315,675,Bill Payment,57420.45,2025-09-10,Failed
T08607,206,128,Withdrawal,242340.81,2024-12-29,Completed
T08608,162,425,Transfer,1135382.16,2025-01-08,Failed
T08609,68,468,Bill Payment,9676.05,2025-02-07,Completed
T08610,174,350,Withdrawal,4417773.79,2025-09-29,Failed
T08611,26,67,Bill Payment,95982.61,2023-03-31,Failed
T08612,422,535,Transfer,219416.48,2024-07-14,Failed
T08613,137,3,Bill Payment,72799.36,2024-09-19,Completed
T08614,482,119,Bill Payment,12014.1,2023-01-31,Pending
T08615,29,411,Transfer,764108.51,2023-04-04,Failed
T08616,224,666,Deposit,1935689.47,2023-04-26,Failed
T08617,151,517,Withdrawal,302692.85,2022-10-31,Failed
T08618,409,469,Transfer,2400833.12,2024-10-18,Completed
T08619,262,310,Bill Payment,21367.28,2024-03-28,Failed
T08620,460,687,Transfer,2910219.54,2024-02-01,Completed
T08621,356,247,Bill Payment,99998.89,2025-09-12,Failed
T08622,474,495,Transfer,1678923.79,2024-04-20,Failed
T08623,324,508,Bill Payment,572.71,2023-05-08,Pending
T08624,396,574,Deposit,1265229.77,2024-08-21,Pending
T08625,459,249,Withdrawal,1672337.23,2025-04-20,Completed
T08626,103,161,Deposit,1502053.2,2024-12-25,Failed
T08627,280,569,Deposit,1101427.48,2024-03-19,Completed
T08628,497,170,Bill Payment,48358.78,2023-06-29,Failed
T08629,393,62,Bill Payment,66617.84,2024-01-21,Pending
T08630,492,20,Withdrawal,2706171.9,2022-11-18,Pending
T08631,280,209,Withdrawal,4144894.79,2023-04-07,Failed
T08632,188,370,Bill Payment,6411.41,2023-09-15,Pending
T08633,448,413,Withdrawal,4875481.98,2023-04-22,Failed
T08634,216,2,Deposit,378229.37,2025-09-17,Failed
T08635,310,484,Deposit,1664017.25,2023-05-14,Failed
T08636,259,608,Deposit,894312.44,2025-09-07,Completed
T08637,425,500,Deposit,1055695.66,2023-09-21,Failed
T08638,404,427,Bill Payment,75170.87,2024-01-25,Failed
T08639,481,231,Withdrawal,183885.69,2023-04-17,Failed
T08640,32,36,Withdrawal,1365539.16,2023-08-26,Pending
T08641,301,609,Withdrawal,3362260.27,2023-04-25,Failed
T08642,37,446,Bill Payment,72281.38,2023-02-04,Failed
T08643,243,451,Bill Payment,93393.58,2024-07-25,Completed
T08644,261,631,Bill Payment,34826.56,2025-09-12,Pending
T08645,394,294,Transfer,2436316.26,2023-03-27,Pending
T08646,378,325,Bill Payment,13409.84,2023-02-02,Pending
T08647,473,405,Transfer,2031106.71,2022-11-03,Completed
T08648,219,613,Withdrawal,2511223.45,2024-10-26,Pending
T08649,267,601,Transfer,1495486.44,2024-08-04,Failed
T08650,162,359,Deposit,1718279.53,2022-12-10,Completed
T08651,93,199,Transfer,1001866.03,2023-08-06,Completed
T08652,266,153,Deposit,372212.28,2023-03-21,Completed
T08653,430,407,Withdrawal,292679.57,2022-11-24,Completed
T08654,383,399,Transfer,1036267.14,2025-07-25,Pending
T08655,135,454,Withdrawal,1208368.92,2024-12-10,Failed
T08656,156,34,Bill Payment,75373.23,2025-04-13,Pending
T08657,39,41,Bill Payment,22787.32,2023-01-05,Completed
T08658,199,444,Transfer,440340.15,2024-10-02,Completed
T08659,318,279,Bill Payment,40031.24,2023-04-07,Pending
T08660,217,377,Deposit,250726.19,2023-11-02,Failed
T08661,128,572,Withdrawal,2411456.32,2022-12-11,Failed
T08662,93,589,Deposit,124166.62,2023-01-15,Pending
T08663,35,215,Bill Payment,72360.64,2024-01-16,Pending
T08664,170,615,Withdrawal,971418.57,2025-08-07,Pending
T08665,339,445,Withdrawal,1086279.74,2022-10-20,Pending
T08666,397,133,Withdrawal,2664418.28,2023-03-03,Pending
T08667,326,410,Withdrawal,3866879.51,2023-04-15,Failed
T08668,422,237,Bill Payment,14067.3,2025-04-26,Completed
T08669,466,510,Withdrawal,932006.45,2023-08-20,Failed
T08670,1,213,Deposit,71172.43,2025-04-04,Completed
T08671,476,483,Deposit,14307.79,2023-08-11,Failed
T08672,429,599,Transfer,428153.49,2023-07-19,Completed
T08673,185,258,Deposit,409225.72,2025-08-11,Pending
T08674,122,12,Transfer,592942.28,2024-04-03,Completed
T08675,98,202,Deposit,1264695.35,2022-11-19,Failed
T08676,398,527,Withdrawal,2667342.43,2023-02-23,Pending
T08677,69,409,Deposit,256201.35,2023-05-19,Failed
T08678,395,499,Deposit,539129.72,2023-12-09,Completed
T08679,243,451,Deposit,1185087.38,2025-03-23,Failed
T08680,246,658,Transfer,2258346.83,2024-03-28,Failed
T08681,183,694,Deposit,955298.25,2024-04-04,Pending
T08682,328,586,Bill Payment,54081.34,2023-06-11,Failed
T08683,117,643,Bill Payment,29649.66,2024-11-20,Failed
T08684,164,366,Transfer,907703.98,2025-05-14,Failed
T08685,425,148,Deposit,735614.35,2023-10-15,Failed
T08686,73,553,Withdrawal,2318373.6,2024-11-27,Failed
T08687,131,162,Bill Payment,29007.63,2025-03-08,Pending
T08688,300,212,Withdrawal,3146565.68,2023-01-19,Pending
T08689,142,203,Bill Payment,52287.23,2023-03-07,Pending
T08690,1,632,Withdrawal,1316106.71,2025-03-21,Completed
T08691,296,539,Withdrawal,3178660.5,2022-10-26,Failed
T08692,83,39,Withdrawal,3016548.05,2025-01-03,Failed
T08693,347,622,Bill Payment,91379.16,2023-09-07,Failed
T08694,227,689,Withdrawal,3388919.99,2023-07-29,Completed
T08695,231,382,Deposit,476426,2023-12-16,Completed
T08696,301,609,Transfer,2272803.98,2023-06-28,Failed
T08697,440,431,Transfer,2393704.51,2025-01-16,Completed
T08698,420,698,Deposit,255969.67,2022-10-11,Completed
T08699,10,406,Bill Payment,43496.71,2023-03-07,Failed
T08700,479,665,Bill Payment,63825.86,2023-09-02,Completed
T08701,448,413,Bill Payment,22393.08,2024-11-26,Pending
T08702,45,507,Bill Payment,47156.02,2024-10-11,Pending
T08703,8,582,Bill Payment,24736.65,2024-04-26,Failed
T08704,59,598,Transfer,2172615.01,2025-09-23,Completed
T08705,305,1,Withdrawal,2639158.02,2025-04-07,Completed
T08706,191,318,Withdrawal,4282724.93,2023-07-19,Pending
T08707,119,173,Withdrawal,516713.69,2024-08-17,Pending
T08708,234,580,Bill Payment,24277.14,2025-08-16,Failed
T08709,401,453,Transfer,618091.74,2023-03-20,Failed
T08710,162,425,Withdrawal,2983257.55,2023-07-12,Pending
T08711,39,630,Transfer,2750903.03,2024-04-08,Pending
T08712,56,8,Withdrawal,2782100.93,2024-05-16,Pending
T08713,322,329,Transfer,1244567.04,2024-07-24,Pending
T08714,154,679,Transfer,595559.92,2023-09-02,Pending
T08715,346,60,Bill Payment,21798.32,2024-12-11,Completed
T08716,378,154,Deposit,31892.51,2023-09-23,Completed
T08717,43,479,Withdrawal,1901466.93,2024-06-29,Pending
T08718,250,227,Withdrawal,1755269.14,2023-03-29,Pending
T08719,445,673,Bill Payment,20568.29,2024-02-05,Failed
T08720,263,191,Withdrawal,4735421,2023-04-15,Completed
T08721,287,292,Bill Payment,26863.38,2024-09-27,Completed
T08722,219,613,Deposit,852456,2023-03-25,Pending
T08723,196,6,Deposit,1160730.48,2024-12-20,Completed
T08724,426,618,Deposit,605076.21,2023-05-04,Failed
T08725,60,442,Bill Payment,72027.75,2024-11-13,Failed
T08726,259,24,Bill Payment,20866.48,2024-04-18,Failed
T08727,284,158,Bill Payment,31023.22,2025-10-03,Pending
T08728,128,572,Withdrawal,3322703.32,2023-12-26,Failed
T08729,164,366,Transfer,1890487.73,2025-02-16,Pending
T08730,89,94,Bill Payment,99172.8,2022-12-07,Completed
T08731,1,632,Deposit,1199140.5,2023-02-09,Pending
T08732,218,100,Bill Payment,29334.31,2024-02-26,Failed
T08733,445,673,Transfer,1915682.6,2024-11-09,Failed
T08734,267,111,Deposit,571485.47,2023-04-02,Pending
T08735,327,253,Transfer,1255691.46,2024-05-24,Failed
T08736,457,308,Transfer,2742542.66,2023-12-19,Completed
T08737,235,240,Bill Payment,76834.54,2024-09-13,Completed
T08738,214,334,Withdrawal,2506366.08,2025-04-24,Failed
T08739,481,31,Transfer,1167278.73,2024-02-01,Pending
T08740,178,90,Withdrawal,2213067.78,2025-09-06,Pending
T08741,494,461,Bill Payment,9148.03,2024-08-24,Failed
T08742,73,553,Withdrawal,4883345.47,2023-09-20,Pending
T08743,142,252,Transfer,1064603.18,2025-02-11,Failed
T08744,448,413,Transfer,1857099.44,2024-06-28,Failed
T08745,447,42,Bill Payment,15858.49,2023-12-30,Pending
T08746,346,60,Withdrawal,1199478.51,2024-07-30,Failed
T08747,454,585,Bill Payment,28113.84,2023-07-25,Failed
T08748,90,656,Withdrawal,1326823.35,2023-01-21,Completed
T08749,416,306,Withdrawal,1792277.06,2024-10-12,Failed
T08750,72,416,Transfer,530823.93,2025-08-24,Completed
T08751,35,192,Deposit,1372215.49,2024-04-27,Pending
T08752,315,33,Withdrawal,2522515.1,2023-07-10,Completed
T08753,196,6,Deposit,419549.12,2022-10-24,Pending
T08754,60,430,Transfer,1145591.55,2025-08-17,Completed
T08755,261,307,Deposit,424269.15,2024-11-06,Pending
T08756,146,266,Bill Payment,27692.85,2025-08-14,Pending
T08757,363,597,Deposit,1314318.32,2023-03-17,Completed
T08758,86,437,Deposit,372932.25,2024-06-11,Completed
T08759,17,347,Deposit,1970033.42,2024-08-15,Completed
T08760,93,589,Bill Payment,69905.38,2024-12-24,Pending
T08761,69,565,Bill Payment,71045.05,2025-07-24,Failed
T08762,256,72,Deposit,85289.11,2025-08-20,Pending
T08763,42,126,Transfer,1563640.81,2023-02-14,Completed
T08764,384,221,Withdrawal,1864661.47,2023-04-08,Failed
T08765,327,426,Bill Payment,226.82,2023-05-15,Completed
T08766,121,528,Transfer,947302.45,2024-06-09,Completed
T08767,98,27,Withdrawal,2931018.63,2024-06-18,Pending
T08768,220,198,Deposit,212303.07,2025-09-18,Completed
T08769,115,71,Withdrawal,4277980.27,2025-04-09,Pending
T08770,62,477,Deposit,1926235.37,2023-03-12,Completed
T08771,264,384,Deposit,769841.44,2023-06-24,Failed
T08772,387,93,Transfer,1822952.64,2023-01-13,Failed
T08773,482,119,Withdrawal,4566823.11,2024-04-22,Failed
T08774,82,383,Deposit,1754235.83,2023-08-10,Pending
T08775,181,124,Deposit,1343849.99,2024-03-14,Failed
T08776,259,608,Withdrawal,4166737.66,2023-08-12,Failed
T08777,71,422,Bill Payment,8240.24,2025-04-16,Pending
T08778,163,677,Bill Payment,7772.61,2024-06-24,Completed
T08779,434,550,Deposit,1284199.78,2023-04-13,Failed
T08780,430,152,Withdrawal,3535969.47,2023-10-01,Failed
T08781,173,375,Deposit,981046.21,2024-07-25,Failed
T08782,247,104,Bill Payment,8464.56,2024-11-18,Failed
T08783,33,226,Withdrawal,4064089.31,2023-12-11,Completed
T08784,342,200,Transfer,1729674.23,2025-03-26,Completed
T08785,424,139,Deposit,1125293.92,2025-04-14,Pending
T08786,38,43,Deposit,1887366.74,2023-12-03,Completed
T08787,297,490,Deposit,1871299.74,2025-07-01,Pending
T08788,324,508,Transfer,1566689.82,2024-06-17,Pending
T08789,363,395,Withdrawal,3582023.74,2024-04-10,Pending
T08790,498,554,Deposit,777625.38,2024-10-13,Completed
T08791,151,70,Withdrawal,4525671.95,2025-08-05,Failed
T08792,274,135,Deposit,1299508.25,2025-04-28,Completed
T08793,190,398,Transfer,2829605.96,2024-06-24,Pending
T08794,288,326,Bill Payment,67410.05,2024-10-26,Completed
T08795,177,113,Deposit,1108957.43,2024-12-07,Completed
T08796,67,659,Deposit,1084313.8,2023-12-12,Completed
T08797,441,684,Withdrawal,4317534.54,2023-05-21,Failed
T08798,481,661,Withdrawal,4374133.18,2024-09-10,Failed
T08799,204,624,Withdrawal,979139.63,2023-03-21,Completed
T08800,164,333,Transfer,1751357.67,2023-04-12,Failed
T08801,250,521,Bill Payment,58122.83,2023-10-29,Completed
T08802,341,61,Bill Payment,78824.24,2024-11-03,Completed
T08803,247,118,Transfer,2448074.36,2024-11-15,Pending
T08804,170,615,Bill Payment,55541.65,2023-09-28,Failed
T08805,376,518,Deposit,1691714.01,2025-06-07,Failed
T08806,296,397,Deposit,1141655.73,2023-05-02,Pending
T08807,79,561,Deposit,1933789.6,2022-11-20,Pending
T08808,489,32,Transfer,490250.28,2023-03-08,Completed
T08809,372,145,Deposit,1685175.57,2022-12-26,Pending
T08810,480,7,Deposit,810193.95,2023-01-18,Pending
T08811,73,106,Deposit,506718.6,2024-11-16,Failed
T08812,401,417,Deposit,1752947.34,2025-08-23,Failed
T08813,404,78,Bill Payment,90712.97,2022-11-15,Pending
T08814,20,40,Withdrawal,1366602.52,2023-07-10,Failed
T08815,214,334,Transfer,841828.1,2024-05-21,Pending
T08816,481,31,Bill Payment,1254.33,2025-05-01,Failed
T08817,70,341,Deposit,828234.83,2025-08-25,Completed
T08818,68,468,Transfer,1021770.6,2024-02-24,Pending
T08819,301,609,Withdrawal,3421600.77,2023-05-30,Failed
T08820,267,560,Transfer,1714710.05,2024-01-18,Completed
T08821,395,499,Transfer,425407.92,2025-05-28,Pending
T08822,192,81,Transfer,429653.98,2025-05-30,Failed
T08823,62,674,Deposit,581066.58,2023-03-03,Pending
T08824,376,466,Bill Payment,90779.34,2023-01-31,Completed
T08825,89,324,Withdrawal,3372740.14,2025-07-27,Failed
T08826,198,547,Transfer,1362690.99,2024-12-20,Pending
T08827,194,620,Deposit,1756335.39,2024-11-07,Pending
T08828,342,200,Deposit,191904.57,2024-09-27,Pending
T08829,324,508,Withdrawal,2622657.52,2023-08-14,Failed
T08830,29,411,Deposit,939091.73,2024-01-04,Pending
T08831,227,689,Bill Payment,89024.69,2025-07-29,Pending
T08832,363,597,Deposit,269934,2024-11-16,Failed
T08833,296,397,Withdrawal,3044142.81,2024-11-04,Pending
T08834,190,398,Deposit,242358.91,2024-11-27,Pending
T08835,296,397,Withdrawal,3843871.5,2023-11-15,Failed
T08836,69,409,Bill Payment,887.01,2025-01-24,Completed
T08837,157,316,Withdrawal,1351071.51,2024-03-21,Pending
T08838,179,562,Bill Payment,48363.37,2025-01-21,Completed
T08839,206,128,Bill Payment,37020.82,2025-01-31,Completed
T08840,466,510,Bill Payment,82169.85,2022-11-01,Pending
T08841,14,46,Withdrawal,315464.54,2022-11-23,Pending
T08842,466,510,Withdrawal,1032202.4,2024-08-03,Failed
T08843,430,152,Transfer,444303.37,2023-04-08,Completed
T08844,132,208,Transfer,454538.98,2024-05-22,Failed
T08845,157,400,Deposit,1874.98,2024-09-03,Pending
T08846,457,536,Transfer,1800810.16,2024-02-05,Completed
T08847,249,464,Withdrawal,540894.45,2024-05-11,Completed
T08848,28,348,Withdrawal,42265.23,2024-08-22,Pending
T08849,141,234,Transfer,598054.69,2024-09-18,Completed
T08850,24,193,Deposit,1030313.52,2022-11-29,Pending
T08851,423,424,Deposit,659109.57,2022-11-25,Failed
T08852,320,236,Transfer,1991813,2023-07-06,Completed
T08853,378,154,Withdrawal,3628281.38,2025-02-15,Failed
T08854,295,127,Deposit,1209260.85,2025-07-25,Completed
T08855,348,593,Transfer,2749293.34,2024-01-18,Failed
T08856,240,232,Deposit,1585764.35,2023-06-16,Pending
T08857,223,657,Deposit,562434.3,2024-11-06,Completed
T08858,192,552,Bill Payment,51248.17,2024-08-04,Pending
T08859,98,202,Bill Payment,87607.49,2023-05-01,Pending
T08860,477,606,Withdrawal,3446184.34,2024-02-02,Pending
T08861,324,47,Withdrawal,484247.67,2024-05-31,Completed
T08862,357,438,Withdrawal,1141202,2024-10-31,Completed
T08863,267,504,Deposit,1004745.38,2023-03-23,Failed
T08864,296,16,Deposit,1608134.92,2025-03-06,Failed
T08865,259,393,Withdrawal,4307715.32,2025-08-18,Completed
T08866,256,419,Transfer,2980141.83,2024-11-05,Failed
T08867,1,632,Bill Payment,81095.76,2025-07-26,Failed
T08868,70,341,Transfer,1512052.4,2025-02-11,Pending
T08869,288,290,Transfer,2600591.92,2025-09-03,Pending
T08870,121,219,Transfer,1507054.78,2025-01-19,Failed
T08871,425,148,Withdrawal,3745178.2,2025-03-11,Pending
T08872,126,642,Withdrawal,1573521.52,2024-10-03,Pending
T08873,263,191,Withdrawal,3197333.49,2024-10-13,Completed
T08874,463,335,Deposit,135683.07,2025-02-24,Pending
T08875,347,540,Withdrawal,2768139.42,2023-06-04,Pending
T08876,97,48,Withdrawal,1259574.91,2024-11-30,Pending
T08877,320,236,Withdrawal,2554411.3,2022-12-30,Pending
T08878,100,163,Deposit,1974029.3,2024-06-03,Pending
T08879,430,407,Bill Payment,43571.3,2023-11-18,Pending
T08880,14,46,Withdrawal,2702137.85,2024-11-11,Pending
T08881,261,307,Transfer,2120454.36,2025-04-10,Failed
T08882,402,458,Deposit,1446056.38,2024-05-13,Completed
T08883,241,57,Bill Payment,31409.25,2025-05-20,Completed
T08884,384,221,Bill Payment,55588.99,2025-08-20,Failed
T08885,367,195,Deposit,743149.72,2024-04-04,Failed
T08886,440,140,Bill Payment,12926.62,2023-12-20,Failed
T08887,13,671,Deposit,961788.99,2024-02-14,Pending
T08888,303,85,Transfer,2371161.61,2023-01-08,Pending
T08889,33,226,Deposit,1271322.91,2022-11-17,Completed
T08890,296,16,Bill Payment,8253.79,2025-04-09,Pending
T08891,93,365,Withdrawal,2954814.36,2022-12-14,Failed
T08892,400,392,Transfer,1057905.4,2023-04-22,Pending
T08893,272,320,Transfer,2794754.61,2024-04-26,Completed
T08894,115,71,Bill Payment,9758.8,2024-03-29,Completed
T08895,463,700,Transfer,680731.55,2025-03-30,Completed
T08896,313,284,Bill Payment,16546.3,2022-11-15,Pending
T08897,261,631,Bill Payment,2946.19,2025-06-02,Completed
T08898,324,47,Withdrawal,3959325.4,2024-03-18,Pending
T08899,240,232,Transfer,904933.02,2024-05-18,Failed
T08900,324,509,Transfer,2216809.38,2023-03-05,Failed
T08901,93,365,Bill Payment,62727.2,2024-07-31,Failed
T08902,433,544,Deposit,1675820.14,2024-03-24,Pending
T08903,489,525,Bill Payment,5463.37,2024-04-12,Failed
T08904,243,134,Deposit,733028.89,2024-07-05,Failed
T08905,284,158,Bill Payment,60739.74,2024-04-02,Completed
T08906,68,468,Bill Payment,97765.3,2022-12-31,Completed
T08907,121,528,Withdrawal,2455729.99,2025-07-28,Pending
T08908,59,598,Deposit,1905179.89,2023-10-19,Completed
T08909,175,220,Deposit,320776.15,2023-10-24,Completed
T08910,123,235,Transfer,792483.97,2023-10-04,Completed
T08911,318,450,Deposit,580030.54,2025-07-07,Completed
T08912,71,121,Transfer,2195641.58,2024-02-01,Failed
T08913,111,538,Withdrawal,3987981.48,2025-04-12,Failed
T08914,53,475,Transfer,1379765.17,2023-02-13,Failed
T08915,324,509,Transfer,19629.87,2025-09-07,Completed
T08916,250,227,Bill Payment,38561.09,2023-01-14,Pending
T08917,428,412,Deposit,7961.79,2024-01-21,Pending
T08918,417,387,Withdrawal,811109.14,2023-03-31,Failed
T08919,483,159,Deposit,1730979.42,2024-03-12,Completed
T08920,481,661,Withdrawal,605490.29,2023-06-25,Completed
T08921,342,516,Bill Payment,86534.65,2022-11-04,Failed
T08922,296,169,Bill Payment,55604.14,2025-01-18,Pending
T08923,243,451,Withdrawal,2133881.74,2024-02-23,Failed
T08924,384,221,Withdrawal,988609.27,2022-12-02,Completed
T08925,261,307,Transfer,1931719.01,2024-09-19,Pending
T08926,399,584,Withdrawal,3311625.05,2025-07-22,Completed
T08927,428,412,Bill Payment,66047.28,2024-07-22,Pending
T08928,156,34,Transfer,1629470.22,2025-03-05,Completed
T08929,119,97,Withdrawal,1012720.47,2024-12-12,Failed
T08930,104,271,Withdrawal,4992407.9,2024-07-20,Failed
T08931,313,284,Deposit,225374.05,2023-11-23,Failed
T08932,62,674,Transfer,2944350.08,2022-11-05,Pending
T08933,466,360,Deposit,308463.47,2025-09-20,Pending
T08934,216,186,Deposit,58664.01,2024-10-03,Pending
T08935,121,241,Bill Payment,55777.29,2025-04-05,Completed
T08936,262,486,Deposit,614205.97,2022-11-08,Failed
T08937,481,231,Bill Payment,25316.79,2024-02-08,Failed
T08938,156,98,Deposit,1378750.2,2024-05-13,Failed
T08939,17,347,Transfer,2777186.13,2025-03-09,Failed
T08940,43,566,Transfer,1718362.08,2024-06-02,Pending
T08941,496,171,Deposit,1245518.36,2024-02-17,Pending
T08942,477,588,Withdrawal,4607058.99,2025-03-12,Completed
T08943,45,420,Withdrawal,4548040.17,2023-03-05,Pending
T08944,288,345,Bill Payment,17808.88,2024-11-01,Pending
T08945,325,473,Bill Payment,52014.71,2023-03-09,Pending
T08946,425,500,Transfer,1704084.12,2025-09-12,Pending
T08947,7,573,Bill Payment,7283.07,2025-08-18,Pending
T08948,418,92,Bill Payment,25758.18,2023-08-20,Failed
T08949,265,75,Transfer,660566.43,2024-03-09,Failed
T08950,226,25,Transfer,537879.01,2024-11-14,Pending
T08951,243,134,Withdrawal,1003219.54,2024-11-24,Failed
T08952,237,14,Bill Payment,84967.53,2025-08-06,Completed
T08953,357,373,Deposit,66799.18,2024-03-15,Completed
T08954,380,84,Withdrawal,3049338,2023-06-20,Pending
T08955,157,316,Deposit,615981.46,2025-05-17,Completed
T08956,394,204,Bill Payment,97184.83,2024-01-13,Pending
T08957,256,634,Withdrawal,3790945.28,2024-04-21,Pending
T08958,59,600,Deposit,174518.29,2024-08-12,Failed
T08959,111,538,Bill Payment,9815.16,2023-08-14,Pending
T08960,54,257,Bill Payment,70433.17,2024-11-14,Completed
T08961,272,320,Deposit,685582.78,2025-06-18,Pending
T08962,414,230,Deposit,763149.96,2023-01-30,Failed
T08963,291,587,Bill Payment,46232.81,2025-01-14,Completed
T08964,296,397,Bill Payment,18232.57,2023-09-02,Completed
T08965,429,599,Bill Payment,11905.33,2023-12-25,Completed
T08966,93,199,Bill Payment,18202.31,2023-11-20,Pending
T08967,414,230,Withdrawal,286617.1,2022-12-17,Failed
T08968,296,397,Bill Payment,98093.49,2024-01-09,Pending
T08969,488,372,Bill Payment,10445.48,2025-03-13,Failed
T08970,357,373,Transfer,2745058.8,2024-06-20,Pending
T08971,122,633,Withdrawal,785622.04,2023-09-20,Pending
T08972,43,479,Deposit,237530.71,2025-06-01,Failed
T08973,376,344,Transfer,2033647.96,2023-02-24,Completed
T08974,250,478,Bill Payment,20639.63,2025-03-21,Completed
T08975,423,424,Deposit,1634403.99,2023-03-01,Failed
T08976,11,435,Transfer,1219199.57,2025-04-11,Failed
T08977,207,549,Bill Payment,75457.04,2024-03-11,Completed
T08978,245,537,Transfer,2020814.03,2023-12-03,Pending
T08979,86,206,Transfer,1503112.92,2023-01-17,Pending
T08980,477,606,Transfer,2487917.22,2025-03-02,Failed
T08981,342,200,Bill Payment,27453.28,2025-01-06,Pending
T08982,79,53,Withdrawal,1914011.4,2024-10-12,Completed
T08983,375,502,Bill Payment,83981.75,2024-07-29,Failed
T08984,11,435,Transfer,1783786.76,2023-08-26,Pending
T08985,230,343,Bill Payment,65616.68,2024-03-27,Pending
T08986,363,395,Transfer,2457884.71,2023-02-01,Failed
T08987,270,272,Bill Payment,74483.7,2025-07-13,Pending
T08988,132,363,Withdrawal,1376106.08,2024-01-16,Pending
T08989,336,259,Transfer,1943499.55,2024-11-26,Failed
T08990,123,654,Withdrawal,1266685.58,2024-01-13,Pending
T08991,111,248,Bill Payment,49565.98,2024-08-07,Failed
T08992,186,663,Deposit,1118536.81,2025-07-31,Pending
T08993,394,696,Bill Payment,31550.58,2025-01-20,Completed
T08994,246,658,Transfer,998632.1,2024-02-03,Completed
T08995,477,243,Bill Payment,80492.48,2023-08-11,Pending
T08996,71,287,Deposit,1545818.07,2024-07-09,Pending
T08997,111,538,Deposit,749507.7,2024-06-20,Failed
T08998,388,222,Withdrawal,3647256.36,2023-10-30,Pending
T08999,448,413,Withdrawal,933461.9,2025-06-01,Failed
T09000,181,124,Withdrawal,2036001.59,2024-12-13,Pending
T09001,458,311,Deposit,1393406.56,2024-09-08,Pending
T09002,421,30,Bill Payment,22218.96,2025-08-13,Completed
T09003,241,57,Transfer,262539.69,2025-02-01,Completed
T09004,455,396,Withdrawal,884212.88,2023-07-12,Failed
T09005,182,264,Deposit,628795.03,2022-11-02,Completed
T09006,372,145,Bill Payment,36160.32,2025-06-06,Completed
T09007,312,546,Bill Payment,63200.81,2025-10-01,Pending
T09008,309,211,Withdrawal,4454372.42,2024-12-14,Pending
T09009,43,479,Transfer,1943332.56,2023-07-21,Pending
T09010,484,404,Bill Payment,74582.14,2025-03-19,Completed
T09011,489,224,Withdrawal,4517241.34,2024-11-18,Completed
T09012,454,585,Bill Payment,26519.19,2023-08-31,Pending
T09013,301,609,Withdrawal,3913015.35,2025-07-27,Failed
T09014,437,590,Transfer,2454576.2,2024-09-29,Completed
T09015,242,55,Deposit,42786.03,2023-11-25,Failed
T09016,334,501,Bill Payment,4587.57,2025-06-21,Failed
T09017,177,113,Transfer,345396.57,2025-01-09,Pending
T09018,36,531,Transfer,1775901.36,2025-05-16,Pending
T09019,48,488,Bill Payment,20298.24,2024-08-08,Completed
T09020,219,242,Deposit,854518.84,2025-03-02,Pending
T09021,185,258,Withdrawal,4447342.94,2025-06-04,Pending
T09022,96,672,Transfer,809140.11,2023-01-06,Pending
T09023,378,541,Withdrawal,4275210.03,2024-12-24,Completed
T09024,467,353,Withdrawal,2050061.99,2023-08-12,Completed
T09025,43,479,Deposit,1452535.24,2024-04-22,Failed
T09026,57,482,Transfer,1298423.11,2024-09-22,Pending
T09027,393,62,Bill Payment,8611.12,2023-05-22,Failed
T09028,407,555,Deposit,1882908.61,2023-10-13,Failed
T09029,63,187,Withdrawal,4415347.99,2023-05-26,Pending
T09030,156,98,Withdrawal,2850356.74,2025-09-03,Completed
T09031,24,193,Bill Payment,46225.9,2024-01-14,Pending
T09032,219,613,Transfer,2879880.41,2024-08-11,Completed
T09033,1,213,Withdrawal,2491648.75,2024-07-03,Failed
T09034,181,457,Deposit,669264.99,2024-02-12,Failed
T09035,376,518,Deposit,978813,2023-01-13,Completed
T09036,14,46,Bill Payment,84517.72,2025-06-15,Pending
T09037,199,122,Deposit,1637430.4,2023-08-17,Pending
T09038,447,42,Bill Payment,3677.68,2024-07-06,Pending
T09039,378,541,Withdrawal,3806997.82,2023-11-23,Failed
T09040,481,661,Transfer,1324381.69,2023-12-24,Failed
T09041,426,276,Withdrawal,4027847.55,2025-07-04,Completed
T09042,208,261,Transfer,1387589.18,2023-06-11,Pending
T09043,364,337,Transfer,2070454.72,2023-11-07,Completed
T09044,233,299,Transfer,1860763.11,2025-09-05,Pending
T09045,490,190,Deposit,1228871.07,2025-04-25,Completed
T09046,71,121,Bill Payment,55452.69,2023-10-06,Failed
T09047,429,251,Bill Payment,80378.5,2024-06-26,Pending
T09048,142,252,Deposit,856331.27,2023-10-10,Failed
T09049,193,532,Transfer,2238464.87,2023-03-30,Failed
T09050,344,274,Transfer,2981544.75,2023-05-25,Completed
T09051,69,565,Transfer,2989548.27,2023-07-30,Failed
T09052,384,221,Deposit,400206.01,2022-11-17,Completed
T09053,174,641,Deposit,922604.69,2023-10-21,Pending
T09054,198,447,Deposit,1689560.95,2024-01-30,Pending
T09055,483,159,Bill Payment,61969.45,2024-09-25,Completed
T09056,206,128,Transfer,477281.48,2024-10-28,Failed
T09057,83,39,Withdrawal,3035651.49,2025-02-20,Failed
T09058,315,675,Bill Payment,38171.63,2024-08-12,Completed
T09059,138,22,Withdrawal,4551362.22,2024-07-21,Pending
T09060,326,410,Transfer,794579.24,2025-07-05,Completed
T09061,429,251,Deposit,880613.69,2022-12-01,Failed
T09062,259,608,Deposit,1606590.14,2023-08-14,Pending
T09063,393,62,Withdrawal,3413404.05,2023-06-09,Completed
T09064,153,168,Deposit,235391.27,2023-12-02,Failed
T09065,204,624,Transfer,645398.01,2023-05-04,Failed
T09066,463,335,Deposit,44472.3,2022-11-19,Completed
T09067,86,206,Deposit,1328770.34,2023-11-10,Failed
T09068,153,144,Deposit,1516248,2023-12-10,Failed
T09069,102,394,Withdrawal,4038930.89,2025-07-24,Completed
T09070,85,309,Deposit,1563633.44,2025-02-06,Completed
T09071,497,581,Withdrawal,4550328.02,2023-07-05,Completed
T09072,65,355,Transfer,1592294.67,2025-07-01,Failed
T09073,290,460,Withdrawal,4576189.08,2022-12-09,Pending
T09074,134,455,Bill Payment,60040.3,2024-10-28,Completed
T09075,267,601,Withdrawal,1355205.35,2022-11-04,Failed
T09076,135,338,Transfer,710488.16,2022-12-29,Completed
T09077,264,384,Deposit,1071800.35,2023-02-12,Pending
T09078,36,149,Withdrawal,3823679.09,2024-02-04,Completed
T09079,388,448,Transfer,2555929.47,2025-04-26,Failed
T09080,429,364,Deposit,1009134.33,2024-01-10,Completed
T09081,488,372,Transfer,1939740.58,2023-01-11,Failed
T09082,375,429,Deposit,673418.7,2024-06-28,Pending
T09083,477,606,Deposit,487734.88,2024-04-21,Failed
T09084,295,127,Bill Payment,72820.29,2025-08-13,Failed
T09085,364,337,Transfer,785774.45,2025-07-22,Failed
T09086,332,465,Bill Payment,10421.08,2023-02-22,Pending
T09087,296,16,Transfer,1537740.02,2024-06-12,Pending
T09088,59,600,Deposit,1769608.02,2023-05-11,Pending
T09089,489,32,Withdrawal,3272380.99,2023-10-06,Pending
T09090,401,417,Transfer,123692.66,2023-03-27,Pending
T09091,251,28,Bill Payment,93284.37,2025-03-09,Pending
T09092,7,610,Transfer,1040335.95,2024-11-20,Pending
T09093,440,616,Withdrawal,1841968.22,2023-04-10,Pending
T09094,250,521,Deposit,1717676.37,2024-12-23,Failed
T09095,172,138,Withdrawal,2233736.88,2025-08-01,Pending
T09096,457,308,Bill Payment,76787.15,2025-03-24,Pending
T09097,117,643,Bill Payment,93383.8,2024-12-28,Pending
T09098,231,382,Withdrawal,1850316.58,2023-10-31,Failed
T09099,71,121,Withdrawal,1084908.72,2024-11-14,Pending
T09100,430,152,Transfer,2210114.06,2023-02-22,Completed
T09101,474,495,Bill Payment,61607.93,2023-10-09,Completed
T09102,58,506,Deposit,1421534.34,2025-04-23,Pending
T09103,357,373,Transfer,1642483.81,2023-04-12,Pending
T09104,159,583,Bill Payment,46238.33,2024-02-03,Pending
T09105,470,109,Bill Payment,42694.52,2024-02-28,Completed
T09106,248,695,Transfer,2364382.31,2025-03-30,Failed
T09107,334,501,Deposit,308499.01,2024-06-01,Pending
T09108,267,601,Withdrawal,1718186.87,2023-10-06,Completed
T09109,119,173,Bill Payment,43149.49,2024-07-22,Pending
T09110,189,640,Deposit,751520.4,2023-09-08,Completed
T09111,483,159,Withdrawal,2454604.52,2023-05-17,Failed
T09112,474,495,Bill Payment,36108.64,2023-03-19,Completed
T09113,288,290,Transfer,2845332.62,2023-07-04,Failed
T09114,117,643,Withdrawal,1382248.84,2023-09-02,Pending
T09115,416,653,Deposit,112236.39,2023-12-05,Pending
T09116,99,374,Transfer,1667275.28,2024-08-17,Pending
T09117,341,362,Transfer,1867649.87,2024-06-30,Pending
T09118,357,373,Bill Payment,80161.87,2023-11-04,Completed
T09119,11,435,Withdrawal,1018483.09,2025-04-07,Failed
T09120,51,496,Bill Payment,41534.65,2022-12-30,Completed
T09121,396,574,Transfer,2276003.44,2024-11-04,Pending
T09122,479,595,Deposit,60423.6,2025-01-10,Pending
T09123,79,53,Transfer,603168.66,2024-05-09,Pending
T09124,168,91,Transfer,2732197.71,2025-09-25,Failed
T09125,476,483,Transfer,2297993.16,2023-03-29,Completed
T09126,174,641,Bill Payment,58348.79,2024-02-08,Completed
T09127,63,401,Bill Payment,88727.98,2025-01-29,Failed
T09128,350,699,Withdrawal,4351831.96,2024-07-24,Failed
T09129,433,697,Bill Payment,3701.08,2024-10-11,Failed
T09130,36,531,Transfer,1938866.24,2025-08-30,Completed
T09131,168,91,Deposit,737423.39,2023-10-22,Failed
T09132,98,202,Deposit,186122.84,2023-12-10,Pending
T09133,276,210,Withdrawal,219508.65,2023-05-18,Pending
T09134,287,292,Deposit,66440.13,2024-04-20,Failed
T09135,367,195,Withdrawal,3538366.66,2024-10-12,Failed
T09136,199,444,Withdrawal,2499371.37,2024-04-28,Completed
T09137,490,190,Deposit,1331546.03,2024-01-26,Completed
T09138,414,557,Bill Payment,51924.12,2022-11-06,Failed
T09139,55,65,Withdrawal,2641538.48,2025-07-03,Pending
T09140,494,461,Deposit,1505504.77,2025-05-03,Pending
T09141,249,464,Bill Payment,40477.65,2022-11-28,Failed
T09142,499,280,Withdrawal,3696002.04,2025-07-29,Failed
T09143,124,239,Transfer,1537754.61,2022-12-28,Completed
T09144,263,191,Transfer,559450.57,2025-09-11,Pending
T09145,37,446,Transfer,1442463.58,2025-08-13,Completed
T09146,242,423,Transfer,824804.28,2023-10-12,Completed
T09147,182,264,Bill Payment,64859.59,2023-11-01,Completed
T09148,496,171,Bill Payment,59967.17,2025-02-09,Pending
T09149,401,417,Withdrawal,2212274.15,2024-05-24,Failed
T09150,218,336,Deposit,1366357.18,2024-01-28,Failed
T09151,262,486,Bill Payment,82496.4,2025-06-23,Pending
T09152,499,280,Withdrawal,1556189.32,2025-09-27,Failed
T09153,181,457,Deposit,612257.8,2024-04-20,Pending
T09154,102,394,Withdrawal,4913807.57,2025-09-03,Failed
T09155,1,632,Transfer,748339.48,2023-04-12,Pending
T09156,3,339,Bill Payment,40397.2,2025-01-12,Failed
T09157,425,148,Withdrawal,3075635.09,2023-10-07,Completed
T09158,491,157,Bill Payment,79244.65,2024-08-22,Failed
T09159,122,12,Bill Payment,26900.07,2024-05-30,Failed
T09160,190,398,Bill Payment,41888.12,2022-10-17,Failed
T09161,59,66,Deposit,1322745.76,2024-06-06,Failed
T09162,63,187,Withdrawal,2883115.97,2023-11-05,Completed
T09163,459,249,Withdrawal,1332182.09,2024-01-15,Failed
T09164,143,503,Withdrawal,929508.34,2023-02-22,Completed
T09165,240,232,Bill Payment,20858.1,2023-10-05,Pending
T09166,128,572,Transfer,160174.66,2024-01-10,Pending
T09167,497,692,Deposit,407903.38,2023-08-27,Pending
T09168,267,504,Transfer,2120678.87,2023-06-10,Failed
T09169,463,335,Bill Payment,50194.16,2024-08-16,Completed
T09170,270,272,Transfer,983910.06,2025-06-11,Pending
T09171,214,334,Bill Payment,66292.98,2024-02-09,Failed
T09172,353,683,Transfer,2477111.27,2025-07-02,Pending
T09173,318,515,Bill Payment,56206.08,2024-06-27,Completed
T09174,62,56,Transfer,1012303.79,2022-11-26,Failed
T09175,274,135,Bill Payment,63756.42,2023-12-04,Pending
T09176,327,668,Bill Payment,26187.71,2023-02-06,Pending
T09177,294,617,Transfer,644899.18,2024-11-06,Pending
T09178,414,230,Withdrawal,2334993.84,2024-10-05,Pending
T09179,299,421,Deposit,511092.42,2024-07-07,Pending
T09180,429,364,Withdrawal,4414168.86,2024-03-04,Pending
T09181,29,182,Deposit,123372.77,2024-07-22,Completed
T09182,178,90,Bill Payment,44363.37,2023-03-09,Pending
T09183,481,103,Transfer,412295.48,2023-06-11,Completed
T09184,214,334,Deposit,1263328.57,2025-09-24,Completed
T09185,328,586,Transfer,2012174.27,2023-11-14,Failed
T09186,49,23,Transfer,1226839.32,2024-11-29,Failed
T09187,247,104,Withdrawal,1119766.73,2023-01-16,Failed
T09188,84,328,Deposit,1087074.39,2024-04-03,Failed
T09189,112,270,Withdrawal,4562293.05,2024-07-19,Completed
T09190,308,577,Bill Payment,89914.37,2025-04-27,Pending
T09191,276,210,Withdrawal,4271187.93,2025-02-01,Failed
T09192,477,606,Deposit,1558941.17,2024-02-24,Completed
T09193,1,213,Withdrawal,2740288.5,2024-09-08,Completed
T09194,428,412,Deposit,1840225.49,2025-09-18,Failed
T09195,376,518,Deposit,1473488.78,2022-11-16,Pending
T09196,118,45,Deposit,727578.96,2022-12-24,Completed
T09197,426,618,Deposit,1057725.32,2025-06-27,Pending
T09198,82,471,Transfer,1741346.21,2025-06-27,Pending
T09199,440,371,Deposit,667837.82,2023-07-17,Completed
T09200,108,485,Deposit,1406729.33,2025-06-09,Pending
T09201,1,632,Bill Payment,9658.68,2024-08-23,Completed
T09202,25,297,Withdrawal,1583333.56,2025-06-26,Failed
T09203,93,199,Deposit,624566.45,2023-05-04,Completed
T09204,117,643,Bill Payment,47965.57,2022-10-09,Failed
T09205,303,376,Deposit,442040.17,2024-06-18,Pending
T09206,259,79,Deposit,1190879.39,2023-08-11,Completed
T09207,153,144,Deposit,803206.2,2025-06-07,Failed
T09208,450,467,Transfer,1017787.09,2024-01-22,Completed
T09209,82,471,Deposit,565391.21,2024-02-04,Pending
T09210,234,245,Withdrawal,219592.04,2025-03-17,Completed
T09211,303,85,Withdrawal,2217905.06,2023-02-09,Completed
T09212,178,90,Withdrawal,2069425.06,2023-03-26,Pending
T09213,466,360,Bill Payment,85603.79,2023-06-07,Completed
T09214,250,227,Withdrawal,2009129.2,2023-10-27,Pending
T09215,93,365,Transfer,1530822.53,2024-12-15,Pending
T09216,239,150,Transfer,1361340.64,2025-07-09,Pending
T09217,17,347,Withdrawal,2105510.99,2023-04-25,Completed
T09218,62,56,Withdrawal,2026507.32,2025-04-14,Pending
T09219,451,59,Withdrawal,2274018.4,2025-09-04,Pending
T09220,162,116,Deposit,15903.41,2024-07-03,Pending
T09221,388,448,Bill Payment,4262.76,2024-02-13,Failed
T09222,137,3,Transfer,1387349.97,2024-09-05,Completed
T09223,321,73,Withdrawal,417062.23,2024-10-17,Failed
T09224,89,94,Bill Payment,45418.64,2023-04-30,Failed
T09225,445,614,Withdrawal,4051154.42,2023-11-13,Completed
T09226,99,374,Withdrawal,2872173.7,2023-07-01,Completed
T09227,422,237,Deposit,1259472.85,2025-09-06,Pending
T09228,499,280,Transfer,2202360.93,2025-04-13,Failed
T09229,84,328,Deposit,1741810.2,2024-02-25,Pending
T09230,3,339,Bill Payment,81788.18,2023-12-16,Pending
T09231,163,596,Transfer,565442.24,2023-08-09,Completed
T09232,378,541,Withdrawal,161303.99,2023-02-13,Pending
T09233,416,181,Bill Payment,68372.07,2024-07-09,Pending
T09234,56,542,Transfer,1884426.08,2024-04-28,Failed
T09235,3,339,Deposit,1147287.34,2023-07-14,Completed
T09236,32,36,Transfer,206937.56,2024-06-07,Failed
T09237,26,67,Transfer,2130429.54,2024-05-13,Failed
T09238,151,517,Deposit,1558226.21,2025-03-09,Completed
T09239,397,52,Withdrawal,952616.4,2023-09-18,Pending
T09240,99,374,Withdrawal,1122127.93,2022-11-06,Pending
T09241,132,208,Withdrawal,33559.43,2022-11-09,Pending
T09242,278,378,Transfer,580926.61,2025-02-18,Failed
T09243,242,55,Deposit,1155489.01,2025-07-06,Failed
T09244,173,289,Deposit,811538.05,2025-05-12,Pending
T09245,124,239,Bill Payment,92914.71,2025-06-04,Completed
T09246,90,656,Withdrawal,480364.72,2023-09-25,Pending
T09247,486,11,Transfer,1322787.98,2023-02-20,Completed
T09248,16,189,Transfer,2111439.15,2024-09-22,Failed
T09249,388,174,Withdrawal,4313179.38,2023-08-08,Failed
T09250,256,579,Bill Payment,9344.2,2023-11-15,Failed
T09251,73,553,Transfer,1142356.38,2025-09-28,Completed
T09252,332,465,Bill Payment,60552.5,2023-06-24,Pending
T09253,29,38,Transfer,1813117.23,2022-12-21,Pending
T09254,477,243,Withdrawal,153602.51,2024-06-18,Failed
T09255,115,71,Deposit,1371419.68,2025-05-22,Failed
T09256,488,372,Deposit,1549016.66,2024-08-01,Failed
T09257,179,562,Withdrawal,1237496.27,2025-04-24,Failed
T09258,371,76,Bill Payment,58926.92,2023-11-13,Pending
T09259,379,295,Bill Payment,2890.19,2023-05-24,Failed
T09260,182,264,Transfer,129959.54,2023-02-20,Pending
T09261,273,645,Transfer,2784265.21,2024-04-28,Pending
T09262,266,153,Transfer,1713016.17,2023-06-26,Pending
T09263,43,479,Deposit,1328061.69,2025-03-04,Pending
T09264,278,378,Deposit,1153310.34,2023-04-05,Pending
T09265,387,185,Deposit,938213.23,2022-10-26,Failed
T09266,322,329,Bill Payment,14805.77,2024-12-29,Failed
T09267,63,187,Bill Payment,11154.88,2024-08-10,Failed
T09268,476,164,Bill Payment,2704.33,2024-09-08,Completed
T09269,234,647,Bill Payment,78784.83,2025-08-16,Completed
T09270,8,125,Bill Payment,51302.02,2024-11-10,Completed
T09271,71,121,Deposit,1979723.72,2023-04-07,Completed
T09272,198,447,Deposit,1175476.24,2023-09-18,Completed
T09273,286,604,Transfer,2533028.67,2023-08-16,Completed
T09274,325,570,Deposit,1307534.17,2023-07-28,Completed
T09275,429,51,Withdrawal,4973323.73,2023-11-22,Pending
T09276,72,416,Withdrawal,2637380.95,2023-12-26,Pending
T09277,72,685,Bill Payment,46547.42,2024-11-10,Pending
T09278,324,508,Deposit,169711.35,2024-05-20,Failed
T09279,386,603,Bill Payment,13499.75,2023-04-25,Pending
T09280,119,519,Withdrawal,4404825.53,2024-08-05,Completed
T09281,58,108,Transfer,1280693.96,2023-08-21,Failed
T09282,170,615,Bill Payment,30660.28,2025-04-24,Completed
T09283,143,503,Bill Payment,20307.81,2023-09-04,Pending
T09284,301,609,Transfer,1171335.22,2023-12-18,Failed
T09285,405,115,Withdrawal,747332.65,2025-08-21,Pending
T09286,181,124,Withdrawal,1842606.21,2023-07-26,Completed
T09287,159,583,Bill Payment,79728.35,2024-07-15,Failed
T09288,433,544,Withdrawal,1759177.43,2023-07-12,Completed
T09289,324,508,Transfer,317969.03,2024-06-30,Pending
T09290,334,273,Bill Payment,63932.32,2023-05-19,Completed
T09291,488,372,Deposit,1102217.96,2022-11-18,Failed
T09292,162,116,Bill Payment,72721.14,2023-12-29,Pending
T09293,422,522,Bill Payment,94392.84,2023-11-15,Pending
T09294,253,512,Bill Payment,60760.56,2023-10-05,Pending
T09295,382,629,Transfer,1963988.76,2025-05-21,Pending
T09296,388,222,Withdrawal,1864845.7,2024-09-04,Failed
T09297,348,593,Bill Payment,75197.42,2023-10-25,Completed
T09298,466,360,Withdrawal,3865333.35,2024-05-01,Completed
T09299,330,627,Withdrawal,308848.44,2025-03-28,Pending
T09300,208,261,Bill Payment,64077.16,2025-09-01,Completed
T09301,266,153,Bill Payment,81004.61,2025-07-06,Completed
T09302,184,592,Deposit,1137410.28,2024-09-15,Failed
T09303,437,590,Withdrawal,1054883.52,2023-02-15,Completed
T09304,248,695,Deposit,426168.6,2022-10-21,Completed
T09305,142,252,Bill Payment,55725.46,2024-10-02,Completed
T09306,322,329,Bill Payment,53083.9,2023-04-29,Failed
T09307,90,489,Transfer,696812.33,2024-02-19,Pending
T09308,132,340,Withdrawal,2118204.92,2025-09-15,Completed
T09309,242,55,Withdrawal,2991516.36,2024-06-13,Pending
T09310,88,563,Bill Payment,25432.75,2025-09-05,Failed
T09311,295,127,Deposit,372999.96,2023-08-30,Completed
T09312,448,413,Withdrawal,1452623.77,2024-05-22,Pending
T09313,42,126,Bill Payment,23152.75,2024-07-23,Completed
T09314,199,131,Withdrawal,2895466.65,2025-04-19,Completed
T09315,181,452,Bill Payment,51117.25,2023-11-07,Pending
T09316,84,9,Withdrawal,2838722.48,2023-01-26,Pending
T09317,318,450,Transfer,2509575.1,2023-03-02,Failed
T09318,38,664,Deposit,632873.5,2025-02-16,Pending
T09319,163,677,Bill Payment,72504.58,2023-01-04,Failed
T09320,192,81,Bill Payment,30135.49,2022-12-24,Completed
T09321,362,129,Transfer,635442.89,2024-03-05,Failed
T09322,7,327,Withdrawal,1749361.1,2023-10-04,Failed
T09323,259,79,Deposit,1380023.32,2024-10-05,Pending
T09324,228,361,Deposit,1714168.98,2024-04-07,Completed
T09325,82,471,Withdrawal,251769,2025-05-03,Pending
T09326,121,528,Deposit,1466279.23,2025-08-12,Completed
T09327,346,390,Transfer,1352396.61,2025-04-21,Pending
T09328,105,428,Withdrawal,4410420.15,2022-12-14,Pending
T09329,98,202,Withdrawal,2883512.91,2022-10-13,Pending
T09330,207,549,Bill Payment,89002.23,2023-11-03,Pending
T09331,286,5,Transfer,973877,2024-11-26,Pending
T09332,291,587,Transfer,683873.82,2025-05-24,Failed
T09333,67,659,Transfer,798434.38,2024-05-18,Completed
T09334,393,62,Deposit,31775.15,2024-01-17,Completed
T09335,395,499,Bill Payment,26118.21,2024-06-09,Completed
T09336,35,358,Transfer,2524559.86,2025-08-12,Completed
T09337,247,118,Deposit,214055.04,2024-05-03,Failed
T09338,321,73,Bill Payment,61168.43,2023-04-28,Failed
T09339,223,657,Deposit,428648.72,2025-02-20,Completed
T09340,117,643,Withdrawal,1849184.92,2022-12-07,Pending
T09341,184,216,Transfer,2389825.5,2025-03-24,Failed
T09342,226,80,Deposit,178760.46,2023-07-10,Failed
T09343,253,512,Deposit,1710254.69,2023-11-13,Pending
T09344,297,470,Transfer,1187166.98,2023-06-25,Failed
T09345,127,95,Bill Payment,28700.61,2024-11-25,Failed
T09346,261,166,Bill Payment,18818.9,2024-11-08,Pending
T09347,220,332,Transfer,1248969.44,2024-03-14,Completed
T09348,400,4,Withdrawal,4807604.11,2024-10-01,Completed
T09349,174,350,Transfer,2379243.6,2023-04-27,Failed
T09350,388,174,Withdrawal,3318393.12,2023-02-21,Failed
T09351,287,292,Deposit,980637.76,2024-02-09,Completed
T09352,472,456,Withdrawal,3332373.5,2025-01-05,Completed
T09353,473,283,Bill Payment,38364.19,2024-08-07,Completed
T09354,189,640,Transfer,2499684.05,2023-05-13,Pending
T09355,310,484,Deposit,1441624.27,2023-11-13,Completed
T09356,105,428,Deposit,1592314.5,2023-04-04,Completed
T09357,454,585,Deposit,103416.95,2024-02-03,Failed
T09358,47,367,Deposit,782670.23,2022-12-12,Pending
T09359,223,137,Deposit,519887.27,2023-04-21,Failed
T09360,380,88,Withdrawal,3274.87,2024-11-18,Completed
T09361,497,170,Transfer,1899507.42,2023-12-15,Pending
T09362,17,347,Bill Payment,6830.76,2024-04-17,Failed
T09363,38,43,Transfer,1308649.62,2024-08-03,Failed
T09364,380,88,Transfer,809802.85,2023-12-18,Completed
T09365,489,224,Withdrawal,2174317.97,2023-11-17,Pending
T09366,201,13,Withdrawal,2589925.11,2025-05-14,Failed
T09367,114,69,Transfer,2714420.07,2023-11-18,Failed
T09368,84,328,Deposit,878769.97,2024-12-16,Failed
T09369,115,102,Transfer,2181217.92,2024-02-03,Failed
T09370,166,175,Deposit,1407927.77,2024-08-11,Completed
T09371,115,312,Withdrawal,851749.6,2023-06-18,Failed
T09372,482,119,Deposit,1300994.51,2024-02-07,Completed
T09373,454,585,Transfer,1511579.62,2024-11-06,Pending
T09374,177,113,Transfer,21016.12,2023-05-27,Completed
T09375,388,222,Transfer,2080255.55,2025-02-14,Pending
T09376,184,592,Withdrawal,2902858.31,2025-07-22,Pending
T09377,119,173,Bill Payment,32212.6,2025-06-20,Completed
T09378,181,124,Withdrawal,4104133.89,2024-08-18,Completed
T09379,267,111,Bill Payment,30266.88,2022-12-26,Completed
T09380,305,156,Deposit,1238750.01,2023-07-25,Failed
T09381,186,663,Transfer,2105671.74,2023-05-23,Pending
T09382,256,634,Bill Payment,40384.23,2022-12-28,Failed
T09383,477,305,Deposit,1382217.9,2023-09-27,Completed
T09384,53,475,Withdrawal,4697538.46,2023-07-16,Failed
T09385,206,128,Withdrawal,3310709.5,2022-11-29,Pending
T09386,72,685,Transfer,2848296.52,2024-10-04,Completed
T09387,404,427,Transfer,2869797.2,2023-11-13,Failed
T09388,156,655,Deposit,1992290.04,2023-06-16,Pending
T09389,405,196,Withdrawal,3596895.95,2024-09-29,Failed
T09390,13,671,Deposit,1784914.53,2024-08-12,Completed
T09391,405,196,Deposit,1035006.07,2023-04-03,Completed
T09392,259,223,Deposit,718928.2,2024-11-11,Failed
T09393,166,175,Withdrawal,1449808.81,2022-12-07,Failed
T09394,54,257,Deposit,1454668.49,2024-08-20,Completed
T09395,185,258,Bill Payment,17498.12,2024-04-10,Pending
T09396,90,489,Deposit,1259648.94,2025-02-22,Completed
T09397,486,11,Withdrawal,1566360.49,2024-10-27,Pending
T09398,100,163,Withdrawal,2684944.82,2024-09-15,Pending
T09399,39,41,Bill Payment,47461.28,2024-11-08,Completed
T09400,234,319,Withdrawal,3095778.38,2023-03-28,Failed
T09401,142,203,Bill Payment,64015.19,2023-05-22,Pending
T09402,473,405,Bill Payment,30308.15,2023-04-15,Failed
T09403,253,512,Bill Payment,86339.48,2024-03-31,Completed
T09404,39,41,Bill Payment,65063.84,2023-02-27,Completed
T09405,382,300,Deposit,41418.08,2023-08-17,Completed
T09406,184,37,Transfer,2563493.38,2023-12-20,Completed
T09407,299,690,Bill Payment,96656.26,2023-07-12,Completed
T09408,149,291,Bill Payment,80452.26,2023-06-23,Completed
T09409,467,353,Transfer,548949.19,2024-12-03,Pending
T09410,25,297,Deposit,874017.59,2023-12-02,Failed
T09411,237,545,Withdrawal,2968045.52,2025-02-25,Pending
T09412,339,445,Withdrawal,2905069.58,2025-07-31,Pending
T09413,490,190,Withdrawal,2778199.92,2025-04-01,Completed
T09414,69,565,Withdrawal,3975382.82,2023-08-30,Failed
T09415,357,591,Withdrawal,4539270.45,2025-03-29,Failed
T09416,379,197,Withdrawal,3885554.45,2022-10-11,Pending
T09417,88,563,Bill Payment,51645.69,2024-12-30,Pending
T09418,39,41,Transfer,542346.54,2025-03-09,Completed
T09419,228,361,Bill Payment,77349.97,2023-07-12,Completed
T09420,192,81,Transfer,1736650.36,2024-07-12,Completed
T09421,175,83,Bill Payment,68201.05,2023-02-01,Failed
T09422,35,192,Deposit,1301775.94,2023-10-22,Pending
T09423,275,256,Transfer,2121473.13,2024-11-16,Failed
T09424,451,59,Transfer,21006.22,2025-08-21,Pending
T09425,96,672,Deposit,991488.65,2023-02-28,Pending
T09426,480,7,Transfer,1699243.96,2024-02-27,Failed
T09427,184,592,Bill Payment,19862.19,2022-11-14,Pending
T09428,68,468,Bill Payment,50506.42,2023-12-20,Failed
T09429,162,425,Withdrawal,3843716.05,2025-08-28,Completed
T09430,267,560,Deposit,1623827.34,2025-08-27,Failed
T09431,185,368,Deposit,1221969.41,2023-04-12,Pending
T09432,43,566,Transfer,2219674.18,2024-06-08,Pending
T09433,22,176,Withdrawal,4501223.44,2024-05-07,Failed
T09434,70,341,Transfer,302914.46,2025-04-09,Completed
T09435,32,36,Transfer,1837194.89,2023-03-18,Pending
T09436,216,302,Deposit,1163879.15,2024-02-19,Completed
T09437,196,676,Transfer,329646.73,2023-05-31,Failed
T09438,115,102,Deposit,1193502.35,2022-11-18,Pending
T09439,207,317,Transfer,322210.33,2023-02-07,Completed
T09440,205,440,Withdrawal,2010112.06,2024-09-18,Pending
T09441,194,620,Deposit,1885591.68,2025-07-25,Pending
T09442,489,32,Transfer,195124.1,2024-10-19,Completed
T09443,324,509,Withdrawal,704193.33,2024-09-09,Pending
T09444,172,138,Bill Payment,86630.65,2025-06-07,Pending
T09445,318,515,Bill Payment,86850.68,2023-11-27,Completed
T09446,394,204,Withdrawal,1083180.13,2025-04-15,Failed
T09447,405,115,Withdrawal,2580256.48,2025-07-23,Pending
T09448,55,65,Withdrawal,1767170.56,2022-10-14,Pending
T09449,22,691,Bill Payment,74198.19,2024-02-28,Failed
T09450,84,328,Withdrawal,4771134.55,2022-12-12,Completed
T09451,321,73,Withdrawal,2206737.84,2025-07-20,Pending
T09452,163,596,Bill Payment,24492.41,2025-05-28,Pending
T09453,259,223,Deposit,175815.22,2024-09-07,Failed
T09454,309,211,Withdrawal,4952671.12,2024-02-21,Completed
T09455,251,17,Bill Payment,16281.19,2025-03-07,Completed
T09456,62,56,Bill Payment,73227.13,2023-04-23,Pending
T09457,163,596,Transfer,2020159.7,2023-08-29,Completed
T09458,251,28,Withdrawal,4070380.99,2022-12-19,Failed
T09459,156,98,Deposit,487286.73,2025-06-30,Pending
T09460,477,305,Transfer,2145932.43,2023-12-18,Failed
T09461,83,39,Deposit,258413.89,2024-02-19,Failed
T09462,491,157,Transfer,227870.3,2022-12-30,Pending
T09463,226,25,Deposit,895754.86,2023-01-22,Completed
T09464,36,531,Transfer,2917558.91,2025-01-31,Completed
T09465,11,435,Bill Payment,53342.59,2025-04-27,Failed
T09466,317,648,Withdrawal,919400.11,2024-05-19,Completed
T09467,173,289,Bill Payment,86201.71,2023-02-25,Completed
T09468,35,215,Withdrawal,4813263.59,2024-06-15,Pending
T09469,24,193,Transfer,1993042.57,2023-11-05,Pending
T09470,121,219,Withdrawal,1534627.62,2023-07-08,Completed
T09471,196,107,Deposit,823011.25,2023-10-12,Completed
T09472,324,47,Deposit,588810.47,2024-06-15,Pending
T09473,216,2,Deposit,24467.85,2023-02-20,Pending
T09474,400,114,Withdrawal,610671.6,2022-11-05,Pending
T09475,303,376,Transfer,2880148.77,2023-08-24,Pending
T09476,454,585,Transfer,399907.39,2023-06-15,Failed
T09477,310,484,Withdrawal,3423478.02,2024-05-30,Completed
T09478,394,696,Withdrawal,2984383.27,2024-06-21,Pending
T09479,254,434,Bill Payment,13134.64,2023-12-21,Completed
T09480,334,501,Bill Payment,79511.6,2025-07-06,Completed
T09481,457,536,Bill Payment,71559.9,2025-07-17,Pending
T09482,143,503,Bill Payment,47664.49,2023-06-01,Pending
T09483,388,380,Deposit,435866.28,2023-04-10,Pending
T09484,434,476,Deposit,258020.98,2024-01-11,Completed
T09485,347,622,Deposit,1066295.65,2024-11-05,Failed
T09486,68,229,Bill Payment,64357.98,2024-08-06,Completed
T09487,38,43,Transfer,1520283.26,2024-01-29,Completed
T09488,20,40,Transfer,1084057.53,2025-09-03,Failed
T09489,336,259,Transfer,1025076.97,2025-04-29,Failed
T09490,45,420,Deposit,1290578.27,2023-04-26,Pending
T09491,68,229,Transfer,340850.92,2024-04-14,Failed
T09492,489,32,Bill Payment,96187.86,2025-08-03,Failed
T09493,62,674,Bill Payment,77908.07,2023-03-03,Failed
T09494,183,694,Deposit,496326.14,2024-04-27,Failed
T09495,393,110,Transfer,2629180.13,2024-12-09,Pending
T09496,7,523,Transfer,1859639.36,2023-08-11,Failed
T09497,470,109,Transfer,715658.71,2024-11-03,Pending
T09498,153,144,Deposit,723713.37,2024-08-26,Pending
T09499,183,314,Withdrawal,3836269.65,2024-05-29,Failed
T09500,240,188,Bill Payment,8206.9,2024-10-14,Failed
T09501,89,324,Transfer,93774.7,2023-11-26,Pending
T09502,141,234,Transfer,2542396.24,2025-02-25,Pending
T09503,84,9,Withdrawal,4885628.64,2025-04-24,Failed
T09504,431,480,Deposit,1535572.65,2024-07-23,Completed
T09505,297,470,Transfer,558141.23,2023-02-22,Failed
T09506,65,355,Transfer,2047483.37,2024-07-22,Pending
T09507,288,345,Withdrawal,3369174.73,2024-04-29,Pending
T09508,288,290,Deposit,900626.09,2025-05-15,Failed
T09509,259,608,Bill Payment,45657.65,2023-07-21,Failed
T09510,342,516,Withdrawal,3222078,2024-08-09,Failed
T09511,424,139,Deposit,1524690.87,2025-06-10,Completed
T09512,20,40,Bill Payment,77984.64,2024-07-27,Failed
T09513,353,683,Deposit,1851170.79,2023-02-26,Completed
T09514,256,634,Transfer,1483722.65,2022-12-06,Completed
T09515,206,128,Withdrawal,1475930.77,2024-12-10,Completed
T09516,134,455,Transfer,2006165.24,2024-03-18,Failed
T09517,296,16,Transfer,284787.69,2024-09-24,Completed
T09518,234,319,Bill Payment,40944.6,2025-08-20,Completed
T09519,422,535,Bill Payment,25785.5,2023-09-18,Pending
T09520,266,153,Bill Payment,12695.69,2025-07-07,Pending
T09521,457,308,Bill Payment,6023.48,2025-09-05,Pending
T09522,308,577,Bill Payment,47054.89,2023-06-02,Completed
T09523,251,17,Deposit,1004410.31,2024-11-12,Pending
T09524,168,15,Withdrawal,1211695.32,2025-01-01,Pending
T09525,53,475,Deposit,1386029.82,2025-06-08,Failed
T09526,132,301,Withdrawal,3929365.42,2025-07-06,Completed
T09527,53,475,Withdrawal,673884.36,2024-12-28,Pending
T09528,196,676,Bill Payment,77290.51,2023-02-12,Failed
T09529,382,629,Bill Payment,65761.13,2023-12-30,Pending
T09530,440,616,Deposit,1509648,2024-10-01,Failed
T09531,451,59,Transfer,2394385.54,2024-08-14,Completed
T09532,320,526,Deposit,1605696.64,2023-02-05,Pending
T09533,189,640,Withdrawal,1306347.83,2024-10-15,Failed
T09534,289,165,Transfer,1401614.55,2024-01-14,Pending
T09535,378,541,Deposit,211011.57,2023-05-23,Failed
T09536,379,197,Deposit,186942.45,2023-04-21,Pending
T09537,184,296,Withdrawal,680361.05,2025-09-02,Completed
T09538,104,271,Transfer,2068174.59,2024-01-14,Pending
T09539,218,100,Deposit,332519.21,2023-10-26,Pending
T09540,301,609,Deposit,1795124.51,2024-12-25,Pending
T09541,451,59,Deposit,491838.13,2024-07-30,Completed
T09542,372,472,Transfer,593832.46,2024-01-07,Completed
T09543,132,363,Bill Payment,80625.93,2025-03-06,Pending
T09544,47,304,Deposit,1945023.54,2022-12-18,Failed
T09545,3,339,Withdrawal,1900332.67,2025-02-06,Pending
T09546,89,94,Withdrawal,1028318.71,2023-01-31,Completed
T09547,288,345,Transfer,328107.57,2022-12-14,Completed
T09548,297,117,Deposit,1280335.38,2024-12-10,Completed
T09549,41,389,Deposit,977856.03,2023-03-21,Completed
T09550,428,412,Withdrawal,264737.61,2024-12-06,Completed
T09551,188,370,Withdrawal,883504.52,2024-07-26,Failed
T09552,207,317,Transfer,492268.56,2024-07-07,Pending
T09553,193,449,Withdrawal,3741565.65,2023-02-28,Pending
T09554,462,205,Transfer,2009489.29,2024-09-25,Pending
T09555,11,435,Deposit,247825.28,2025-07-27,Pending
T09556,374,112,Transfer,2004392.37,2025-03-06,Failed
T09557,454,585,Transfer,810768.97,2023-11-02,Completed
T09558,423,424,Deposit,1068109.9,2024-04-09,Pending
T09559,223,323,Withdrawal,2193503.05,2023-11-04,Pending
T09560,207,549,Withdrawal,2007978.93,2025-04-01,Completed
T09561,223,657,Transfer,180548.97,2023-02-09,Completed
T09562,361,277,Transfer,2902477.35,2024-11-25,Completed
T09563,379,197,Withdrawal,975073.25,2022-10-30,Failed
T09564,388,380,Withdrawal,4127560.15,2023-03-30,Failed
T09565,41,58,Withdrawal,4745081.83,2025-07-28,Failed
T09566,65,644,Transfer,2627747.49,2024-09-23,Completed
T09567,250,521,Deposit,672458.47,2023-07-10,Pending
T09568,89,324,Deposit,1745780.42,2023-07-15,Failed
T09569,74,682,Deposit,1172025.65,2024-06-06,Failed
T09570,477,462,Withdrawal,1804200.3,2022-12-14,Pending
T09571,274,135,Transfer,542911.91,2023-02-11,Failed
T09572,108,485,Bill Payment,48916.83,2024-07-12,Pending
T09573,217,293,Transfer,1696698.5,2025-10-03,Pending
T09574,273,602,Withdrawal,170585.45,2024-01-10,Pending
T09575,288,290,Deposit,98093.27,2024-02-04,Completed
T09576,455,396,Withdrawal,1951482.9,2025-04-04,Failed
T09577,339,445,Withdrawal,4801450.07,2024-09-10,Failed
T09578,409,469,Transfer,2418779.16,2025-08-11,Completed
T09579,324,509,Bill Payment,59409.91,2024-09-02,Failed
T09580,228,361,Transfer,1959847.41,2025-05-31,Pending
T09581,138,22,Deposit,279857.26,2023-11-20,Completed
T09582,208,261,Deposit,935843.04,2024-03-18,Pending
T09583,466,260,Transfer,2193551.34,2023-07-22,Failed
T09584,37,446,Deposit,185613.42,2023-08-28,Pending
T09585,393,62,Withdrawal,707535.91,2023-07-19,Failed
T09586,336,259,Bill Payment,3205.1,2023-02-03,Failed
T09587,189,147,Bill Payment,95224.7,2025-04-30,Pending
T09588,72,685,Deposit,1413469.8,2023-11-11,Pending
T09589,92,207,Deposit,1371432.51,2025-08-16,Completed
T09590,259,223,Withdrawal,1859293.06,2023-03-19,Failed
T09591,422,237,Transfer,739952.59,2024-08-08,Failed
T09592,360,612,Transfer,2843232.07,2025-01-12,Completed
T09593,82,471,Transfer,466304.66,2022-11-01,Completed
T09594,357,438,Deposit,1572823.17,2022-10-14,Pending
T09595,477,606,Transfer,1709941.49,2024-06-09,Failed
T09596,75,269,Transfer,2779404.96,2023-04-04,Pending
T09597,194,620,Transfer,2133907.66,2022-10-25,Pending
T09598,68,468,Deposit,347014.8,2023-06-28,Failed
T09599,220,198,Deposit,986276.51,2025-07-19,Pending
T09600,420,698,Withdrawal,2197804.97,2024-10-15,Completed
T09601,56,542,Withdrawal,664481.06,2024-09-18,Completed
T09602,463,700,Transfer,2706753.86,2025-09-13,Completed
T09603,121,219,Withdrawal,1971297.31,2024-06-25,Failed
T09604,397,133,Bill Payment,38807.54,2025-07-22,Pending
T09605,256,419,Transfer,2131621.02,2025-04-26,Failed
T09606,313,284,Deposit,556690.8,2024-10-30,Pending
T09607,288,345,Transfer,298347.71,2024-01-18,Completed
T09608,43,566,Bill Payment,23217.49,2025-05-22,Completed
T09609,42,126,Deposit,700754.93,2025-05-20,Completed
T09610,274,135,Withdrawal,190267.4,2024-04-17,Failed
T09611,233,299,Transfer,1763193.78,2025-09-11,Completed
T09612,296,539,Withdrawal,2212324.59,2025-08-16,Pending
T09613,143,503,Bill Payment,79479.49,2025-09-11,Completed
T09614,300,212,Withdrawal,1592409.53,2025-08-18,Pending
T09615,259,223,Withdrawal,4099777.92,2024-06-09,Pending
T09616,93,199,Withdrawal,3577542.41,2024-01-18,Failed
T09617,388,222,Bill Payment,76996.69,2023-02-18,Failed
T09618,35,192,Deposit,1649831.18,2023-04-17,Pending
T09619,228,123,Deposit,24333.05,2023-05-02,Pending
T09620,216,2,Bill Payment,44158.16,2022-10-26,Completed
T09621,151,70,Transfer,581533.27,2023-07-28,Failed
T09622,126,642,Transfer,2861301.1,2023-03-27,Failed
T09623,422,535,Bill Payment,95645.69,2022-10-29,Failed
T09624,353,683,Bill Payment,97127.94,2025-09-20,Pending
T09625,388,222,Bill Payment,6921.49,2023-07-24,Pending
T09626,48,488,Withdrawal,557882.12,2022-11-15,Completed
T09627,93,365,Withdrawal,22502.79,2023-08-26,Failed
T09628,7,573,Withdrawal,328401.22,2024-10-21,Pending
T09629,133,228,Deposit,1330698.71,2025-07-08,Failed
T09630,440,371,Deposit,952880.95,2023-05-18,Completed
T09631,124,239,Bill Payment,44984.29,2025-07-10,Completed
T09632,58,108,Withdrawal,3061891.56,2023-10-15,Completed
T09633,67,282,Deposit,1484282.59,2024-08-11,Failed
T09634,340,349,Deposit,1787500.07,2025-06-03,Completed
T09635,332,465,Transfer,1819808.32,2025-01-18,Failed
T09636,251,28,Withdrawal,2060462.47,2023-07-28,Failed
T09637,475,19,Deposit,1215187.35,2023-02-15,Pending
T09638,174,155,Withdrawal,138568.45,2024-01-15,Failed
T09639,65,644,Bill Payment,8630.61,2024-09-23,Completed
T09640,8,125,Transfer,1041835.2,2023-05-23,Completed
T09641,357,611,Transfer,1710919.2,2024-10-10,Completed
T09642,274,135,Withdrawal,1049315.35,2024-07-21,Pending
T09643,462,636,Bill Payment,94613.02,2022-11-07,Completed
T09644,372,472,Transfer,1336716.53,2023-04-03,Failed
T09645,481,31,Withdrawal,837582.29,2023-06-20,Completed
T09646,69,565,Deposit,1588834.26,2023-05-29,Completed
T09647,194,620,Transfer,2816907.51,2025-09-30,Pending
T09648,288,345,Deposit,339015.37,2024-08-26,Failed
T09649,71,287,Deposit,1893660.35,2024-10-27,Completed
T09650,343,49,Bill Payment,51372.36,2024-10-06,Failed
T09651,254,434,Bill Payment,64997.63,2022-11-04,Failed
T09652,393,497,Transfer,1022355.05,2024-09-02,Failed
T09653,17,347,Deposit,1175608.13,2025-04-01,Failed
T09654,218,100,Transfer,1006106.3,2023-10-16,Pending
T09655,256,634,Bill Payment,17679.95,2023-08-13,Completed
T09656,63,401,Bill Payment,62240.25,2024-01-06,Failed
T09657,188,403,Withdrawal,2227119.84,2025-03-07,Failed
T09658,205,440,Transfer,313599.79,2024-06-04,Completed
T09659,379,295,Withdrawal,197761.22,2022-12-23,Completed
T09660,132,667,Transfer,2296416.18,2024-03-06,Pending
T09661,97,48,Transfer,2720041.49,2022-10-17,Completed
T09662,470,109,Bill Payment,87686.5,2023-03-13,Pending
T09663,154,679,Withdrawal,4645405.39,2025-06-10,Failed
T09664,92,207,Transfer,320304.24,2024-08-05,Failed
T09665,417,387,Bill Payment,25715.33,2024-07-11,Completed
T09666,401,453,Bill Payment,56407.62,2024-11-13,Failed
T09667,121,369,Transfer,1339832.66,2025-03-21,Failed
T09668,404,78,Deposit,109675.48,2025-04-17,Failed
T09669,388,448,Bill Payment,64146.53,2025-02-12,Pending
T09670,25,297,Deposit,1008255.43,2023-12-30,Failed
T09671,219,242,Bill Payment,53843.71,2022-12-01,Pending
T09672,388,222,Bill Payment,47323.69,2024-10-31,Completed
T09673,476,164,Transfer,1725185.52,2024-06-16,Completed
T09674,60,442,Transfer,1069444.15,2024-10-29,Failed
T09675,360,612,Withdrawal,4631584.56,2024-12-10,Pending
T09676,327,253,Bill Payment,54703.52,2025-04-10,Pending
T09677,243,451,Deposit,585804.48,2025-05-11,Pending
T09678,65,644,Withdrawal,1945502.36,2025-08-24,Completed
T09679,422,522,Bill Payment,37389.66,2024-10-31,Failed
T09680,332,183,Bill Payment,90003.51,2023-09-30,Failed
T09681,270,143,Deposit,1667441.87,2023-01-07,Completed
T09682,72,685,Withdrawal,2348645.15,2025-01-02,Completed
T09683,46,351,Bill Payment,11869.2,2022-11-03,Pending
T09684,383,399,Bill Payment,99023.47,2024-07-21,Completed
T09685,483,159,Withdrawal,25293.46,2025-03-18,Failed
T09686,174,350,Bill Payment,66007.2,2024-02-07,Failed
T09687,35,358,Deposit,735136.66,2025-02-10,Completed
T09688,322,313,Withdrawal,1702755.7,2023-01-11,Pending
T09689,346,390,Deposit,14310.97,2023-11-25,Failed
T09690,305,1,Transfer,2750661.67,2025-07-08,Failed
T09691,248,218,Bill Payment,65371.01,2024-07-14,Completed
T09692,309,211,Deposit,404768.17,2024-10-09,Pending
T09693,265,75,Withdrawal,4109249.96,2023-04-04,Pending
T09694,17,347,Withdrawal,625924.33,2024-11-11,Failed
T09695,425,331,Bill Payment,73254.4,2025-05-29,Failed
T09696,344,274,Bill Payment,86587.71,2025-07-04,Pending
T09697,106,29,Bill Payment,80146.69,2024-03-26,Pending
T09698,14,46,Deposit,997689.98,2024-08-31,Pending
T09699,115,102,Transfer,2361644.8,2025-09-22,Completed
T09700,472,456,Deposit,1985735.18,2024-08-12,Pending
T09701,477,606,Deposit,1459278.94,2022-11-06,Failed
T09702,425,500,Transfer,2675265.66,2023-06-12,Pending
T09703,98,202,Bill Payment,56025.95,2023-12-26,Completed
T09704,163,677,Bill Payment,23912.32,2023-07-30,Failed
T09705,297,470,Bill Payment,18727.21,2024-10-02,Completed
T09706,47,367,Bill Payment,70816.5,2024-03-22,Pending
T09707,480,7,Transfer,765272.61,2024-08-15,Pending
T09708,492,514,Bill Payment,42965.35,2023-09-30,Failed
T09709,266,153,Transfer,2281058.64,2024-12-01,Failed
T09710,253,512,Transfer,201672.25,2023-09-11,Completed
T09711,334,501,Transfer,2647194.86,2025-04-04,Failed
T09712,59,66,Transfer,326926.77,2025-09-03,Failed
T09713,333,619,Bill Payment,17394.78,2024-03-14,Completed
T09714,173,265,Withdrawal,411706.6,2025-04-27,Completed
T09715,440,140,Withdrawal,3569071.78,2025-07-21,Failed
T09716,59,600,Withdrawal,614242.18,2024-10-01,Failed
T09717,226,25,Deposit,922321.43,2023-04-26,Completed
T09718,186,217,Withdrawal,3309423.84,2024-01-03,Completed
T09719,25,297,Transfer,2844251.79,2024-06-02,Pending
T09720,466,360,Bill Payment,45392.59,2024-07-13,Pending
T09721,321,73,Transfer,2490228.17,2025-08-15,Failed
T09722,334,273,Deposit,1468309.33,2025-07-14,Pending
T09723,224,666,Bill Payment,39119.72,2024-04-16,Pending
T09724,89,324,Bill Payment,54850.82,2024-10-07,Completed
T09725,357,591,Deposit,1783940.19,2023-06-13,Pending
T09726,191,318,Transfer,1320793.48,2025-05-27,Pending
T09727,267,504,Bill Payment,75208.36,2023-08-22,Pending
T09728,231,382,Bill Payment,71985.71,2023-12-17,Pending
T09729,29,411,Transfer,1442233.48,2025-09-11,Pending
T09730,97,48,Transfer,377603.94,2023-02-15,Failed
T09731,90,688,Transfer,2549679.68,2025-08-06,Completed
T09732,267,601,Bill Payment,31154.03,2024-10-24,Pending
T09733,490,190,Deposit,982277.38,2023-04-23,Completed
T09734,379,295,Bill Payment,52969.05,2023-07-01,Failed
T09735,128,572,Bill Payment,99607.21,2023-08-10,Pending
T09736,188,370,Transfer,2221331.67,2023-06-04,Completed
T09737,496,171,Deposit,862533.86,2025-05-02,Failed
T09738,351,568,Transfer,2077178.77,2024-11-07,Pending
T09739,347,622,Withdrawal,2974964.08,2023-03-10,Failed
T09740,43,479,Withdrawal,3227128.52,2024-07-12,Pending
T09741,473,283,Deposit,123876.09,2024-11-09,Pending
T09742,153,144,Transfer,1244949.3,2024-01-19,Pending
T09743,132,208,Deposit,491885.03,2023-10-04,Completed
T09744,182,264,Withdrawal,278992.95,2023-08-26,Completed
T09745,360,558,Withdrawal,4999123.23,2025-02-16,Completed
T09746,111,248,Deposit,1793727.09,2022-12-17,Completed
T09747,405,115,Transfer,2005917.43,2022-11-02,Pending
T09748,132,363,Transfer,1505551.54,2024-04-14,Pending
T09749,235,352,Bill Payment,32046.28,2023-11-14,Completed
T09750,25,297,Transfer,460862.38,2024-04-11,Pending
T09751,196,107,Transfer,224921.78,2025-08-21,Completed
T09752,71,422,Bill Payment,93646.62,2023-06-08,Pending
T09753,376,466,Withdrawal,1587588.82,2023-07-03,Pending
T09754,328,586,Withdrawal,3251184.42,2024-11-25,Pending
T09755,418,92,Withdrawal,1641564.35,2022-11-23,Pending
T09756,11,435,Bill Payment,97340.34,2023-01-11,Completed
T09757,445,673,Withdrawal,4039619.19,2024-03-12,Failed
T09758,93,589,Transfer,2131917.22,2024-08-03,Failed
T09759,388,551,Bill Payment,66463.02,2023-03-31,Completed
T09760,434,476,Withdrawal,1635776.76,2025-05-21,Failed
T09761,296,397,Deposit,1385154.95,2023-09-22,Failed
T09762,39,630,Deposit,1549939.51,2023-04-10,Failed
T09763,483,443,Withdrawal,1319421.19,2025-02-24,Pending
T09764,426,618,Transfer,1901644.9,2023-09-18,Pending
T09765,119,173,Withdrawal,1967278.49,2024-10-29,Failed
T09766,434,550,Transfer,412595.82,2023-11-09,Failed
T09767,440,371,Deposit,970750.14,2024-03-16,Failed
T09768,409,469,Withdrawal,2171101.46,2024-04-08,Failed
T09769,166,621,Deposit,181366.49,2022-12-16,Completed
T09770,274,135,Bill Payment,81337.7,2025-02-16,Failed
T09771,346,60,Transfer,2568256.85,2023-11-24,Failed
T09772,202,693,Withdrawal,4183585.27,2023-05-27,Completed
T09773,73,553,Bill Payment,15968.66,2025-09-11,Completed
T09774,206,128,Transfer,1911006.72,2024-12-13,Failed
T09775,38,43,Transfer,2697161.19,2025-04-30,Failed
T09776,400,392,Withdrawal,4131472.86,2025-08-10,Failed
T09777,24,278,Bill Payment,68893.93,2023-03-15,Completed
T09778,184,37,Deposit,781676.81,2022-12-22,Pending
T09779,269,418,Withdrawal,3161216.22,2024-08-15,Completed
T09780,294,617,Withdrawal,4927070.19,2024-09-14,Pending
T09781,29,38,Withdrawal,1440456.33,2023-03-26,Failed
T09782,274,135,Bill Payment,12909.85,2023-03-18,Completed
T09783,299,690,Deposit,1908841.85,2025-05-10,Completed
T09784,121,241,Deposit,1286588.39,2025-05-09,Pending
T09785,476,321,Transfer,197104.52,2023-03-12,Pending
T09786,476,164,Deposit,282716.09,2025-02-24,Pending
T09787,56,542,Transfer,569284.55,2022-12-09,Pending
T09788,429,51,Bill Payment,28073.98,2024-12-01,Completed
T09789,170,615,Withdrawal,3687768.77,2023-03-17,Completed
T09790,16,189,Deposit,1710009.86,2023-06-21,Failed
T09791,256,579,Bill Payment,2541.9,2025-06-09,Pending
T09792,361,277,Deposit,604908.68,2023-04-06,Completed
T09793,241,89,Deposit,1814643.74,2023-08-20,Completed
T09794,431,480,Bill Payment,9709.64,2024-04-18,Failed
T09795,82,179,Withdrawal,3388714.18,2023-06-05,Failed
T09796,111,248,Withdrawal,3782697.97,2024-01-01,Pending
T09797,73,487,Withdrawal,2448104.64,2024-08-20,Pending
T09798,235,352,Transfer,1322787.65,2024-11-28,Completed
T09799,193,449,Withdrawal,2219621.78,2024-11-17,Pending
T09800,481,231,Transfer,961811.69,2023-03-08,Failed
T09801,393,110,Transfer,1404724.09,2023-06-01,Completed
T09802,387,185,Bill Payment,40688.03,2025-07-06,Completed
T09803,28,348,Withdrawal,2900908.55,2024-04-22,Failed
T09804,199,131,Transfer,538106.67,2024-03-07,Failed
T09805,79,53,Withdrawal,4808636.03,2023-05-07,Pending
T09806,341,61,Deposit,415784.33,2023-04-14,Pending
T09807,133,228,Withdrawal,2847400.72,2023-08-14,Pending
T09808,131,162,Bill Payment,61911.14,2024-08-17,Failed
T09809,73,553,Transfer,1512987.43,2024-07-11,Pending
T09810,402,458,Bill Payment,18975.49,2022-10-15,Failed
T09811,256,579,Deposit,1662777.19,2023-10-21,Failed
T09812,333,619,Deposit,442484.06,2024-10-09,Completed
T09813,170,615,Deposit,296502.43,2024-03-18,Pending
T09814,65,355,Withdrawal,2837229.01,2023-12-24,Pending
T09815,223,323,Bill Payment,66828.96,2024-11-27,Completed
T09816,379,295,Withdrawal,422294.66,2023-06-28,Failed
T09817,418,92,Bill Payment,94047.21,2023-02-14,Completed
T09818,29,182,Deposit,1666549.95,2023-11-22,Failed
T09819,63,401,Transfer,1794320.96,2024-05-05,Completed
T09820,400,4,Transfer,2502563.62,2024-07-10,Completed
T09821,484,404,Transfer,2629718.74,2024-04-17,Pending
T09822,344,274,Transfer,753314.73,2025-06-08,Completed
T09823,308,577,Bill Payment,58865.12,2025-08-03,Pending
T09824,474,151,Withdrawal,3450400.67,2023-10-21,Failed
T09825,56,8,Deposit,927045.39,2023-05-28,Completed
T09826,497,170,Bill Payment,39857.55,2025-01-04,Failed
T09827,234,245,Transfer,472053.08,2024-07-21,Failed
T09828,343,49,Bill Payment,92181.9,2023-09-24,Pending
T09829,72,685,Bill Payment,10731.71,2023-05-07,Failed
T09830,489,224,Withdrawal,2702494.71,2024-08-01,Pending
T09831,489,224,Deposit,29022.33,2024-07-08,Failed
T09832,118,45,Deposit,1331370.17,2024-07-01,Completed
T09833,88,650,Withdrawal,1711190.33,2024-09-16,Failed
T09834,11,435,Bill Payment,93189.54,2024-12-14,Pending
T09835,149,291,Bill Payment,37030.64,2025-08-29,Pending
T09836,181,124,Bill Payment,16653.28,2024-04-18,Failed
T09837,207,317,Bill Payment,65456.83,2022-11-20,Completed
T09838,25,297,Transfer,2410374.34,2024-08-22,Failed
T09839,388,222,Withdrawal,919868.69,2023-05-19,Pending
T09840,414,388,Transfer,1945697.43,2022-10-20,Failed
T09841,423,424,Transfer,2814854.23,2024-12-16,Completed
T09842,230,343,Transfer,2245819.17,2023-01-21,Failed
T09843,86,206,Transfer,363701.78,2023-02-13,Pending
T09844,45,507,Withdrawal,1568597.25,2024-03-13,Completed
T09845,121,528,Transfer,325121.74,2024-02-06,Failed
T09846,253,512,Bill Payment,56931.25,2024-06-19,Pending
T09847,185,368,Transfer,2739400.82,2023-06-17,Pending
T09848,218,336,Bill Payment,1359.44,2024-08-09,Failed
T09849,123,235,Withdrawal,2239068.87,2023-01-08,Pending
T09850,284,158,Withdrawal,2847275.12,2024-06-06,Pending
T09851,318,279,Transfer,1912464.15,2022-12-01,Completed
T09852,84,9,Withdrawal,920873.92,2025-07-26,Completed
T09853,214,334,Deposit,1464839.21,2025-06-27,Pending
T09854,341,362,Bill Payment,91789.13,2023-05-27,Failed
T09855,278,378,Withdrawal,2266342.56,2025-03-15,Completed
T09856,320,236,Bill Payment,39710.23,2023-01-02,Completed
T09857,499,280,Deposit,569838.01,2025-06-12,Pending
T09858,181,315,Withdrawal,288030.82,2025-07-26,Failed
T09859,310,484,Deposit,1090473.98,2024-12-20,Completed
T09860,395,499,Withdrawal,895510.31,2024-01-07,Failed
T09861,189,147,Deposit,32773.89,2024-07-17,Completed
T09862,440,371,Withdrawal,1557674.65,2024-06-20,Failed
T09863,367,195,Withdrawal,831811.76,2025-08-27,Failed
T09864,287,379,Deposit,174354.96,2025-09-27,Failed
T09865,441,684,Transfer,1703513.55,2025-02-11,Completed
T09866,463,571,Transfer,77218.78,2024-01-20,Pending
T09867,183,694,Transfer,594810.56,2024-02-04,Completed
T09868,441,559,Bill Payment,53895.85,2024-03-22,Completed
T09869,196,676,Transfer,2254697.24,2022-10-17,Pending
T09870,409,469,Deposit,101069.73,2023-12-13,Pending
T09871,376,518,Withdrawal,1554208.6,2025-01-01,Pending
T09872,60,442,Bill Payment,37790.85,2025-05-10,Pending
T09873,214,576,Withdrawal,2157716.58,2023-05-21,Failed
T09874,286,5,Transfer,631479.65,2025-09-26,Pending
T09875,376,518,Withdrawal,4394103.22,2024-06-23,Failed
T09876,93,365,Deposit,1058990.34,2024-08-28,Pending
T09877,406,594,Withdrawal,1671655.19,2025-07-01,Failed
T09878,357,438,Withdrawal,2854749.6,2023-08-19,Completed
T09879,417,387,Bill Payment,56599.99,2025-01-27,Completed
T09880,184,216,Withdrawal,1637644.71,2025-05-31,Failed
T09881,100,163,Bill Payment,24580.26,2025-05-22,Pending
T09882,242,423,Withdrawal,2368409.56,2025-07-13,Completed
T09883,350,699,Transfer,1402840.77,2024-08-21,Completed
T09884,227,689,Withdrawal,1267323.24,2025-09-22,Pending
T09885,419,441,Bill Payment,39835.98,2024-03-24,Completed
T09886,341,362,Deposit,1874713.52,2025-07-08,Pending
T09887,445,614,Bill Payment,8784.72,2024-06-24,Completed
T09888,414,388,Bill Payment,16963.76,2023-08-07,Failed
T09889,455,396,Bill Payment,94270.39,2024-01-16,Failed
T09890,388,174,Transfer,2915604.06,2023-02-12,Failed
T09891,208,261,Deposit,1507946.13,2022-12-01,Failed
T09892,224,666,Transfer,250612.55,2025-01-16,Pending
T09893,145,637,Transfer,1251555.21,2024-03-07,Completed
T09894,320,236,Transfer,819581.51,2024-06-01,Failed
T09895,498,554,Withdrawal,3477320.82,2023-04-18,Completed
T09896,247,104,Withdrawal,2722733.11,2024-12-21,Completed
T09897,473,405,Withdrawal,1340008,2025-01-22,Pending
T09898,59,600,Deposit,1609099.69,2023-12-20,Failed
T09899,280,209,Bill Payment,96559.06,2023-09-02,Failed
T09900,159,254,Deposit,182572.36,2023-02-26,Failed
T09901,131,162,Withdrawal,4651969.06,2024-12-07,Completed
T09902,259,79,Bill Payment,21584.62,2025-02-08,Failed
T09903,303,376,Withdrawal,156365.87,2024-02-02,Failed
T09904,491,157,Withdrawal,2900121.06,2024-12-22,Pending
T09905,305,156,Withdrawal,366907.63,2024-03-17,Completed
T09906,459,249,Bill Payment,63752.26,2025-06-18,Failed
T09907,259,223,Deposit,582532.02,2023-06-10,Completed
T09908,259,608,Withdrawal,398667.88,2022-11-10,Pending
T09909,324,47,Withdrawal,1222786.98,2022-11-17,Failed
T09910,7,610,Bill Payment,48442.26,2025-01-20,Completed
T09911,162,116,Withdrawal,3112503.28,2025-04-12,Failed
T09912,475,19,Withdrawal,489318.34,2023-11-10,Pending
T09913,381,498,Transfer,1196859.49,2023-10-14,Failed
T09914,168,15,Deposit,1398462.92,2024-01-20,Failed
T09915,58,108,Deposit,1902459.36,2024-07-22,Pending
T09916,46,351,Withdrawal,4104322.8,2024-11-27,Completed
T09917,216,302,Transfer,1589032.75,2023-03-25,Pending
T09918,489,224,Bill Payment,11461.88,2023-01-06,Completed
T09919,476,321,Transfer,2156488.63,2024-05-06,Pending
T09920,37,446,Deposit,227576.36,2023-11-12,Failed
T09921,346,60,Bill Payment,1178.4,2025-06-04,Pending
T09922,372,145,Withdrawal,4530661.9,2024-12-01,Pending
T09923,242,55,Deposit,1246677.52,2024-04-07,Failed
T09924,472,533,Deposit,1722164.61,2023-04-15,Failed
T09925,92,207,Transfer,1881484.85,2022-12-18,Failed
T09926,223,657,Deposit,357853.06,2025-07-12,Completed
T09927,344,172,Deposit,761188.86,2023-04-16,Failed
T09928,201,13,Deposit,749628.45,2024-09-01,Failed
T09929,175,220,Withdrawal,1327227.83,2024-01-10,Completed
T09930,267,560,Withdrawal,695022.96,2025-03-12,Failed
T09931,162,359,Withdrawal,3557282.82,2022-10-13,Pending
T09932,289,165,Transfer,443092.54,2024-09-07,Completed
T09933,153,168,Deposit,440875,2024-03-14,Completed
T09934,388,448,Bill Payment,56443.55,2023-10-06,Failed
T09935,304,298,Withdrawal,2646131.65,2025-03-26,Failed
T09936,384,221,Withdrawal,4452796.35,2025-03-01,Pending
T09937,394,696,Deposit,203477.14,2025-06-06,Completed
T09938,29,411,Bill Payment,50603.11,2025-08-03,Completed
T09939,199,444,Bill Payment,79487.08,2025-01-10,Failed
T09940,434,550,Bill Payment,73711.8,2025-04-17,Failed
T09941,56,8,Withdrawal,1599973.31,2023-10-03,Pending
T09942,19,194,Bill Payment,87479.82,2024-04-01,Completed
T09943,483,443,Bill Payment,23462.8,2024-01-12,Completed
T09944,166,175,Withdrawal,204938.58,2023-12-21,Failed
T09945,261,307,Deposit,966913.23,2025-08-06,Pending
T09946,421,214,Deposit,566185.06,2025-03-12,Failed
T09947,201,13,Transfer,2375926.66,2025-08-14,Completed
T09948,100,623,Transfer,2338029.32,2023-05-10,Completed
T09949,150,681,Transfer,82892.23,2024-05-13,Pending
T09950,84,328,Deposit,1055471.69,2024-12-20,Failed
T09951,84,328,Withdrawal,2739194.87,2023-10-24,Pending
T09952,375,502,Bill Payment,6322.25,2023-03-17,Pending
T09953,151,517,Transfer,1308773.7,2024-02-26,Failed
T09954,267,504,Deposit,1467806.19,2024-12-15,Failed
T09955,13,671,Withdrawal,4980947.2,2025-03-27,Failed
T09956,494,461,Bill Payment,27332.91,2023-07-31,Pending
T09957,447,42,Transfer,2801324.89,2024-04-18,Completed
T09958,183,330,Transfer,2153799.57,2024-09-09,Completed
T09959,315,87,Bill Payment,90286.72,2023-03-06,Pending
T09960,344,172,Bill Payment,64159.96,2023-05-20,Pending
T09961,459,249,Withdrawal,2742941.01,2024-07-27,Failed
T09962,98,27,Deposit,1693578.26,2024-07-06,Failed
T09963,219,242,Withdrawal,55399.98,2023-02-09,Completed
T09964,387,93,Withdrawal,316991.45,2023-02-25,Completed
T09965,207,262,Deposit,854641.72,2023-01-09,Completed
T09966,259,393,Deposit,146455.5,2024-07-26,Failed
T09967,357,611,Deposit,728071.54,2023-04-25,Completed
T09968,458,311,Deposit,802758.88,2024-10-13,Completed
T09969,189,68,Bill Payment,63839.88,2023-09-03,Pending
T09970,73,487,Deposit,1438170.95,2024-08-28,Pending
T09971,429,51,Bill Payment,27224.5,2023-02-03,Pending
T09972,243,451,Bill Payment,91244.68,2024-04-30,Failed
T09973,72,416,Withdrawal,3154145.65,2025-08-21,Completed
T09974,153,168,Transfer,2488461.95,2024-12-30,Pending
T09975,163,677,Deposit,616157.21,2024-06-21,Pending
T09976,414,557,Deposit,1880097.31,2025-04-05,Failed
T09977,62,674,Deposit,1155309.72,2025-02-19,Completed
T09978,481,103,Transfer,2462927.79,2024-12-19,Pending
T09979,401,417,Bill Payment,79593.26,2024-06-09,Pending
T09980,434,476,Bill Payment,41667.68,2023-11-18,Completed
T09981,429,599,Transfer,388174.29,2025-03-30,Failed
T09982,69,409,Deposit,193318.35,2024-11-17,Completed
T09983,8,582,Withdrawal,3950950.07,2025-06-19,Pending
T09984,117,433,Transfer,993652.96,2024-07-23,Pending
T09985,250,478,Deposit,258308.17,2024-08-18,Completed
T09986,74,682,Withdrawal,2776038.99,2025-09-09,Pending
T09987,162,359,Withdrawal,1527363.09,2024-11-03,Failed
T09988,199,167,Bill Payment,46098.84,2024-07-13,Completed
T09989,425,331,Withdrawal,3642913.12,2023-06-14,Completed
T09990,122,633,Transfer,1908514.86,2023-05-17,Failed
T09991,63,187,Transfer,1572641.14,2024-11-28,Failed
T09992,262,486,Withdrawal,1804443.79,2023-04-20,Failed
T09993,494,511,Withdrawal,4892372.02,2024-10-27,Completed
T09994,245,635,Withdrawal,1075586.63,2024-09-15,Failed
T09995,28,348,Bill Payment,89185.74,2023-04-23,Failed
T09996,251,17,Withdrawal,3500438.68,2025-10-03,Pending
T09997,481,31,Withdrawal,2877055.71,2024-12-10,Pending
T09998,74,682,Bill Payment,19625.27,2025-01-03,Failed
T09999,56,542,Transfer,2297489.39,2023-04-06,Pending
T10000,198,547,Transfer,800068.12,2025-09-17,Failed
